origin,as_of,revenue_bn_twd,log_last_revenue,log_mean3,log_mean12,log_lag12_revenue,log_yoy_growth,time_trend,financial_year,financial_period_end,financial_available_at,financial_availability_policy,financial_source,financial_raw_file,financial_source_url,fin_gross_margin_pct,fin_operating_margin_pct,fin_inventory_asset_ratio,fin_ppe_asset_ratio,fin_ar_asset_ratio
2013-01-01,2013-02-16,1.048274,0.04714500210833479,,,,,0.0,,,,,,,,,,,,
2013-02-01,2013-03-16,0.832778,-0.1829881789371309,,,,,0.01,,,,,,,,,,,,
2013-03-01,2013-04-16,1.104024,0.09896168674904679,-0.012293830026583111,,,,0.02,,,,,,,,,,,,
2013-04-01,2013-05-16,1.16738,0.1547619215523962,0.023578476454770694,,,,0.03,,,,,,,,,,,,
2013-05-01,2013-06-16,0.999975,-2.500031250526119e-05,0.08456620266297925,,,,0.04,,,,,,,,,,,,
2013-06-01,2013-07-16,0.858164,-0.15296005556837367,0.0005922885571724249,,,,0.05,,,,,,,,,,,,
2013-07-01,2013-08-16,0.986458,-0.01363452918504773,-0.05553986168864222,,,,0.06,,,,,,,,,,,,
2013-08-01,2013-09-16,1.015886,0.015761138136459754,-0.05027781553898721,,,,0.07,,,,,,,,,,,,
2013-09-01,2013-10-16,0.985834,-0.014267295551103475,-0.004046895533230483,,,,0.08,,,,,,,,,,,,
2013-10-01,2013-11-16,0.973109,-0.027259178404444803,-0.008588445273029507,,,,0.09,,,,,,,,,,,,
2013-11-01,2013-12-16,0.971938,-0.028463262564342395,-0.02332991217329689,,,,0.1,,,,,,,,,,,,
2013-12-01,2014-01-16,1.036293,0.03564992238448745,-0.006690839528099918,-0.00560981913268527,,,0.11,,,,,,,,,,,,
2014-01-01,2014-02-16,1.127227,0.11976063447372935,0.04231576476462481,0.0004414835644309424,0.04714500210833479,0.07261563236539456,0.12,,,,,,,,,,,,
2014-02-01,2014-03-16,0.882362,-0.12515287634004124,0.010085893506058522,0.005261092114188413,-0.1829881789371309,0.05783530259708966,0.13,,,,,,,,,,,,
2014-03-01,2014-04-16,1.037649,0.03695757726897868,0.010521778467555599,9.408299084940595e-05,0.09896168674904679,-0.06200410948006811,0.14,,,,,,,,,,,,
2014-04-01,2014-05-16,1.122932,0.11594312183034511,0.009249274253094186,-0.0031408169859881846,0.1547619215523962,-0.0388187997220511,0.15,,,,,,,,,,,,
2014-05-01,2014-06-16,1.132155,0.12412289620256317,0.09234119843396232,0.007204841056934186,-2.500031250526119e-05,0.12414789651506843,0.16,,,,,,,,,,,,
2014-06-01,2014-07-16,1.093287,0.08918875478118721,0.10975159093803183,0.027383908586064255,-0.15296005556837367,0.24214881034956087,0.17,,,,,,,,,,,,
2014-07-01,2014-08-16,1.215641,0.19527150969178378,0.1361943868918447,0.04479274515913354,-0.01363452918504773,0.2089060388768315,0.18,,,,,,,,,,,,
2014-08-01,2014-09-16,1.168909,0.15607083514852843,0.14684369987383314,0.05648521991013927,0.015761138136459754,0.1403096970120687,0.19,,,,,,,,,,,,
2014-09-01,2014-10-16,1.159237,0.14776203007947636,0.16636812497326284,0.0699876637126876,-0.014267295551103475,0.16202932563057984,0.2,,,,,,,,,,,,
2014-10-01,2014-11-16,1.204861,0.1863642075918888,0.16339902427329786,0.08778961254571539,-0.027259178404444803,0.2136233859963336,0.21,,,,,,,,,,,,
2014-11-01,2014-12-16,1.128626,0.12100096367900438,0.15170906711678986,0.10024496473266097,-0.028463262564342395,0.14946422624334676,0.22,,,,,,,,,,,,
2014-12-01,2015-01-16,1.135136,0.12675246754361544,0.14470587960483622,0.10783684349592161,0.03564992238448745,0.091102545159128,0.23,,,,,,,,,,,,
2015-01-01,2015-02-16,1.210765,0.19125239123953164,0.14633527415405048,0.1137944898930718,0.11976063447372935,0.07149175676580229,0.24,,,,,,,,,,,,
2015-02-01,2015-03-16,0.929907,-0.07267069783516875,0.08177805364932612,0.11816800476847784,-0.12515287634004124,0.052482178504872495,0.25,,,,,,,,,,,,
2015-03-01,2015-04-16,1.052153,0.05083854100290211,0.056473411469088346,0.1193247517463048,0.03695757726897868,0.013880963733923432,0.26,,,,,,,,,,,,
2015-04-01,2015-05-16,0.985165,-0.014946139148376966,-0.012259431993547858,0.1084173133314113,0.11594312183034511,-0.13088926097872208,0.27,,,,,,,,,,,,
2015-05-01,2015-06-16,1.011793,0.011724004488453716,0.01587213544765963,0.09905073902190219,0.12412289620256317,-0.11239889171410945,0.28,,,,,,,,,,,,
2015-06-01,2015-07-16,0.990189,-0.009859444983413884,-0.004360526547779035,0.09079672237485208,0.08918875478118721,-0.0990481997646011,0.29,,,,,,,,,,,,
2015-07-01,2015-08-16,1.115975,0.10972846227451152,0.03719767392651713,0.0836681350900794,0.19527150969178378,-0.08554304741727226,0.3,,,,,,,,,,,,
2015-08-01,2015-09-16,1.204991,0.186472098035058,0.09544703844205188,0.08620157366395687,0.15607083514852843,0.030401262886529556,0.31,,,,,,,,,,,,
2015-09-01,2015-10-16,1.175102,0.16135495233911995,0.15251850421622984,0.08733431718559381,0.14776203007947636,0.013592922259643592,0.32,,,,,,,,,,,,
2015-10-01,2015-11-16,1.054928,0.05347251815363765,0.13376652284260518,0.07626000973240622,0.1863642075918888,-0.13289168943825114,0.33,,,,,,,,,,,,
2015-11-01,2015-12-16,1.07318,0.07062620354029657,0.09515122467768472,0.07206211305418057,0.12100096367900438,-0.050374760138707814,0.34,,,,,,,,,,,,
2015-12-01,2016-01-16,1.116461,0.11016386110133357,0.07808752759842259,0.07067972918399042,0.12675246754361544,-0.01658860644228187,0.35,,,,,,,,,,,,
2016-01-01,2016-02-16,1.099012,0.09441159437916082,0.09173388634026365,0.06260966277895952,0.19125239123953164,-0.09684079686037082,0.36,,,,,,,,,,,,
2016-02-01,2016-03-16,0.923976,-0.07906918170375775,0.04183542459224554,0.06207645578991044,-0.07267069783516875,-0.006398483868589003,0.37,,,,,,,,,,,,
2016-03-01,2016-04-16,1.185895,0.17049776377262407,0.06194672548267571,0.07204805768738727,0.05083854100290211,0.11965922276972196,0.38,,,,,,,,,,,,
2016-04-01,2016-05-16,1.16308,0.15107165878899628,0.08083341361928753,0.08588287418216838,-0.014946139148376966,0.16601779793737326,0.39,,,,,,,,,,,,
2016-05-01,2016-06-16,1.133834,0.12560481011058885,0.14905807755740308,0.0953729413173463,0.011724004488453716,0.11388080562213514,0.4,,,,,,,,,,,,
2016-06-01,2016-07-16,1.028237,0.027845685208698786,0.10150738470276131,0.09851503550002237,-0.009859444983413884,0.03770513019211267,0.41,,,,,,,,,,,,
2016-07-01,2016-08-16,1.087644,0.08401388900787311,0.07915479477572025,0.09637215439446917,0.10972846227451152,-0.02571457326663841,0.42,,,,,,,,,,,,
2016-08-01,2016-09-16,1.167878,0.155188426895745,0.08901600037077229,0.0937651817995264,0.186472098035058,-0.03128367113931299,0.43,,,,,,,,,,,,
2016-09-01,2016-10-16,1.109498,0.10390766077509694,0.11436999222623834,0.08897790750252449,0.16135495233911995,-0.057447291564023006,0.44,,,,,,,,,,,,
2016-10-01,2016-11-16,1.087649,0.08401848608973753,0.11437152458685983,0.0915234048305328,0.05347251815363765,0.03054596793609988,0.45,,,,,,,,,,,,
2016-11-01,2016-12-16,1.225664,0.2034827379619574,0.13046962827559727,0.10259478269900456,0.07062620354029657,0.13285653442166084,0.46,,,,,,,,,,,,
2016-12-01,2017-01-16,1.211943,0.19222485683822124,0.15990869362997204,0.10943319901041186,0.11016386110133357,0.08206099573688767,0.47,,,,,,,,,,,,
2017-01-01,2017-02-16,1.253293,0.22577448736481492,0.20716069405499785,0.12038010675921636,0.09441159437916082,0.13136289298565412,0.48,,,,,,,,,,,,
2017-02-01,2017-03-16,1.294898,0.25843192757065225,0.22547709059122947,0.14850519919875052,-0.07906918170375775,0.33750110927441,0.49,,,,,,,,,,,,
2017-03-01,2017-04-16,1.425661,0.354635565820107,0.2796139935851914,0.1638500160360408,0.17049776377262407,0.18413780204748295,0.5,,,,,,,,,,,,
2017-04-01,2017-05-16,1.254519,0.22675223218593368,0.27993990852556433,0.17015673048578558,0.15107165878899628,0.0756805733969374,0.51,,,,,,,,,,,,
2017-05-01,2017-06-16,1.302382,0.2641948955318122,0.281860897845951,0.1817059042708875,0.12560481011058885,0.13859008542122334,0.52,,,,,,,,,,,,
2017-06-01,2017-07-16,1.276749,0.24431700330661746,0.24508804367478776,0.19974518077904738,0.027845685208698786,0.21647131809791867,0.53,2016.0,2016-12-31,2017-07-01,next_year_july_1_proxy_not_actual_release,data/processed/TUC_6274_assignment_historical_2016_2025.csv,data/raw/mops_financials/6274_2016_Q4_C.html,https://mopsov.twse.com.tw/server-java/t164sb01?step=1&CO_ID=6274&SYEAR=2016&SSEASON=4&REPORT_ID=C,20.0340069585899,9.064613444825335,0.13302521144166016,0.24541935170627432,0.3676552536081829
2017-07-01,2017-08-16,1.272968,0.24135118178877601,0.24995436020906855,0.2128566218441226,0.08401388900787311,0.15733729278090292,0.54,2016.0,2016-12-31,2017-07-01,next_year_july_1_proxy_not_actual_release,data/processed/TUC_6274_assignment_historical_2016_2025.csv,data/raw/mops_financials/6274_2016_Q4_C.html,https://mopsov.twse.com.tw/server-java/t164sb01?step=1&CO_ID=6274&SYEAR=2016&SSEASON=4&REPORT_ID=C,20.0340069585899,9.064613444825335,0.13302521144166016,0.24541935170627432,0.3676552536081829
2017-08-01,2017-09-16,1.398728,0.3355632521914414,0.27374381242894497,0.22788785728543068,0.155188426895745,0.1803748252956964,0.55,2016.0,2016-12-31,2017-07-01,next_year_july_1_proxy_not_actual_release,data/processed/TUC_6274_assignment_historical_2016_2025.csv,data/raw/mops_financials/6274_2016_Q4_C.html,https://mopsov.twse.com.tw/server-java/t164sb01?step=1&CO_ID=6274&SYEAR=2016&SSEASON=4&REPORT_ID=C,20.0340069585899,9.064613444825335,0.13302521144166016,0.24541935170627432,0.3676552536081829
2017-09-01,2017-10-16,1.380656,0.3225587485390799,0.29982439417309914,0.2461087812657626,0.10390766077509694,0.21865108776398295,0.56,2016.0,2016-12-31,2017-07-01,next_year_july_1_proxy_not_actual_release,data/processed/TUC_6274_assignment_historical_2016_2025.csv,data/raw/mops_financials/6274_2016_Q4_C.html,https://mopsov.twse.com.tw/server-java/t164sb01?step=1&CO_ID=6274&SYEAR=2016&SSEASON=4&REPORT_ID=C,20.0340069585899,9.064613444825335,0.13302521144166016,0.24541935170627432,0.3676552536081829
2017-10-01,2017-11-16,1.343151,0.2950183460681335,0.31771344893288495,0.2636921029306289,0.08401848608973753,0.21099985997839596,0.57,2016.0,2016-12-31,2017-07-01,next_year_july_1_proxy_not_actual_release,data/processed/TUC_6274_assignment_historical_2016_2025.csv,data/raw/mops_financials/6274_2016_Q4_C.html,https://mopsov.twse.com.tw/server-java/t164sb01?step=1&CO_ID=6274&SYEAR=2016&SSEASON=4&REPORT_ID=C,20.0340069585899,9.064613444825335,0.13302521144166016,0.24541935170627432,0.3676552536081829
2017-11-01,2017-12-16,1.444946,0.3680719506238961,0.3285496817437032,0.27740787065245714,0.2034827379619574,0.16458921266193868,0.58,2016.0,2016-12-31,2017-07-01,next_year_july_1_proxy_not_actual_release,data/processed/TUC_6274_assignment_historical_2016_2025.csv,data/raw/mops_financials/6274_2016_Q4_C.html,https://mopsov.twse.com.tw/server-java/t164sb01?step=1&CO_ID=6274&SYEAR=2016&SSEASON=4&REPORT_ID=C,20.0340069585899,9.064613444825335,0.13302521144166016,0.24541935170627432,0.3676552536081829
2017-12-01,2018-01-16,1.455755,0.3755246663848696,0.3462049876922997,0.2926828547813445,0.19222485683822124,0.18329980954664835,0.59,2016.0,2016-12-31,2017-07-01,next_year_july_1_proxy_not_actual_release,data/processed/TUC_6274_assignment_historical_2016_2025.csv,data/raw/mops_financials/6274_2016_Q4_C.html,https://mopsov.twse.com.tw/server-java/t164sb01?step=1&CO_ID=6274&SYEAR=2016&SSEASON=4&REPORT_ID=C,20.0340069585899,9.064613444825335,0.13302521144166016,0.24541935170627432,0.3676552536081829
2018-01-01,2018-02-16,1.545301,0.4352187133808387,0.39293844346320145,0.31013654028267984,0.22577448736481492,0.20944422601602375,0.6,2016.0,2016-12-31,2017-07-01,next_year_july_1_proxy_not_actual_release,data/processed/TUC_6274_assignment_historical_2016_2025.csv,data/raw/mops_financials/6274_2016_Q4_C.html,https://mopsov.twse.com.tw/server-java/t164sb01?step=1&CO_ID=6274&SYEAR=2016&SSEASON=4&REPORT_ID=C,20.0340069585899,9.064613444825335,0.13302521144166016,0.24541935170627432,0.3676552536081829
2018-02-01,2018-03-16,1.293042,0.25699758186078014,0.3559136538754961,0.31001701147352384,0.25843192757065225,-0.001434345709872109,0.61,2016.0,2016-12-31,2017-07-01,next_year_july_1_proxy_not_actual_release,data/processed/TUC_6274_assignment_historical_2016_2025.csv,data/raw/mops_financials/6274_2016_Q4_C.html,https://mopsov.twse.com.tw/server-java/t164sb01?step=1&CO_ID=6274&SYEAR=2016&SSEASON=4&REPORT_ID=C,20.0340069585899,9.064613444825335,0.13302521144166016,0.24541935170627432,0.3676552536081829
2018-03-01,2018-04-16,1.598461,0.46904129134712014,0.3870858621962463,0.3195508219341082,0.354635565820107,0.11440572552701311,0.62,2016.0,2016-12-31,2017-07-01,next_year_july_1_proxy_not_actual_release,data/processed/TUC_6274_assignment_historical_2016_2025.csv,data/raw/mops_financials/6274_2016_Q4_C.html,https://mopsov.twse.com.tw/server-java/t164sb01?step=1&CO_ID=6274&SYEAR=2016&SSEASON=4&REPORT_ID=C,20.0340069585899,9.064613444825335,0.13302521144166016,0.24541935170627432,0.3676552536081829
2018-04-01,2018-05-16,1.568394,0.4500521658740167,0.392030346360639,0.33815914974144845,0.22675223218593368,0.223299933688083,0.63,2016.0,2016-12-31,2017-07-01,next_year_july_1_proxy_not_actual_release,data/processed/TUC_6274_assignment_historical_2016_2025.csv,data/raw/mops_financials/6274_2016_Q4_C.html,https://mopsov.twse.com.tw/server-java/t164sb01?step=1&CO_ID=6274&SYEAR=2016&SSEASON=4&REPORT_ID=C,20.0340069585899,9.064613444825335,0.13302521144166016,0.24541935170627432,0.3676552536081829
2018-05-01,2018-06-16,1.524766,0.42184095566290053,0.4469781376280125,0.35129632141903916,0.2641948955318122,0.15764606013108834,0.64,2016.0,2016-12-31,2017-07-01,next_year_july_1_proxy_not_actual_release,data/processed/TUC_6274_assignment_historical_2016_2025.csv,data/raw/mops_financials/6274_2016_Q4_C.html,https://mopsov.twse.com.tw/server-java/t164sb01?step=1&CO_ID=6274&SYEAR=2016&SSEASON=4&REPORT_ID=C,20.0340069585899,9.064613444825335,0.13302521144166016,0.24541935170627432,0.3676552536081829
2018-06-01,2018-07-16,1.483844,0.3946360179257577,0.4221763798208917,0.3638229059706342,0.24431700330661746,0.15031901461914024,0.65,2017.0,2017-12-31,2018-07-01,next_year_july_1_proxy_not_actual_release,data/processed/TUC_6274_assignment_historical_2016_2025.csv,data/raw/mops_financials/6274_2017_Q4_C.html,https://mopsov.twse.com.tw/server-java/t164sb01?step=1&CO_ID=6274&SYEAR=2017&SSEASON=4&REPORT_ID=C,20.72697799215324,8.328848203007462,0.16423799579968038,0.21325359818217243,0.43470519071371566
2018-07-01,2018-08-16,1.589952,0.46370382709720753,0.42672693356195524,0.38235229307967017,0.24135118178877601,0.22235264530843152,0.66,2017.0,2017-12-31,2018-07-01,next_year_july_1_proxy_not_actual_release,data/processed/TUC_6274_assignment_historical_2016_2025.csv,data/raw/mops_financials/6274_2017_Q4_C.html,https://mopsov.twse.com.tw/server-java/t164sb01?step=1&CO_ID=6274&SYEAR=2017&SSEASON=4&REPORT_ID=C,20.72697799215324,8.328848203007462,0.16423799579968038,0.21325359818217243,0.43470519071371566
2018-08-01,2018-09-16,1.562505,0.44629030262329955,0.43487671588208826,0.39157954728232497,0.3355632521914414,0.11072705043185815,0.67,2017.0,2017-12-31,2018-07-01,next_year_july_1_proxy_not_actual_release,data/processed/TUC_6274_assignment_historical_2016_2025.csv,data/raw/mops_financials/6274_2017_Q4_C.html,https://mopsov.twse.com.tw/server-java/t164sb01?step=1&CO_ID=6274&SYEAR=2017&SSEASON=4&REPORT_ID=C,20.72697799215324,8.328848203007462,0.16423799579968038,0.21325359818217243,0.43470519071371566
2018-09-01,2018-10-16,1.527367,0.4235453378963359,0.444513155872281,0.3999950963954297,0.3225587485390799,0.10098658935725602,0.68,2017.0,2017-12-31,2018-07-01,next_year_july_1_proxy_not_actual_release,data/processed/TUC_6274_assignment_historical_2016_2025.csv,data/raw/mops_financials/6274_2017_Q4_C.html,https://mopsov.twse.com.tw/server-java/t164sb01?step=1&CO_ID=6274&SYEAR=2017&SSEASON=4&REPORT_ID=C,20.72697799215324,8.328848203007462,0.16423799579968038,0.21325359818217243,0.43470519071371566
2018-10-01,2018-11-16,1.437967,0.36323031049589477,0.4110219836718434,0.40567942676440977,0.2950183460681335,0.06821196442776128,0.69,2017.0,2017-12-31,2018-07-01,next_year_july_1_proxy_not_actual_release,data/processed/TUC_6274_assignment_historical_2016_2025.csv,data/raw/mops_financials/6274_2017_Q4_C.html,https://mopsov.twse.com.tw/server-java/t164sb01?step=1&CO_ID=6274&SYEAR=2017&SSEASON=4&REPORT_ID=C,20.72697799215324,8.328848203007462,0.16423799579968038,0.21325359818217243,0.43470519071371566
2018-11-01,2018-12-16,1.401442,0.3375017065351742,0.37475911830913494,0.40313190642368296,0.3680719506238961,-0.030570244088721887,0.7,2017.0,2017-12-31,2018-07-01,next_year_july_1_proxy_not_actual_release,data/processed/TUC_6274_assignment_historical_2016_2025.csv,data/raw/mops_financials/6274_2017_Q4_C.html,https://mopsov.twse.com.tw/server-java/t164sb01?step=1&CO_ID=6274&SYEAR=2017&SSEASON=4&REPORT_ID=C,20.72697799215324,8.328848203007462,0.16423799579968038,0.21325359818217243,0.43470519071371566
2018-12-01,2019-01-16,1.251773,0.22456094633512574,0.30843098778873157,0.3905515964195376,0.3755246663848696,-0.15096372004974384,0.71,2017.0,2017-12-31,2018-07-01,next_year_july_1_proxy_not_actual_release,data/processed/TUC_6274_assignment_historical_2016_2025.csv,data/raw/mops_financials/6274_2017_Q4_C.html,https://mopsov.twse.com.tw/server-java/t164sb01?step=1&CO_ID=6274&SYEAR=2017&SSEASON=4&REPORT_ID=C,20.72697799215324,8.328848203007462,0.16423799579968038,0.21325359818217243,0.43470519071371566
2019-01-01,2019-02-16,1.412732,0.34552541833887856,0.3025293570697261,0.383077155166041,0.4352187133808387,-0.08969329504196011,0.72,2017.0,2017-12-31,2018-07-01,next_year_july_1_proxy_not_actual_release,data/processed/TUC_6274_assignment_historical_2016_2025.csv,data/raw/mops_financials/6274_2017_Q4_C.html,https://mopsov.twse.com.tw/server-java/t164sb01?step=1&CO_ID=6274&SYEAR=2017&SSEASON=4&REPORT_ID=C,20.72697799215324,8.328848203007462,0.16423799579968038,0.21325359818217243,0.43470519071371566
2019-02-01,2019-03-16,1.056165,0.05464442307830992,0.20824359591743805,0.3662143919341685,0.25699758186078014,-0.20235315878247023,0.73,2017.0,2017-12-31,2018-07-01,next_year_july_1_proxy_not_actual_release,data/processed/TUC_6274_assignment_historical_2016_2025.csv,data/raw/mops_financials/6274_2017_Q4_C.html,https://mopsov.twse.com.tw/server-java/t164sb01?step=1&CO_ID=6274&SYEAR=2017&SSEASON=4&REPORT_ID=C,20.72697799215324,8.328848203007462,0.16423799579968038,0.21325359818217243,0.43470519071371566
2019-03-01,2019-04-16,1.413475,0.3460512114015363,0.24874035093957492,0.35596521860536984,0.46904129134712014,-0.12299007994558386,0.74,2017.0,2017-12-31,2018-07-01,next_year_july_1_proxy_not_actual_release,data/processed/TUC_6274_assignment_historical_2016_2025.csv,data/raw/mops_financials/6274_2017_Q4_C.html,https://mopsov.twse.com.tw/server-java/t164sb01?step=1&CO_ID=6274&SYEAR=2017&SSEASON=4&REPORT_ID=C,20.72697799215324,8.328848203007462,0.16423799579968038,0.21325359818217243,0.43470519071371566
2019-04-01,2019-05-16,1.507228,0.4102722021620942,0.27032261221398013,0.35265022162937626,0.4500521658740167,-0.039779963711922495,0.75,2017.0,2017-12-31,2018-07-01,next_year_july_1_proxy_not_actual_release,data/processed/TUC_6274_assignment_historical_2016_2025.csv,data/raw/mops_financials/6274_2017_Q4_C.html,https://mopsov.twse.com.tw/server-java/t164sb01?step=1&CO_ID=6274&SYEAR=2017&SSEASON=4&REPORT_ID=C,20.72697799215324,8.328848203007462,0.16423799579968038,0.21325359818217243,0.43470519071371566
2019-05-01,2019-06-16,1.516289,0.41626590229735433,0.3908631052869949,0.35218563384891405,0.42184095566290053,-0.005575053365546201,0.76,2017.0,2017-12-31,2018-07-01,next_year_july_1_proxy_not_actual_release,data/processed/TUC_6274_assignment_historical_2016_2025.csv,data/raw/mops_financials/6274_2017_Q4_C.html,https://mopsov.twse.com.tw/server-java/t164sb01?step=1&CO_ID=6274&SYEAR=2017&SSEASON=4&REPORT_ID=C,20.72697799215324,8.328848203007462,0.16423799579968038,0.21325359818217243,0.43470519071371566
2019-06-01,2019-07-16,1.326729,0.2827165144491028,0.36975153963618385,0.34285900855919277,0.3946360179257577,-0.11191950347665491,0.77,2018.0,2018-12-31,2019-07-01,next_year_july_1_proxy_not_actual_release,data/processed/TUC_6274_assignment_historical_2016_2025.csv,data/raw/mops_financials/6274_2018_Q4_C.html,https://mopsov.twse.com.tw/server-java/t164sb01?step=1&CO_ID=6274&SYEAR=2018&SSEASON=4&REPORT_ID=C,22.61171584596721,13.490675836693145,0.12767041860353706,0.15786141968071893,0.3580331129505131
2019-07-01,2019-08-16,1.551328,0.4391113383032015,0.37936458501655285,0.34080963449302565,0.46370382709720753,-0.02459248879400605,0.78,2018.0,2018-12-31,2019-07-01,next_year_july_1_proxy_not_actual_release,data/processed/TUC_6274_assignment_historical_2016_2025.csv,data/raw/mops_financials/6274_2018_Q4_C.html,https://mopsov.twse.com.tw/server-java/t164sb01?step=1&CO_ID=6274&SYEAR=2018&SSEASON=4&REPORT_ID=C,22.61171584596721,13.490675836693145,0.12767041860353706,0.15786141968071893,0.3580331129505131
2019-08-01,2019-09-16,1.537068,0.42987670560773755,0.3839015194533473,0.3394418347417288,0.44629030262329955,-0.016413597015561998,0.79,2018.0,2018-12-31,2019-07-01,next_year_july_1_proxy_not_actual_release,data/processed/TUC_6274_assignment_historical_2016_2025.csv,data/raw/mops_financials/6274_2018_Q4_C.html,https://mopsov.twse.com.tw/server-java/t164sb01?step=1&CO_ID=6274&SYEAR=2018&SSEASON=4&REPORT_ID=C,22.61171584596721,13.490675836693145,0.12767041860353706,0.15786141968071893,0.3580331129505131
2019-09-01,2019-10-16,1.505959,0.40942990457151923,0.4261393161608194,0.33826554863132746,0.4235453378963359,-0.014115433324816684,0.8,2018.0,2018-12-31,2019-07-01,next_year_july_1_proxy_not_actual_release,data/processed/TUC_6274_assignment_historical_2016_2025.csv,data/raw/mops_financials/6274_2018_Q4_C.html,https://mopsov.twse.com.tw/server-java/t164sb01?step=1&CO_ID=6274&SYEAR=2018&SSEASON=4&REPORT_ID=C,22.61171584596721,13.490675836693145,0.12767041860353706,0.15786141968071893,0.3580331129505131
2019-10-01,2019-11-16,1.479397,0.3916345723204462,0.41031372749990097,0.34063257045004,0.36323031049589477,0.028404261824551413,0.81,2018.0,2018-12-31,2019-07-01,next_year_july_1_proxy_not_actual_release,data/processed/TUC_6274_assignment_historical_2016_2025.csv,data/raw/mops_financials/6274_2018_Q4_C.html,https://mopsov.twse.com.tw/server-java/t164sb01?step=1&CO_ID=6274&SYEAR=2018&SSEASON=4&REPORT_ID=C,22.61171584596721,13.490675836693145,0.12767041860353706,0.15786141968071893,0.3580331129505131
2019-11-01,2019-12-16,1.594077,0.4662948853493741,0.42245312074711316,0.3513653353512234,0.3375017065351742,0.12879317881419988,0.82,2018.0,2018-12-31,2019-07-01,next_year_july_1_proxy_not_actual_release,data/processed/TUC_6274_assignment_historical_2016_2025.csv,data/raw/mops_financials/6274_2018_Q4_C.html,https://mopsov.twse.com.tw/server-java/t164sb01?step=1&CO_ID=6274&SYEAR=2018&SSEASON=4&REPORT_ID=C,22.61171584596721,13.490675836693145,0.12767041860353706,0.15786141968071893,0.3580331129505131
2019-12-01,2020-01-16,1.621299,0.4832276797846997,0.44705237915150664,0.3729208964720212,0.22456094633512574,0.25866673344957397,0.83,2018.0,2018-12-31,2019-07-01,next_year_july_1_proxy_not_actual_release,data/processed/TUC_6274_assignment_historical_2016_2025.csv,data/raw/mops_financials/6274_2018_Q4_C.html,https://mopsov.twse.com.tw/server-java/t164sb01?step=1&CO_ID=6274&SYEAR=2018&SSEASON=4&REPORT_ID=C,22.61171584596721,13.490675836693145,0.12767041860353706,0.15786141968071893,0.3580331129505131
2020-01-01,2020-02-16,1.416433,0.3481417394874534,0.43255476820717575,0.37313892323440245,0.34552541833887856,0.0026163211485748517,0.84,2018.0,2018-12-31,2019-07-01,next_year_july_1_proxy_not_actual_release,data/processed/TUC_6274_assignment_historical_2016_2025.csv,data/raw/mops_financials/6274_2018_Q4_C.html,https://mopsov.twse.com.tw/server-java/t164sb01?step=1&CO_ID=6274&SYEAR=2018&SSEASON=4&REPORT_ID=C,22.61171584596721,13.490675836693145,0.12767041860353706,0.15786141968071893,0.3580331129505131
2020-02-01,2020-03-16,1.301483,0.2635043835154667,0.36495793426254,0.3905439199374989,0.05464442307830992,0.20885996043715677,0.85,2018.0,2018-12-31,2019-07-01,next_year_july_1_proxy_not_actual_release,data/processed/TUC_6274_assignment_historical_2016_2025.csv,data/raw/mops_financials/6274_2018_Q4_C.html,https://mopsov.twse.com.tw/server-java/t164sb01?step=1&CO_ID=6274&SYEAR=2018&SSEASON=4&REPORT_ID=C,22.61171584596721,13.490675836693145,0.12767041860353706,0.15786141968071893,0.3580331129505131
2020-03-01,2020-04-16,1.758228,0.5643064836863614,0.39198420222976055,0.4087318592945676,0.3460512114015363,0.2182552722848251,0.86,2018.0,2018-12-31,2019-07-01,next_year_july_1_proxy_not_actual_release,data/processed/TUC_6274_assignment_historical_2016_2025.csv,data/raw/mops_financials/6274_2018_Q4_C.html,https://mopsov.twse.com.tw/server-java/t164sb01?step=1&CO_ID=6274&SYEAR=2018&SSEASON=4&REPORT_ID=C,22.61171584596721,13.490675836693145,0.12767041860353706,0.15786141968071893,0.3580331129505131
2020-04-01,2020-05-16,1.873568,0.6278446342961611,0.4852185004993297,0.42686289530573984,0.4102722021620942,0.2175724321340669,0.87,2018.0,2018-12-31,2019-07-01,next_year_july_1_proxy_not_actual_release,data/processed/TUC_6274_assignment_historical_2016_2025.csv,data/raw/mops_financials/6274_2018_Q4_C.html,https://mopsov.twse.com.tw/server-java/t164sb01?step=1&CO_ID=6274&SYEAR=2018&SSEASON=4&REPORT_ID=C,22.61171584596721,13.490675836693145,0.12767041860353706,0.15786141968071893,0.3580331129505131
2020-05-01,2020-06-16,1.752589,0.5610941232305522,0.5844150804043582,0.4389319137168397,0.41626590229735433,0.14482822093319786,0.88,2018.0,2018-12-31,2019-07-01,next_year_july_1_proxy_not_actual_release,data/processed/TUC_6274_assignment_historical_2016_2025.csv,data/raw/mops_financials/6274_2018_Q4_C.html,https://mopsov.twse.com.tw/server-java/t164sb01?step=1&CO_ID=6274&SYEAR=2018&SSEASON=4&REPORT_ID=C,22.61171584596721,13.490675836693145,0.12767041860353706,0.15786141968071893,0.3580331129505131
2020-06-01,2020-07-16,1.626755,0.48658723300126494,0.558508663509326,0.4559211402628532,0.2827165144491028,0.20387071855216216,0.89,2019.0,2019-12-31,2020-07-01,next_year_july_1_proxy_not_actual_release,data/processed/TUC_6274_assignment_historical_2016_2025.csv,data/raw/mops_financials/6274_2019_Q4_C.html,https://mopsov.twse.com.tw/server-java/t164sb01?step=1&CO_ID=6274&SYEAR=2019&SSEASON=4&REPORT_ID=C,23.607053340515368,12.305632812236569,0.1369585598704397,0.17121767063537863,0.33618181522454815
2020-07-01,2020-08-16,1.542966,0.4337065381414902,0.4937959647911025,0.4554707402493772,0.4391113383032015,-0.005404800161711298,0.9,2019.0,2019-12-31,2020-07-01,next_year_july_1_proxy_not_actual_release,data/processed/TUC_6274_assignment_historical_2016_2025.csv,data/raw/mops_financials/6274_2019_Q4_C.html,https://mopsov.twse.com.tw/server-java/t164sb01?step=1&CO_ID=6274&SYEAR=2019&SSEASON=4&REPORT_ID=C,23.607053340515368,12.305632812236569,0.1369585598704397,0.17121767063537863,0.33618181522454815
2020-08-01,2020-09-16,1.526751,0.4231419481069741,0.4478119064165764,0.4549095104576469,0.42987670560773755,-0.006734757500763466,0.91,2019.0,2019-12-31,2020-07-01,next_year_july_1_proxy_not_actual_release,data/processed/TUC_6274_assignment_historical_2016_2025.csv,data/raw/mops_financials/6274_2019_Q4_C.html,https://mopsov.twse.com.tw/server-java/t164sb01?step=1&CO_ID=6274&SYEAR=2019&SSEASON=4&REPORT_ID=C,23.607053340515368,12.305632812236569,0.1369585598704397,0.17121767063537863,0.33618181522454815
2020-09-01,2020-10-16,1.234791,0.21090172498956736,0.3559167370793439,0.43836549549248427,0.40942990457151923,-0.19852817958195187,0.92,2019.0,2019-12-31,2020-07-01,next_year_july_1_proxy_not_actual_release,data/processed/TUC_6274_assignment_historical_2016_2025.csv,data/raw/mops_financials/6274_2019_Q4_C.html,https://mopsov.twse.com.tw/server-java/t164sb01?step=1&CO_ID=6274&SYEAR=2019&SSEASON=4&REPORT_ID=C,23.607053340515368,12.305632812236569,0.1369585598704397,0.17121767063537863,0.33618181522454815
2020-10-01,2020-11-16,1.20989,0.1905294463852587,0.2748577064939334,0.4216067349978853,0.3916345723204462,-0.20110512593518748,0.93,2019.0,2019-12-31,2020-07-01,next_year_july_1_proxy_not_actual_release,data/processed/TUC_6274_assignment_historical_2016_2025.csv,data/raw/mops_financials/6274_2019_Q4_C.html,https://mopsov.twse.com.tw/server-java/t164sb01?step=1&CO_ID=6274&SYEAR=2019&SSEASON=4&REPORT_ID=C,23.607053340515368,12.305632812236569,0.1369585598704397,0.17121767063537863,0.33618181522454815
2020-11-01,2020-12-16,1.391073,0.3300753917943171,0.24383552105638104,0.41025511053496394,0.4662948853493741,-0.13621949355505697,0.94,2019.0,2019-12-31,2020-07-01,next_year_july_1_proxy_not_actual_release,data/processed/TUC_6274_assignment_historical_2016_2025.csv,data/raw/mops_financials/6274_2019_Q4_C.html,https://mopsov.twse.com.tw/server-java/t164sb01?step=1&CO_ID=6274&SYEAR=2019&SSEASON=4&REPORT_ID=C,23.607053340515368,12.305632812236569,0.1369585598704397,0.17121767063537863,0.33618181522454815
2020-12-01,2021-01-16,1.407398,0.3417426094891909,0.28744914922292225,0.3984646880103382,0.4832276797846997,-0.14148507029550883,0.95,2019.0,2019-12-31,2020-07-01,next_year_july_1_proxy_not_actual_release,data/processed/TUC_6274_assignment_historical_2016_2025.csv,data/raw/mops_financials/6274_2019_Q4_C.html,https://mopsov.twse.com.tw/server-java/t164sb01?step=1&CO_ID=6274&SYEAR=2019&SSEASON=4&REPORT_ID=C,23.607053340515368,12.305632812236569,0.1369585598704397,0.17121767063537863,0.33618181522454815
2021-01-01,2021-02-16,1.54903,0.43762892858095087,0.369815643288153,0.4059219537681296,0.3481417394874534,0.08948718909349745,0.96,2019.0,2019-12-31,2020-07-01,next_year_july_1_proxy_not_actual_release,data/processed/TUC_6274_assignment_historical_2016_2025.csv,data/raw/mops_financials/6274_2019_Q4_C.html,https://mopsov.twse.com.tw/server-java/t164sb01?step=1&CO_ID=6274&SYEAR=2019&SSEASON=4&REPORT_ID=C,23.607053340515368,12.305632812236569,0.1369585598704397,0.17121767063537863,0.33618181522454815
2021-02-01,2021-03-16,1.415693,0.3476191638556911,0.3756635673086109,0.41293151879648166,0.2635043835154667,0.0841147803402244,0.97,2019.0,2019-12-31,2020-07-01,next_year_july_1_proxy_not_actual_release,data/processed/TUC_6274_assignment_historical_2016_2025.csv,data/raw/mops_financials/6274_2019_Q4_C.html,https://mopsov.twse.com.tw/server-java/t164sb01?step=1&CO_ID=6274&SYEAR=2019&SSEASON=4&REPORT_ID=C,23.607053340515368,12.305632812236569,0.1369585598704397,0.17121767063537863,0.33618181522454815
2021-03-01,2021-04-16,1.728671,0.5473529051941606,0.4442003325436008,0.41151872058879824,0.5643064836863614,-0.016953578492200805,0.98,2019.0,2019-12-31,2020-07-01,next_year_july_1_proxy_not_actual_release,data/processed/TUC_6274_assignment_historical_2016_2025.csv,data/raw/mops_financials/6274_2019_Q4_C.html,https://mopsov.twse.com.tw/server-java/t164sb01?step=1&CO_ID=6274&SYEAR=2019&SSEASON=4&REPORT_ID=C,23.607053340515368,12.305632812236569,0.1369585598704397,0.17121767063537863,0.33618181522454815
2021-04-01,2021-05-16,1.770181,0.5710818012445577,0.4886846234314697,0.40678848450116467,0.6278446342961611,-0.056762833051603456,0.99,2019.0,2019-12-31,2020-07-01,next_year_july_1_proxy_not_actual_release,data/processed/TUC_6274_assignment_historical_2016_2025.csv,data/raw/mops_financials/6274_2019_Q4_C.html,https://mopsov.twse.com.tw/server-java/t164sb01?step=1&CO_ID=6274&SYEAR=2019&SSEASON=4&REPORT_ID=C,23.607053340515368,12.305632812236569,0.1369585598704397,0.17121767063537863,0.33618181522454815
2021-05-01,2021-06-16,1.8031,0.5895074058001856,0.5693140374129678,0.4091562580486341,0.5610941232305522,0.02841328256963338,1.0,2019.0,2019-12-31,2020-07-01,next_year_july_1_proxy_not_actual_release,data/processed/TUC_6274_assignment_historical_2016_2025.csv,data/raw/mops_financials/6274_2019_Q4_C.html,https://mopsov.twse.com.tw/server-java/t164sb01?step=1&CO_ID=6274&SYEAR=2019&SSEASON=4&REPORT_ID=C,23.607053340515368,12.305632812236569,0.1369585598704397,0.17121767063537863,0.33618181522454815
2021-06-01,2021-07-16,1.869965,0.6259197141137979,0.5955029737195137,0.4207672981413451,0.48658723300126494,0.13933248111253294,1.01,2020.0,2020-12-31,2021-07-01,next_year_july_1_proxy_not_actual_release,data/processed/TUC_6274_assignment_historical_2016_2025.csv,data/raw/mops_financials/6274_2020_Q4_C.html,https://mopsov.twse.com.tw/server-java/t164sb01?step=1&CO_ID=6274&SYEAR=2020&SSEASON=4&REPORT_ID=C,23.40932368703417,12.597582115706384,0.11503892791547594,0.21136907106654984,0.24744833063686444
2021-07-01,2021-08-16,1.928594,0.6567912400242863,0.6240727866460899,0.4393576899649115,0.4337065381414902,0.22308470188279617,1.02,2020.0,2020-12-31,2021-07-01,next_year_july_1_proxy_not_actual_release,data/processed/TUC_6274_assignment_historical_2016_2025.csv,data/raw/mops_financials/6274_2020_Q4_C.html,https://mopsov.twse.com.tw/server-java/t164sb01?step=1&CO_ID=6274&SYEAR=2020&SSEASON=4&REPORT_ID=C,23.40932368703417,12.597582115706384,0.11503892791547594,0.21136907106654984,0.24744833063686444
2021-08-01,2021-09-16,1.945708,0.6656259211175162,0.6494456250852001,0.45956468771579,0.4231419481069741,0.2424839730105421,1.03,2020.0,2020-12-31,2021-07-01,next_year_july_1_proxy_not_actual_release,data/processed/TUC_6274_assignment_historical_2016_2025.csv,data/raw/mops_financials/6274_2020_Q4_C.html,https://mopsov.twse.com.tw/server-java/t164sb01?step=1&CO_ID=6274&SYEAR=2020&SSEASON=4&REPORT_ID=C,23.40932368703417,12.597582115706384,0.11503892791547594,0.21136907106654984,0.24744833063686444
2021-09-01,2021-10-16,1.795957,0.5855380274998502,0.6359850628805509,0.4907843795916469,0.21090172498956736,0.3746363025102828,1.04,2020.0,2020-12-31,2021-07-01,next_year_july_1_proxy_not_actual_release,data/processed/TUC_6274_assignment_historical_2016_2025.csv,data/raw/mops_financials/6274_2020_Q4_C.html,https://mopsov.twse.com.tw/server-java/t164sb01?step=1&CO_ID=6274&SYEAR=2020&SSEASON=4&REPORT_ID=C,23.40932368703417,12.597582115706384,0.11503892791547594,0.21136907106654984,0.24744833063686444
2021-10-01,2021-11-16,1.704222,0.5331087016113424,0.5947575500762362,0.5193326508604873,0.1905294463852587,0.3425792552260837,1.05,2020.0,2020-12-31,2021-07-01,next_year_july_1_proxy_not_actual_release,data/processed/TUC_6274_assignment_historical_2016_2025.csv,data/raw/mops_financials/6274_2020_Q4_C.html,https://mopsov.twse.com.tw/server-java/t164sb01?step=1&CO_ID=6274&SYEAR=2020&SSEASON=4&REPORT_ID=C,23.40932368703417,12.597582115706384,0.11503892791547594,0.21136907106654984,0.24744833063686444
2021-11-01,2021-12-16,1.801408,0.5885685813479851,0.5690717701530592,0.5408737499899595,0.3300753917943171,0.25849318955366796,1.06,2020.0,2020-12-31,2021-07-01,next_year_july_1_proxy_not_actual_release,data/processed/TUC_6274_assignment_historical_2016_2025.csv,data/raw/mops_financials/6274_2020_Q4_C.html,https://mopsov.twse.com.tw/server-java/t164sb01?step=1&CO_ID=6274&SYEAR=2020&SSEASON=4&REPORT_ID=C,23.40932368703417,12.597582115706384,0.11503892791547594,0.21136907106654984,0.24744833063686444
2021-12-01,2022-01-16,1.81951,0.5985672340703633,0.5734148390098969,0.5622758020383906,0.3417426094891909,0.2568246245811724,1.07,2020.0,2020-12-31,2021-07-01,next_year_july_1_proxy_not_actual_release,data/processed/TUC_6274_assignment_historical_2016_2025.csv,data/raw/mops_financials/6274_2020_Q4_C.html,https://mopsov.twse.com.tw/server-java/t164sb01?step=1&CO_ID=6274&SYEAR=2020&SSEASON=4&REPORT_ID=C,23.40932368703417,12.597582115706384,0.11503892791547594,0.21136907106654984,0.24744833063686444
2022-01-01,2022-02-16,1.822394,0.6001510213436401,0.5957622789206628,0.5758193097686147,0.43762892858095087,0.1625220927626892,1.08,2020.0,2020-12-31,2021-07-01,next_year_july_1_proxy_not_actual_release,data/processed/TUC_6274_assignment_historical_2016_2025.csv,data/raw/mops_financials/6274_2020_Q4_C.html,https://mopsov.twse.com.tw/server-java/t164sb01?step=1&CO_ID=6274&SYEAR=2020&SSEASON=4&REPORT_ID=C,23.40932368703417,12.597582115706384,0.11503892791547594,0.21136907106654984,0.24744833063686444
2022-02-01,2022-03-16,1.464984,0.38184432090768416,0.5268541921072291,0.5786714061896141,0.3476191638556911,0.03422515705199308,1.09,2020.0,2020-12-31,2021-07-01,next_year_july_1_proxy_not_actual_release,data/processed/TUC_6274_assignment_historical_2016_2025.csv,data/raw/mops_financials/6274_2020_Q4_C.html,https://mopsov.twse.com.tw/server-java/t164sb01?step=1&CO_ID=6274&SYEAR=2020&SSEASON=4&REPORT_ID=C,23.40932368703417,12.597582115706384,0.11503892791547594,0.21136907106654984,0.24744833063686444
2022-03-01,2022-04-16,1.736445,0.5518399197951254,0.5112784206821498,0.5790453240730279,0.5473529051941606,0.004487014600964789,1.1,2020.0,2020-12-31,2021-07-01,next_year_july_1_proxy_not_actual_release,data/processed/TUC_6274_assignment_historical_2016_2025.csv,data/raw/mops_financials/6274_2020_Q4_C.html,https://mopsov.twse.com.tw/server-java/t164sb01?step=1&CO_ID=6274&SYEAR=2020&SSEASON=4&REPORT_ID=C,23.40932368703417,12.597582115706384,0.11503892791547594,0.21136907106654984,0.24744833063686444
2022-04-01,2022-05-16,1.641441,0.4955745145782516,0.476419585093687,0.572753050184169,0.5710818012445577,-0.07550728666630607,1.11,2020.0,2020-12-31,2021-07-01,next_year_july_1_proxy_not_actual_release,data/processed/TUC_6274_assignment_historical_2016_2025.csv,data/raw/mops_financials/6274_2020_Q4_C.html,https://mopsov.twse.com.tw/server-java/t164sb01?step=1&CO_ID=6274&SYEAR=2020&SSEASON=4&REPORT_ID=C,23.40932368703417,12.597582115706384,0.11503892791547594,0.21136907106654984,0.24744833063686444
2022-05-01,2022-06-16,1.658904,0.5061571433495466,0.5178571925743077,0.5658071949799491,0.5895074058001856,-0.08335026245063892,1.12,2020.0,2020-12-31,2021-07-01,next_year_july_1_proxy_not_actual_release,data/processed/TUC_6274_assignment_historical_2016_2025.csv,data/raw/mops_financials/6274_2020_Q4_C.html,https://mopsov.twse.com.tw/server-java/t164sb01?step=1&CO_ID=6274&SYEAR=2020&SSEASON=4&REPORT_ID=C,23.40932368703417,12.597582115706384,0.11503892791547594,0.21136907106654984,0.24744833063686444
2022-06-01,2022-07-16,1.489451,0.39840759568479994,0.46671308453753263,0.5468478517775326,0.6259197141137979,-0.22751211842899793,1.13,2021.0,2021-12-31,2022-07-01,next_year_july_1_proxy_not_actual_release,data/processed/TUC_6274_assignment_historical_2016_2025.csv,data/raw/mops_financials/6274_2021_Q4_C.html,https://mopsov.twse.com.tw/server-java/t164sb01?step=1&CO_ID=6274&SYEAR=2021&SSEASON=4&REPORT_ID=C,20.965136352193163,11.262703458823664,0.13016123159099213,0.19679353624928414,0.30468202712828024
2022-07-01,2022-08-16,1.541013,0.4324399923828624,0.4456682438057363,0.5281519144740806,0.6567912400242863,-0.22435124764142395,1.14,2021.0,2021-12-31,2022-07-01,next_year_july_1_proxy_not_actual_release,data/processed/TUC_6274_assignment_historical_2016_2025.csv,data/raw/mops_financials/6274_2021_Q4_C.html,https://mopsov.twse.com.tw/server-java/t164sb01?step=1&CO_ID=6274&SYEAR=2021&SSEASON=4&REPORT_ID=C,20.965136352193163,11.262703458823664,0.13016123159099213,0.19679353624928414,0.30468202712828024
2022-08-01,2022-09-16,1.483968,0.3947195811703784,0.4085223897460135,0.5055763861451524,0.6656259211175162,-0.27090633994713775,1.15,2021.0,2021-12-31,2022-07-01,next_year_july_1_proxy_not_actual_release,data/processed/TUC_6274_assignment_historical_2016_2025.csv,data/raw/mops_financials/6274_2021_Q4_C.html,https://mopsov.twse.com.tw/server-java/t164sb01?step=1&CO_ID=6274&SYEAR=2021&SSEASON=4&REPORT_ID=C,20.965136352193163,11.262703458823664,0.13016123159099213,0.19679353624928414,0.30468202712828024
2022-09-01,2022-10-16,1.490297,0.39897542895307064,0.4087116675021038,0.49002950293292086,0.5855380274998502,-0.18656259854677953,1.16,2021.0,2021-12-31,2022-07-01,next_year_july_1_proxy_not_actual_release,data/processed/TUC_6274_assignment_historical_2016_2025.csv,data/raw/mops_financials/6274_2021_Q4_C.html,https://mopsov.twse.com.tw/server-java/t164sb01?step=1&CO_ID=6274&SYEAR=2021&SSEASON=4&REPORT_ID=C,20.965136352193163,11.262703458823664,0.13016123159099213,0.19679353624928414,0.30468202712828024
2022-10-01,2022-11-16,1.327315,0.28315810472381003,0.35895103828241964,0.46920028652562645,0.5331087016113424,-0.24995059688753235,1.17,2021.0,2021-12-31,2022-07-01,next_year_july_1_proxy_not_actual_release,data/processed/TUC_6274_assignment_historical_2016_2025.csv,data/raw/mops_financials/6274_2021_Q4_C.html,https://mopsov.twse.com.tw/server-java/t164sb01?step=1&CO_ID=6274&SYEAR=2021&SSEASON=4&REPORT_ID=C,20.965136352193163,11.262703458823664,0.13016123159099213,0.19679353624928414,0.30468202712828024
2022-11-01,2022-12-16,1.473019,0.3873140362431966,0.3564825233066924,0.4524290744335607,0.5885685813479851,-0.20125454510478846,1.18,2021.0,2021-12-31,2022-07-01,next_year_july_1_proxy_not_actual_release,data/processed/TUC_6274_assignment_historical_2016_2025.csv,data/raw/mops_financials/6274_2021_Q4_C.html,https://mopsov.twse.com.tw/server-java/t164sb01?step=1&CO_ID=6274&SYEAR=2021&SSEASON=4&REPORT_ID=C,20.965136352193163,11.262703458823664,0.13016123159099213,0.19679353624928414,0.30468202712828024
2022-12-01,2023-01-16,1.342897,0.294829220631241,0.3217671205327491,0.42711757331363387,0.5985672340703633,-0.30373801343912227,1.19,2021.0,2021-12-31,2022-07-01,next_year_july_1_proxy_not_actual_release,data/processed/TUC_6274_assignment_historical_2016_2025.csv,data/raw/mops_financials/6274_2021_Q4_C.html,https://mopsov.twse.com.tw/server-java/t164sb01?step=1&CO_ID=6274&SYEAR=2021&SSEASON=4&REPORT_ID=C,20.965136352193163,11.262703458823664,0.13016123159099213,0.19679353624928414,0.30468202712828024
2023-01-01,2023-02-16,1.083168,0.07989008064200813,0.25401111250548186,0.38376249492183123,0.6001510213436401,-0.520260940701632,1.2,2021.0,2021-12-31,2022-07-01,next_year_july_1_proxy_not_actual_release,data/processed/TUC_6274_assignment_historical_2016_2025.csv,data/raw/mops_financials/6274_2021_Q4_C.html,https://mopsov.twse.com.tw/server-java/t164sb01?step=1&CO_ID=6274&SYEAR=2021&SSEASON=4&REPORT_ID=C,20.965136352193163,11.262703458823664,0.13016123159099213,0.19679353624928414,0.30468202712828024
2023-02-01,2023-03-16,1.255319,0.2273897235515861,0.20070300827494503,0.3708912784754898,0.38184432090768416,-0.15445459735609807,1.21,2021.0,2021-12-31,2022-07-01,next_year_july_1_proxy_not_actual_release,data/processed/TUC_6274_assignment_historical_2016_2025.csv,data/raw/mops_financials/6274_2021_Q4_C.html,https://mopsov.twse.com.tw/server-java/t164sb01?step=1&CO_ID=6274&SYEAR=2021&SSEASON=4&REPORT_ID=C,20.965136352193163,11.262703458823664,0.13016123159099213,0.19679353624928414,0.30468202712828024
2023-03-01,2023-04-16,1.314268,0.27327985664797916,0.19351988694719105,0.3476779398798942,0.5518399197951254,-0.2785600631471462,1.22,2021.0,2021-12-31,2022-07-01,next_year_july_1_proxy_not_actual_release,data/processed/TUC_6274_assignment_historical_2016_2025.csv,data/raw/mops_financials/6274_2021_Q4_C.html,https://mopsov.twse.com.tw/server-java/t164sb01?step=1&CO_ID=6274&SYEAR=2021&SSEASON=4&REPORT_ID=C,20.965136352193163,11.262703458823664,0.13016123159099213,0.19679353624928414,0.30468202712828024
2023-04-01,2023-05-16,1.202371,0.18429544073596668,0.22832167364517728,0.3217380170597038,0.4955745145782516,-0.3112790738422849,1.23,2021.0,2021-12-31,2022-07-01,next_year_july_1_proxy_not_actual_release,data/processed/TUC_6274_assignment_historical_2016_2025.csv,data/raw/mops_financials/6274_2021_Q4_C.html,https://mopsov.twse.com.tw/server-java/t164sb01?step=1&CO_ID=6274&SYEAR=2021&SSEASON=4&REPORT_ID=C,20.965136352193163,11.262703458823664,0.13016123159099213,0.19679353624928414,0.30468202712828024
2023-05-01,2023-06-16,1.347897,0.298545600075212,0.25204029915305254,0.30443705512017594,0.5061571433495466,-0.20761154327433462,1.24,2021.0,2021-12-31,2022-07-01,next_year_july_1_proxy_not_actual_release,data/processed/TUC_6274_assignment_historical_2016_2025.csv,data/raw/mops_financials/6274_2021_Q4_C.html,https://mopsov.twse.com.tw/server-java/t164sb01?step=1&CO_ID=6274&SYEAR=2021&SSEASON=4&REPORT_ID=C,20.965136352193163,11.262703458823664,0.13016123159099213,0.19679353624928414,0.30468202712828024
2023-06-01,2023-07-16,1.206388,0.18763077127248123,0.22349060402788656,0.2868723197524827,0.39840759568479994,-0.2107768244123187,1.25,2022.0,2022-12-31,2023-07-01,next_year_july_1_proxy_not_actual_release,data/processed/TUC_6274_assignment_historical_2016_2025.csv,data/raw/mops_financials/6274_2022_Q4_C.html,https://mopsov.twse.com.tw/server-java/t164sb01?step=1&CO_ID=6274&SYEAR=2022&SSEASON=4&REPORT_ID=C,18.434156584449827,8.107349624255528,0.0994477679345124,0.2169033056251668,0.28381115267406365
2023-07-01,2023-08-16,1.296055,0.25932503530120987,0.24850046888296765,0.27244607332901166,0.4324399923828624,-0.17311495708165253,1.26,2022.0,2022-12-31,2023-07-01,next_year_july_1_proxy_not_actual_release,data/processed/TUC_6274_assignment_historical_2016_2025.csv,data/raw/mops_financials/6274_2022_Q4_C.html,https://mopsov.twse.com.tw/server-java/t164sb01?step=1&CO_ID=6274&SYEAR=2022&SSEASON=4&REPORT_ID=C,18.434156584449827,8.107349624255528,0.0994477679345124,0.2169033056251668,0.28381115267406365
2023-08-01,2023-09-16,1.382764,0.32408439459279664,0.2570134003888292,0.2665598077808799,0.3947195811703784,-0.07063518657758178,1.27,2022.0,2022-12-31,2023-07-01,next_year_july_1_proxy_not_actual_release,data/processed/TUC_6274_assignment_historical_2016_2025.csv,data/raw/mops_financials/6274_2022_Q4_C.html,https://mopsov.twse.com.tw/server-java/t164sb01?step=1&CO_ID=6274&SYEAR=2022&SSEASON=4&REPORT_ID=C,18.434156584449827,8.107349624255528,0.0994477679345124,0.2169033056251668,0.28381115267406365
2023-09-01,2023-10-16,1.499206,0.4049356346284839,0.32944835484083007,0.26705649158716427,0.39897542895307064,0.005960205675413277,1.28,2022.0,2022-12-31,2023-07-01,next_year_july_1_proxy_not_actual_release,data/processed/TUC_6274_assignment_historical_2016_2025.csv,data/raw/mops_financials/6274_2022_Q4_C.html,https://mopsov.twse.com.tw/server-java/t164sb01?step=1&CO_ID=6274&SYEAR=2022&SSEASON=4&REPORT_ID=C,18.434156584449827,8.107349624255528,0.0994477679345124,0.2169033056251668,0.28381115267406365
2023-10-01,2023-11-16,1.40599,0.34074168098764673,0.356587236736309,0.271855122942484,0.28315810472381003,0.0575835762638367,1.29,2022.0,2022-12-31,2023-07-01,next_year_july_1_proxy_not_actual_release,data/processed/TUC_6274_assignment_historical_2016_2025.csv,data/raw/mops_financials/6274_2022_Q4_C.html,https://mopsov.twse.com.tw/server-java/t164sb01?step=1&CO_ID=6274&SYEAR=2022&SSEASON=4&REPORT_ID=C,18.434156584449827,8.107349624255528,0.0994477679345124,0.2169033056251668,0.28381115267406365
2023-11-01,2023-12-16,1.574501,0.4539383966810016,0.399871904099044,0.27740715297896773,0.3873140362431966,0.06662436043780501,1.3,2022.0,2022-12-31,2023-07-01,next_year_july_1_proxy_not_actual_release,data/processed/TUC_6274_assignment_historical_2016_2025.csv,data/raw/mops_financials/6274_2022_Q4_C.html,https://mopsov.twse.com.tw/server-java/t164sb01?step=1&CO_ID=6274&SYEAR=2022&SSEASON=4&REPORT_ID=C,18.434156584449827,8.107349624255528,0.0994477679345124,0.2169033056251668,0.28381115267406365
2023-12-01,2024-01-16,1.434115,0.3605479342199804,0.38507600396287617,0.28288371244469607,0.294829220631241,0.06571871358873937,1.31,2022.0,2022-12-31,2023-07-01,next_year_july_1_proxy_not_actual_release,data/processed/TUC_6274_assignment_historical_2016_2025.csv,data/raw/mops_financials/6274_2022_Q4_C.html,https://mopsov.twse.com.tw/server-java/t164sb01?step=1&CO_ID=6274&SYEAR=2022&SSEASON=4&REPORT_ID=C,18.434156584449827,8.107349624255528,0.0994477679345124,0.2169033056251668,0.28381115267406365
2024-01-01,2024-02-16,1.496705,0.4032660252302198,0.40591745204373386,0.309831707827047,0.07989008064200813,0.3233759445882117,1.32,2022.0,2022-12-31,2023-07-01,next_year_july_1_proxy_not_actual_release,data/processed/TUC_6274_assignment_historical_2016_2025.csv,data/raw/mops_financials/6274_2022_Q4_C.html,https://mopsov.twse.com.tw/server-java/t164sb01?step=1&CO_ID=6274&SYEAR=2022&SSEASON=4&REPORT_ID=C,18.434156584449827,8.107349624255528,0.0994477679345124,0.2169033056251668,0.28381115267406365
2024-02-01,2024-03-16,1.185857,0.17046571995016438,0.31142655980012146,0.30508804086026187,0.2273897235515861,-0.05692400360142172,1.33,2022.0,2022-12-31,2023-07-01,next_year_july_1_proxy_not_actual_release,data/processed/TUC_6274_assignment_historical_2016_2025.csv,data/raw/mops_financials/6274_2022_Q4_C.html,https://mopsov.twse.com.tw/server-java/t164sb01?step=1&CO_ID=6274&SYEAR=2022&SSEASON=4&REPORT_ID=C,18.434156584449827,8.107349624255528,0.0994477679345124,0.2169033056251668,0.28381115267406365
2024-03-01,2024-04-16,1.750773,0.5600574046941001,0.37792971662482805,0.3289861698641053,0.27327985664797916,0.286777548046121,1.34,2022.0,2022-12-31,2023-07-01,next_year_july_1_proxy_not_actual_release,data/processed/TUC_6274_assignment_historical_2016_2025.csv,data/raw/mops_financials/6274_2022_Q4_C.html,https://mopsov.twse.com.tw/server-java/t164sb01?step=1&CO_ID=6274&SYEAR=2022&SSEASON=4&REPORT_ID=C,18.434156584449827,8.107349624255528,0.0994477679345124,0.2169033056251668,0.28381115267406365
2024-04-01,2024-05-16,1.822102,0.5999907797076911,0.4435046347839851,0.363627448111749,0.18429544073596668,0.4156953389717244,1.35,2022.0,2022-12-31,2023-07-01,next_year_july_1_proxy_not_actual_release,data/processed/TUC_6274_assignment_historical_2016_2025.csv,data/raw/mops_financials/6274_2022_Q4_C.html,https://mopsov.twse.com.tw/server-java/t164sb01?step=1&CO_ID=6274&SYEAR=2022&SSEASON=4&REPORT_ID=C,18.434156584449827,8.107349624255528,0.0994477679345124,0.2169033056251668,0.28381115267406365
2024-05-01,2024-06-16,1.940296,0.6628405387560891,0.60762957438596,0.39398535966848874,0.298545600075212,0.36429493868087703,1.36,2022.0,2022-12-31,2023-07-01,next_year_july_1_proxy_not_actual_release,data/processed/TUC_6274_assignment_historical_2016_2025.csv,data/raw/mops_financials/6274_2022_Q4_C.html,https://mopsov.twse.com.tw/server-java/t164sb01?step=1&CO_ID=6274&SYEAR=2022&SSEASON=4&REPORT_ID=C,18.434156584449827,8.107349624255528,0.0994477679345124,0.2169033056251668,0.28381115267406365
2024-06-01,2024-07-16,1.942367,0.6639073324471244,0.6422462169703015,0.433675073099709,0.18763077127248123,0.4762765611746432,1.37,2023.0,2023-12-31,2024-07-01,next_year_july_1_proxy_not_actual_release,data/processed/TUC_6274_assignment_historical_2016_2025.csv,data/raw/mops_financials/6274_2023_Q4_C.html,https://mopsov.twse.com.tw/server-java/t164sb01?step=1&CO_ID=6274&SYEAR=2023&SSEASON=4&REPORT_ID=C,19.740463652732064,8.900632443468183,0.10615329888846503,0.23275683081945112,0.30569266194127676
2024-07-01,2024-08-16,2.140634,0.7611020468391767,0.6959499726807966,0.47548982406120627,0.25932503530120987,0.5017770115379668,1.38,2023.0,2023-12-31,2024-07-01,next_year_july_1_proxy_not_actual_release,data/processed/TUC_6274_assignment_historical_2016_2025.csv,data/raw/mops_financials/6274_2023_Q4_C.html,https://mopsov.twse.com.tw/server-java/t164sb01?step=1&CO_ID=6274&SYEAR=2023&SSEASON=4&REPORT_ID=C,19.740463652732064,8.900632443468183,0.10615329888846503,0.23275683081945112,0.30569266194127676
2024-08-01,2024-09-16,2.211638,0.793733417464614,0.739580932250305,0.5146272426338577,0.32408439459279664,0.46964902287181737,1.39,2023.0,2023-12-31,2024-07-01,next_year_july_1_proxy_not_actual_release,data/processed/TUC_6274_assignment_historical_2016_2025.csv,data/raw/mops_financials/6274_2023_Q4_C.html,https://mopsov.twse.com.tw/server-java/t164sb01?step=1&CO_ID=6274&SYEAR=2023&SSEASON=4&REPORT_ID=C,19.740463652732064,8.900632443468183,0.10615329888846503,0.23275683081945112,0.30569266194127676
2024-09-01,2024-10-16,2.269814,0.8196978898101922,0.7915111180379942,0.549190763899,0.4049356346284839,0.4147622551817083,1.4,2023.0,2023-12-31,2024-07-01,next_year_july_1_proxy_not_actual_release,data/processed/TUC_6274_assignment_historical_2016_2025.csv,data/raw/mops_financials/6274_2023_Q4_C.html,https://mopsov.twse.com.tw/server-java/t164sb01?step=1&CO_ID=6274&SYEAR=2023&SSEASON=4&REPORT_ID=C,19.740463652732064,8.900632443468183,0.10615329888846503,0.23275683081945112,0.30569266194127676
2024-10-01,2024-11-16,2.030244,0.7081559828749451,0.773862430049917,0.5798086223896083,0.34074168098764673,0.36741430188729834,1.41,2023.0,2023-12-31,2024-07-01,next_year_july_1_proxy_not_actual_release,data/processed/TUC_6274_assignment_historical_2016_2025.csv,data/raw/mops_financials/6274_2023_Q4_C.html,https://mopsov.twse.com.tw/server-java/t164sb01?step=1&CO_ID=6274&SYEAR=2023&SSEASON=4&REPORT_ID=C,19.740463652732064,8.900632443468183,0.10615329888846503,0.23275683081945112,0.30569266194127676
2024-11-01,2024-12-16,2.260922,0.8157726946910325,0.7812088557920566,0.6099614805571109,0.4539383966810016,0.3618342980100309,1.42,2023.0,2023-12-31,2024-07-01,next_year_july_1_proxy_not_actual_release,data/processed/TUC_6274_assignment_historical_2016_2025.csv,data/raw/mops_financials/6274_2023_Q4_C.html,https://mopsov.twse.com.tw/server-java/t164sb01?step=1&CO_ID=6274&SYEAR=2023&SSEASON=4&REPORT_ID=C,19.740463652732064,8.900632443468183,0.10615329888846503,0.23275683081945112,0.30569266194127676
2024-12-01,2025-01-16,2.018859,0.702532500339266,0.7421537259684144,0.6384601944003846,0.3605479342199804,0.34198456611928557,1.43,2023.0,2023-12-31,2024-07-01,next_year_july_1_proxy_not_actual_release,data/processed/TUC_6274_assignment_historical_2016_2025.csv,data/raw/mops_financials/6274_2023_Q4_C.html,https://mopsov.twse.com.tw/server-java/t164sb01?step=1&CO_ID=6274&SYEAR=2023&SSEASON=4&REPORT_ID=C,19.740463652732064,8.900632443468183,0.10615329888846503,0.23275683081945112,0.30569266194127676
2025-01-01,2025-02-16,2.021128,0.7036557713985905,0.7406536554762962,0.6634926732477489,0.4032660252302198,0.30038974616837066,1.44,2023.0,2023-12-31,2024-07-01,next_year_july_1_proxy_not_actual_release,data/processed/TUC_6274_assignment_historical_2016_2025.csv,data/raw/mops_financials/6274_2023_Q4_C.html,https://mopsov.twse.com.tw/server-java/t164sb01?step=1&CO_ID=6274&SYEAR=2023&SSEASON=4&REPORT_ID=C,19.740463652732064,8.900632443468183,0.10615329888846503,0.23275683081945112,0.30569266194127676
2025-02-01,2025-03-16,2.153377,0.7670373075585628,0.7244085264321396,0.7132069722151154,0.17046571995016438,0.5965715876083985,1.45,2023.0,2023-12-31,2024-07-01,next_year_july_1_proxy_not_actual_release,data/processed/TUC_6274_assignment_historical_2016_2025.csv,data/raw/mops_financials/6274_2023_Q4_C.html,https://mopsov.twse.com.tw/server-java/t164sb01?step=1&CO_ID=6274&SYEAR=2023&SSEASON=4&REPORT_ID=C,19.740463652732064,8.900632443468183,0.10615329888846503,0.23275683081945112,0.30569266194127676
2025-03-01,2025-04-16,2.194287,0.7858571646015412,0.7521834145195648,0.7320236188740687,0.5600574046941001,0.22579975990744106,1.46,2023.0,2023-12-31,2024-07-01,next_year_july_1_proxy_not_actual_release,data/processed/TUC_6274_assignment_historical_2016_2025.csv,data/raw/mops_financials/6274_2023_Q4_C.html,https://mopsov.twse.com.tw/server-java/t164sb01?step=1&CO_ID=6274&SYEAR=2023&SSEASON=4&REPORT_ID=C,19.740463652732064,8.900632443468183,0.10615329888846503,0.23275683081945112,0.30569266194127676
2025-04-01,2025-05-16,2.328755,0.8453337900059671,0.7994094207220236,0.7524688697322585,0.5999907797076911,0.245343010298276,1.47,2023.0,2023-12-31,2024-07-01,next_year_july_1_proxy_not_actual_release,data/processed/TUC_6274_assignment_historical_2016_2025.csv,data/raw/mops_financials/6274_2023_Q4_C.html,https://mopsov.twse.com.tw/server-java/t164sb01?step=1&CO_ID=6274&SYEAR=2023&SSEASON=4&REPORT_ID=C,19.740463652732064,8.900632443468183,0.10615329888846503,0.23275683081945112,0.30569266194127676
2025-05-01,2025-06-16,2.098333,0.741143219971953,0.7907780581931537,0.7589940931669138,0.6628405387560891,0.07830268121586392,1.48,2023.0,2023-12-31,2024-07-01,next_year_july_1_proxy_not_actual_release,data/processed/TUC_6274_assignment_historical_2016_2025.csv,data/raw/mops_financials/6274_2023_Q4_C.html,https://mopsov.twse.com.tw/server-java/t164sb01?step=1&CO_ID=6274&SYEAR=2023&SSEASON=4&REPORT_ID=C,19.740463652732064,8.900632443468183,0.10615329888846503,0.23275683081945112,0.30569266194127676
2025-06-01,2025-07-16,2.356699,0.857261911089677,0.8145796403558657,0.7751069747204599,0.6639073324471244,0.19335457864255257,1.49,2024.0,2024-12-31,2025-07-01,next_year_july_1_proxy_not_actual_release,data/processed/TUC_6274_assignment_historical_2016_2025.csv,data/raw/mops_financials/6274_2024_Q4_C.html,https://mopsov.twse.com.tw/server-java/t164sb01?step=1&CO_ID=6274&SYEAR=2024&SSEASON=4&REPORT_ID=C,23.15324923576397,14.442170007704668,0.12323755386018245,0.16765981204876768,0.33585309122852125
2025-07-01,2025-08-16,2.667033,0.980966618576645,0.8597905832127584,0.7934290223652488,0.7611020468391767,0.21986457173746832,1.5,2024.0,2024-12-31,2025-07-01,next_year_july_1_proxy_not_actual_release,data/processed/TUC_6274_assignment_historical_2016_2025.csv,data/raw/mops_financials/6274_2024_Q4_C.html,https://mopsov.twse.com.tw/server-java/t164sb01?step=1&CO_ID=6274&SYEAR=2024&SSEASON=4&REPORT_ID=C,23.15324923576397,14.442170007704668,0.12323755386018245,0.16765981204876768,0.33585309122852125
2025-08-01,2025-09-16,2.544064,0.9337628023941423,0.9239971106868213,0.805098137776043,0.793733417464614,0.14002938492952832,1.51,2024.0,2024-12-31,2025-07-01,next_year_july_1_proxy_not_actual_release,data/processed/TUC_6274_assignment_historical_2016_2025.csv,data/raw/mops_financials/6274_2024_Q4_C.html,https://mopsov.twse.com.tw/server-java/t164sb01?step=1&CO_ID=6274&SYEAR=2024&SSEASON=4&REPORT_ID=C,23.15324923576397,14.442170007704668,0.12323755386018245,0.16765981204876768,0.33585309122852125
2025-09-01,2025-10-16,2.851779,1.0479430100685188,0.987557477013102,0.8241185644642367,0.8196978898101922,0.22824512025832655,1.52,2024.0,2024-12-31,2025-07-01,next_year_july_1_proxy_not_actual_release,data/processed/TUC_6274_assignment_historical_2016_2025.csv,data/raw/mops_financials/6274_2024_Q4_C.html,https://mopsov.twse.com.tw/server-java/t164sb01?step=1&CO_ID=6274&SYEAR=2024&SSEASON=4&REPORT_ID=C,23.15324923576397,14.442170007704668,0.12323755386018245,0.16765981204876768,0.33585309122852125
2025-10-01,2025-11-16,2.853997,1.0487204678978204,1.0101420934534937,0.8524989382161431,0.7081559828749451,0.3405644850228753,1.53,2024.0,2024-12-31,2025-07-01,next_year_july_1_proxy_not_actual_release,data/processed/TUC_6274_assignment_historical_2016_2025.csv,data/raw/mops_financials/6274_2024_Q4_C.html,https://mopsov.twse.com.tw/server-java/t164sb01?step=1&CO_ID=6274&SYEAR=2024&SSEASON=4&REPORT_ID=C,23.15324923576397,14.442170007704668,0.12323755386018245,0.16765981204876768,0.33585309122852125
2025-11-01,2025-12-16,3.024742,1.1068257985892709,1.06782975885187,0.8767533635409963,0.8157726946910325,0.29105310389823835,1.54,2024.0,2024-12-31,2025-07-01,next_year_july_1_proxy_not_actual_release,data/processed/TUC_6274_assignment_historical_2016_2025.csv,data/raw/mops_financials/6274_2024_Q4_C.html,https://mopsov.twse.com.tw/server-java/t164sb01?step=1&CO_ID=6274&SYEAR=2024&SSEASON=4&REPORT_ID=C,23.15324923576397,14.442170007704668,0.12323755386018245,0.16765981204876768,0.33585309122852125
2025-12-01,2026-01-16,3.250133,1.178695918581243,1.1114140616894448,0.9164336483944943,0.702532500339266,0.47616341824197694,1.55,2024.0,2024-12-31,2025-07-01,next_year_july_1_proxy_not_actual_release,data/processed/TUC_6274_assignment_historical_2016_2025.csv,data/raw/mops_financials/6274_2024_Q4_C.html,https://mopsov.twse.com.tw/server-java/t164sb01?step=1&CO_ID=6274&SYEAR=2024&SSEASON=4&REPORT_ID=C,23.15324923576397,14.442170007704668,0.12323755386018245,0.16765981204876768,0.33585309122852125
2026-01-01,2026-02-16,3.533279,1.2622263349731884,1.1825826840479008,0.9629811953590441,0.7036557713985905,0.5585705635745979,1.56,2024.0,2024-12-31,2025-07-01,next_year_july_1_proxy_not_actual_release,data/processed/TUC_6274_assignment_historical_2016_2025.csv,data/raw/mops_financials/6274_2024_Q4_C.html,https://mopsov.twse.com.tw/server-java/t164sb01?step=1&CO_ID=6274&SYEAR=2024&SSEASON=4&REPORT_ID=C,23.15324923576397,14.442170007704668,0.12323755386018245,0.16765981204876768,0.33585309122852125
2026-02-01,2026-03-16,2.740833,1.0082618887954449,1.1497280474499587,0.9830832437954511,0.7670373075585628,0.24122458123688206,1.57,2024.0,2024-12-31,2025-07-01,next_year_july_1_proxy_not_actual_release,data/processed/TUC_6274_assignment_historical_2016_2025.csv,data/raw/mops_financials/6274_2024_Q4_C.html,https://mopsov.twse.com.tw/server-java/t164sb01?step=1&CO_ID=6274&SYEAR=2024&SSEASON=4&REPORT_ID=C,23.15324923576397,14.442170007704668,0.12323755386018245,0.16765981204876768,0.33585309122852125
2026-03-01,2026-04-16,3.781706,1.3301752305673393,1.200221151445324,1.028443082625934,0.7858571646015412,0.5443180659657981,1.58,2024.0,2024-12-31,2025-07-01,next_year_july_1_proxy_not_actual_release,data/processed/TUC_6274_assignment_historical_2016_2025.csv,data/raw/mops_financials/6274_2024_Q4_C.html,https://mopsov.twse.com.tw/server-java/t164sb01?step=1&CO_ID=6274&SYEAR=2024&SSEASON=4&REPORT_ID=C,23.15324923576397,14.442170007704668,0.12323755386018245,0.16765981204876768,0.33585309122852125
2026-04-01,2026-05-16,4.610166,1.52826386503705,1.288900328133278,1.0853539222118578,0.8453337900059671,0.6829300750310828,1.59,2024.0,2024-12-31,2025-07-01,next_year_july_1_proxy_not_actual_release,data/processed/TUC_6274_assignment_historical_2016_2025.csv,data/raw/mops_financials/6274_2024_Q4_C.html,https://mopsov.twse.com.tw/server-java/t164sb01?step=1&CO_ID=6274&SYEAR=2024&SSEASON=4&REPORT_ID=C,23.15324923576397,14.442170007704668,0.12323755386018245,0.16765981204876768,0.33585309122852125
2026-05-01,2026-06-16,4.794425,1.5674537845650631,1.4752976267231508,1.1542131359279502,0.741143219971953,0.8263105645931101,1.6,2024.0,2024-12-31,2025-07-01,next_year_july_1_proxy_not_actual_release,data/processed/TUC_6274_assignment_historical_2016_2025.csv,data/raw/mops_financials/6274_2024_Q4_C.html,https://mopsov.twse.com.tw/server-java/t164sb01?step=1&CO_ID=6274&SYEAR=2024&SSEASON=4&REPORT_ID=C,23.15324923576397,14.442170007704668,0.12323755386018245,0.16765981204876768,0.33585309122852125
2026-06-01,2026-07-16,4.895221,1.588259423073645,1.5613256908919195,1.2151295952599475,0.857261911089677,0.7309975119839681,1.61,2025.0,2025-12-31,2026-07-01,next_year_july_1_proxy_not_actual_release,data/processed/TUC_6274_assignment_historical_2016_2025.csv,data/raw/mops_financials/6274_2025_Q4_C.html,https://mopsov.twse.com.tw/server-java/t164sb01?step=1&CO_ID=6274&SYEAR=2025&SSEASON=4&REPORT_ID=C,22.734804130554693,14.316497548552276,0.1863271993797855,0.14004306374082845,0.3243738659407681
2026-07-01,2026-08-16,5.908074,1.776319889979994,1.6440110325395674,1.28140903454356,0.980966618576645,0.7953532714033489,1.62,2025.0,2025-12-31,2026-07-01,next_year_july_1_proxy_not_actual_release,data/processed/TUC_6274_assignment_historical_2016_2025.csv,data/raw/mops_financials/6274_2025_Q4_C.html,https://mopsov.twse.com.tw/server-java/t164sb01?step=1&CO_ID=6274&SYEAR=2025&SSEASON=4&REPORT_ID=C,22.734804130554693,14.316497548552276,0.1863271993797855,0.14004306374082845,0.3243738659407681
2026-08-01,2026-09-16,5.91454,1.7774137260207716,1.7139976796914702,1.3517132781791126,0.9337628023941423,0.8436509236266293,1.63,2025.0,2025-12-31,2026-07-01,next_year_july_1_proxy_not_actual_release,data/processed/TUC_6274_assignment_historical_2016_2025.csv,data/raw/mops_financials/6274_2025_Q4_C.html,https://mopsov.twse.com.tw/server-java/t164sb01?step=1&CO_ID=6274&SYEAR=2025&SSEASON=4&REPORT_ID=C,22.734804130554693,14.316497548552276,0.1863271993797855,0.14004306374082845,0.3243738659407681
2026-09-01,2026-10-16,6.12557,1.8124718133253532,1.7887351431087062,1.4154240117838486,1.0479430100685188,0.7645288032568345,1.64,2025.0,2025-12-31,2026-07-01,next_year_july_1_proxy_not_actual_release,data/processed/TUC_6274_assignment_historical_2016_2025.csv,data/raw/mops_financials/6274_2025_Q4_C.html,https://mopsov.twse.com.tw/server-java/t164sb01?step=1&CO_ID=6274&SYEAR=2025&SSEASON=4&REPORT_ID=C,22.734804130554693,14.316497548552276,0.1863271993797855,0.14004306374082845,0.3243738659407681
