financial_year,financial_period_end,financial_available_at,financial_availability_policy,financial_source,financial_raw_file,financial_source_url,fin_gross_margin_pct,fin_operating_margin_pct,fin_inventory_asset_ratio,fin_ppe_asset_ratio,fin_ar_asset_ratio
2016,2016-12-31,2017-07-01,next_year_july_1_proxy_not_actual_release,data/processed/TUC_6274_assignment_historical_2016_2025.csv,data/raw/mops_financials/6274_2016_Q4_C.html,https://mopsov.twse.com.tw/server-java/t164sb01?step=1&CO_ID=6274&SYEAR=2016&SSEASON=4&REPORT_ID=C,20.0340069585899,9.064613444825335,0.13302521144166016,0.24541935170627432,0.3676552536081829
2017,2017-12-31,2018-07-01,next_year_july_1_proxy_not_actual_release,data/processed/TUC_6274_assignment_historical_2016_2025.csv,data/raw/mops_financials/6274_2017_Q4_C.html,https://mopsov.twse.com.tw/server-java/t164sb01?step=1&CO_ID=6274&SYEAR=2017&SSEASON=4&REPORT_ID=C,20.72697799215324,8.328848203007462,0.16423799579968038,0.21325359818217243,0.43470519071371566
2018,2018-12-31,2019-07-01,next_year_july_1_proxy_not_actual_release,data/processed/TUC_6274_assignment_historical_2016_2025.csv,data/raw/mops_financials/6274_2018_Q4_C.html,https://mopsov.twse.com.tw/server-java/t164sb01?step=1&CO_ID=6274&SYEAR=2018&SSEASON=4&REPORT_ID=C,22.61171584596721,13.490675836693145,0.12767041860353706,0.15786141968071893,0.3580331129505131
2019,2019-12-31,2020-07-01,next_year_july_1_proxy_not_actual_release,data/processed/TUC_6274_assignment_historical_2016_2025.csv,data/raw/mops_financials/6274_2019_Q4_C.html,https://mopsov.twse.com.tw/server-java/t164sb01?step=1&CO_ID=6274&SYEAR=2019&SSEASON=4&REPORT_ID=C,23.607053340515368,12.305632812236569,0.1369585598704397,0.17121767063537863,0.33618181522454815
2020,2020-12-31,2021-07-01,next_year_july_1_proxy_not_actual_release,data/processed/TUC_6274_assignment_historical_2016_2025.csv,data/raw/mops_financials/6274_2020_Q4_C.html,https://mopsov.twse.com.tw/server-java/t164sb01?step=1&CO_ID=6274&SYEAR=2020&SSEASON=4&REPORT_ID=C,23.40932368703417,12.597582115706384,0.11503892791547594,0.21136907106654984,0.24744833063686444
2021,2021-12-31,2022-07-01,next_year_july_1_proxy_not_actual_release,data/processed/TUC_6274_assignment_historical_2016_2025.csv,data/raw/mops_financials/6274_2021_Q4_C.html,https://mopsov.twse.com.tw/server-java/t164sb01?step=1&CO_ID=6274&SYEAR=2021&SSEASON=4&REPORT_ID=C,20.965136352193163,11.262703458823664,0.13016123159099213,0.19679353624928414,0.30468202712828024
2022,2022-12-31,2023-07-01,next_year_july_1_proxy_not_actual_release,data/processed/TUC_6274_assignment_historical_2016_2025.csv,data/raw/mops_financials/6274_2022_Q4_C.html,https://mopsov.twse.com.tw/server-java/t164sb01?step=1&CO_ID=6274&SYEAR=2022&SSEASON=4&REPORT_ID=C,18.434156584449827,8.107349624255528,0.0994477679345124,0.2169033056251668,0.28381115267406365
2023,2023-12-31,2024-07-01,next_year_july_1_proxy_not_actual_release,data/processed/TUC_6274_assignment_historical_2016_2025.csv,data/raw/mops_financials/6274_2023_Q4_C.html,https://mopsov.twse.com.tw/server-java/t164sb01?step=1&CO_ID=6274&SYEAR=2023&SSEASON=4&REPORT_ID=C,19.740463652732064,8.900632443468183,0.10615329888846503,0.23275683081945112,0.30569266194127676
2024,2024-12-31,2025-07-01,next_year_july_1_proxy_not_actual_release,data/processed/TUC_6274_assignment_historical_2016_2025.csv,data/raw/mops_financials/6274_2024_Q4_C.html,https://mopsov.twse.com.tw/server-java/t164sb01?step=1&CO_ID=6274&SYEAR=2024&SSEASON=4&REPORT_ID=C,23.15324923576397,14.442170007704668,0.12323755386018245,0.16765981204876768,0.33585309122852125
2025,2025-12-31,2026-07-01,next_year_july_1_proxy_not_actual_release,data/processed/TUC_6274_assignment_historical_2016_2025.csv,data/raw/mops_financials/6274_2025_Q4_C.html,https://mopsov.twse.com.tw/server-java/t164sb01?step=1&CO_ID=6274&SYEAR=2025&SSEASON=4&REPORT_ID=C,22.734804130554693,14.316497548552276,0.1863271993797855,0.14004306374082845,0.3243738659407681
