date,target_revenue_bn_twd,target_log_revenue,log_lag1,log_lag2,log_lag3,log_lag6,log_lag12,log_lag13,log_lag24,log_roll3,log_roll6,log_roll12,yoy_log_lag1,yoy_log_mean3,yoy_log_mean6,mom_log_lag1,month_sin,month_cos,time_trend
2015-01-01,1.210765,0.19125239123953164,0.12675246754361544,0.12100096367900438,0.1863642075918888,0.19527150969178378,0.11976063447372935,0.03564992238448745,0.04714500210833479,0.1447058796048362,0.15553700228904954,0.10783684349592161,0.091102545159128,0.1513967191329361,0.16090586981971472,0.0057515038646110545,0.49999999999999994,0.8660254037844387,0.24
2015-02-01,0.929907,-0.07267069783516875,0.19125239123953164,0.12675246754361544,0.12100096367900438,0.15607083514852843,-0.12515287634004124,0.11976063447372935,-0.1829881789371309,0.14633527415405048,0.15486714921367417,0.1137944898930718,0.07149175676580229,0.10401950938942568,0.13800348946787652,0.0644999236959162,0.8660254037844386,0.5000000000000001,0.25
2015-03-01,1.052153,0.05083854100290211,-0.07267069783516875,0.19125239123953164,0.12675246754361544,0.14776203007947636,0.03695757726897868,-0.12515287634004124,0.09896168674904679,0.08177805364932612,0.11674356038305798,0.11816800476847784,0.052482178504872495,0.0716921601432676,0.12336556971667717,-0.2639230890747004,1.0,6.123233995736766e-17,0.26
2015-04-01,0.985165,-0.014946139148376966,0.05083854100290211,-0.07267069783516875,0.19125239123953164,0.1863642075918888,0.11594312183034511,0.03695757726897868,0.1547619215523962,0.05647341146908833,0.10058964553696226,0.11932475174630482,0.013880963733923432,0.04595163300153274,0.09867417606723443,0.12350923883807086,0.8660254037844387,-0.4999999999999998,0.27
2015-05-01,1.011793,0.011724004488453716,-0.014946139148376966,0.05083854100290211,-0.07267069783516875,0.12100096367900438,0.12412289620256317,0.11594312183034511,-2.500031250526119e-05,-0.012259431993547868,0.0670379210802513,0.1084173133314113,-0.13088926097872208,-0.021508706246642053,0.04125540157139181,-0.06578468015127907,0.49999999999999994,-0.8660254037844387,0.28
2015-06-01,0.990189,-0.009859444983413884,0.011724004488453716,-0.014946139148376966,0.05083854100290211,0.12675246754361544,0.08918875478118721,0.12412289620256317,-0.15296005556837367,0.01587213544765962,0.048825094548492876,0.0990507390219022,-0.11239889171410945,-0.0764690629863027,-0.0023884514215175546,0.026670143636830682,1.2246467991473532e-16,-1.0,0.29
2015-07-01,1.115975,0.10972846227451152,-0.009859444983413884,0.011724004488453716,-0.014946139148376966,0.19125239123953164,0.19527150969178378,0.08918875478118721,-0.01363452918504773,-0.004360526547779044,0.026056442460654642,0.09079672237485209,-0.0990481997646011,-0.11411211748581089,-0.03408024224213907,-0.021583449471867598,-0.4999999999999997,-0.8660254037844388,0.3
2015-08-01,1.204991,0.186472098035058,0.10972846227451152,-0.009859444983413884,0.011724004488453716,-0.07267069783516875,0.15607083514852843,0.19527150969178378,0.015761138136459754,0.03719767392651712,0.012469120966484627,0.0836681350900794,-0.08554304741727226,-0.0989967129653276,-0.060252709605984826,0.11958790725792541,-0.8660254037844385,-0.5000000000000004,0.31
2015-09-01,1.175102,0.16135495233911995,0.186472098035058,0.10972846227451152,-0.009859444983413884,0.05083854100290211,0.14776203007947636,0.15607083514852843,-0.014267295551103475,0.09544703844205188,0.05565958694485575,0.08620157366395687,0.030401262886529556,-0.05139666143178127,-0.06393286220904199,0.07674363576054646,-1.0,-1.8369701987210297e-16,0.32
2015-10-01,1.054928,0.05347251815363765,0.16135495233911995,0.186472098035058,0.10972846227451152,-0.014946139148376966,0.1863642075918888,0.14776203007947636,-0.027259178404444803,0.15251850421622984,0.07407898883422538,0.08733431718559385,0.013592922259643592,-0.013849620757033035,-0.06398086912142197,-0.025117145695938037,-0.8660254037844386,0.5000000000000001,0.33
2015-11-01,1.07318,0.07062620354029657,0.05347251815363765,0.16135495233911995,0.186472098035058,0.011724004488453716,0.12100096367900438,0.1863642075918888,-0.028463262564342395,0.13376652284260518,0.08548209838456117,0.07626000973240624,-0.13289168943825114,-0.029632501430692664,-0.06431460719801013,-0.1078824341854823,-0.5000000000000004,0.8660254037844384,0.34
2015-12-01,1.116461,0.11016386110133357,0.07062620354029657,0.05347251815363765,0.16135495233911995,-0.009859444983413884,0.12675246754361544,0.12100096367900438,0.03564992238448745,0.09515122467768472,0.0952991315598683,0.07206211305418059,-0.050374760138707814,-0.05655784243910512,-0.05397725193544319,0.017153685386658922,-2.4492935982947064e-16,1.0,0.35
2016-01-01,1.099012,0.09441159437916082,0.11016386110133357,0.07062620354029657,0.05347251815363765,0.10972846227451152,0.19125239123953164,0.12675246754361544,0.11976063447372935,0.07808752759842259,0.11530301590732622,0.07067972918399042,-0.01658860644228187,-0.0666183520064136,-0.04023398638172332,0.039537657561037,0.49999999999999994,0.8660254037844387,0.36
2016-02-01,0.923976,-0.07906918170375775,0.09441159437916082,0.11016386110133357,0.07062620354029657,0.186472098035058,-0.07267069783516875,0.19125239123953164,-0.12515287634004124,0.09173388634026365,0.11275020459143442,0.06260966277895952,-0.09684079686037082,-0.05460138781378684,-0.04211694462223975,-0.015752266722172753,0.8660254037844386,0.5000000000000001,0.37
2016-03-01,1.185895,0.17049776377262407,-0.07906918170375775,0.09441159437916082,0.11016386110133357,0.16135495233911995,0.05083854100290211,-0.07267069783516875,0.03695757726897868,0.04183542459224554,0.06849332463496513,0.062076455789910445,-0.006398483868589003,-0.03994262905708056,-0.04825023574809284,-0.17348077608291856,1.0,6.123233995736766e-17,0.38
2016-04-01,1.16308,0.15107165878899628,0.17049776377262407,-0.07906918170375775,0.09441159437916082,0.05347251815363765,-0.014946139148376966,0.05083854100290211,0.11594312183034511,0.06194672548267571,0.07001712654054915,0.07204805768738727,0.11965922276972196,0.005473314013587379,-0.03057251899641311,0.2495669454763818,0.8660254037844387,-0.4999999999999998,0.39
2016-05-01,1.133834,0.12560481011058885,0.15107165878899628,0.17049776377262407,-0.07906918170375775,0.07062620354029657,0.011724004488453716,-0.014946139148376966,0.12412289620256317,0.08083341361928753,0.0862836499797756,0.08588287418216838,0.16601779793737326,0.09309284561283541,0.01924572889952429,-0.01942610498362779,0.49999999999999994,-0.8660254037844387,0.4
2016-06-01,1.028237,0.027845685208698786,0.12560481011058885,0.15107165878899628,0.17049776377262407,0.11016386110133357,-0.009859444983413884,0.011724004488453716,0.08918875478118721,0.14905807755740308,0.09544675107482431,0.0953729413173463,0.11388080562213514,0.13318594210974347,0.04662165652633144,-0.025466848678407428,1.2246467991473532e-16,-1.0,0.41
2016-07-01,1.087644,0.08401388900787311,0.027845685208698786,0.12560481011058885,0.15107165878899628,0.09441159437916082,0.10972846227451152,-0.009859444983413884,0.19527150969178378,0.10150738470276131,0.0817270550927185,0.09851503550002237,0.03770513019211267,0.10586791125054036,0.055670612632063875,-0.09775912490189007,-0.4999999999999997,-0.8660254037844388,0.42
2016-08-01,1.167878,0.155188426895745,0.08401388900787311,0.027845685208698786,0.12560481011058885,-0.07906918170375775,0.186472098035058,0.10972846227451152,0.15607083514852843,0.07915479477572025,0.0799941041975039,0.09637215439446917,-0.02571457326663841,0.04195712084920313,0.06752498323101928,0.056168203799174324,-0.8660254037844385,-0.5000000000000004,0.43
2016-09-01,1.109498,0.10390766077509694,0.155188426895745,0.08401388900787311,0.027845685208698786,0.17049776377262407,0.16135495233911995,0.186472098035058,0.14776203007947636,0.0890160003707723,0.11903703896408768,0.0937651817995264,-0.03128367113931299,-0.006431038071279577,0.06337745201923195,0.07117453788787188,-1.0,-1.8369701987210297e-16,0.44
2016-10-01,1.087649,0.08401848608973753,0.10390766077509694,0.155188426895745,0.08401388900787311,0.15107165878899628,0.05347251815363765,0.16135495233911995,0.1863642075918888,0.11436999222623835,0.10793868846449983,0.08897790750252449,-0.057447291564023006,-0.03814851198999147,0.03385969963027446,-0.05128076612064805,-0.8660254037844386,0.5000000000000001,0.45
2016-11-01,1.225664,0.2034827379619574,0.08401848608973753,0.10390766077509694,0.155188426895745,0.12560481011058885,0.07062620354029657,0.05347251815363765,0.12100096367900438,0.1143715245868598,0.09676315968129003,0.0915234048305328,0.03054596793609988,-0.019394998255745373,0.011281061296728878,-0.019889174685359418,-0.5000000000000004,0.8660254037844384,0.46
2016-12-01,1.211943,0.19222485683822124,0.2034827379619574,0.08401848608973753,0.10390766077509694,0.027845685208698786,0.11016386110133357,0.07062620354029657,0.12675246754361544,0.1304696282755973,0.10974281432318479,0.10259478269900456,0.13285653442166084,0.03531840359791257,0.014443682763316498,0.11946425187221987,-2.4492935982947064e-16,1.0,0.47
2017-01-01,1.253293,0.22577448736481492,0.19222485683822124,0.2034827379619574,0.08401848608973753,0.08401388900787311,0.09441159437916082,0.11016386110133357,0.19125239123953164,0.15990869362997207,0.1371393429281052,0.10943319901041186,0.08206099573688767,0.08182116603154947,0.021836327020778996,-0.011257881123736158,0.49999999999999994,0.8660254037844387,0.48
2017-02-01,1.294898,0.25843192757065225,0.22577448736481492,0.19222485683822124,0.2034827379619574,0.155188426895745,-0.07906918170375775,0.09441159437916082,-0.07267069783516875,0.20716069405499785,0.16076610932092883,0.12038010675921636,0.13136289298565412,0.11542680771473422,0.048015904729494414,0.03354963052659368,0.8660254037844386,0.5000000000000001,0.49
2017-03-01,1.425661,0.354635565820107,0.25843192757065225,0.22577448736481492,0.19222485683822124,0.10390766077509694,0.17049776377262407,-0.07906918170375775,0.05083854100290211,0.22547709059122947,0.17797335943341341,0.14850519919875052,0.33750110927441,0.18364166599898393,0.10948003479844826,0.03265744020583733,1.0,6.123233995736766e-17,0.5
2017-04-01,1.254519,0.22675223218593368,0.354635565820107,0.25843192757065225,0.22577448736481492,0.08401848608973753,0.15107165878899628,0.17049776377262407,-0.014946139148376966,0.2796139935851914,0.21976134360758173,0.1638500160360408,0.18413780204748295,0.2176672681025157,0.1497442170670326,0.09620363824945477,0.8660254037844387,-0.4999999999999998,0.51
2017-05-01,1.302382,0.2641948955318122,0.22675223218593368,0.354635565820107,0.25843192757065225,0.2034827379619574,0.12560481011058885,0.15107165878899628,0.011724004488453716,0.27993990852556433,0.24355030129028107,0.17015673048578558,0.0756805733969374,0.19910649490627677,0.15726665131050552,-0.12788333363417334,0.49999999999999994,-0.8660254037844387,0.52
2017-06-01,1.276749,0.24431700330661746,0.2641948955318122,0.22675223218593368,0.354635565820107,0.19222485683822124,0.027845685208698786,0.12560481011058885,-0.009859444983413884,0.281860897845951,0.2536689942185902,0.18170590427088748,0.13859008542122334,0.13280282028854787,0.15822224314376593,0.03744266334587851,1.2246467991473532e-16,-1.0,0.53
2017-07-01,1.272968,0.24135118178877601,0.24431700330661746,0.2641948955318122,0.22675223218593368,0.22577448736481492,0.08401388900787311,0.027845685208698786,0.10972846227451152,0.24508804367478776,0.2623510186299896,0.19974518077904738,0.21647131809791867,0.14358065897202646,0.18062396353727106,-0.019877892225194732,-0.4999999999999997,-0.8660254037844388,0.54
2017-08-01,1.398728,0.3355632521914414,0.24135118178877601,0.24431700330661746,0.2641948955318122,0.25843192757065225,0.155188426895745,0.08401388900787311,0.186472098035058,0.24995436020906855,0.26494713436731643,0.2128566218441226,0.15733729278090292,0.1707995654333483,0.18495303016981254,-0.0029658215178414438,-0.8660254037844385,-0.5000000000000004,0.55
2017-09-01,1.380656,0.3225587485390799,0.3355632521914414,0.24135118178877601,0.24431700330661746,0.354635565820107,0.10390766077509694,0.155188426895745,0.16135495233911995,0.2737438124289449,0.27780235513744794,0.22788785728543068,0.1803748252956964,0.18472781205817265,0.15876531617336026,0.09421207040266538,-1.0,-1.8369701987210297e-16,0.56
2017-10-01,1.343151,0.2950183460681335,0.3225587485390799,0.3355632521914414,0.24135118178877601,0.22675223218593368,0.08401848608973753,0.10390766077509694,0.05347251815363765,0.29982439417309914,0.27245621892394345,0.2461087812657626,0.21865108776398295,0.18545440194686078,0.16451753045944362,-0.013004503652361499,-0.8660254037844386,0.5000000000000001,0.57
2017-11-01,1.444946,0.3680719506238961,0.2950183460681335,0.3225587485390799,0.3355632521914414,0.2641948955318122,0.2034827379619574,0.08401848608973753,0.07062620354029657,0.31771344893288495,0.28383390457097674,0.2636921029306289,0.21099985997839596,0.20334192434602513,0.1870707448896867,-0.027540402470946412,-0.5000000000000004,0.8660254037844384,0.58
2017-12-01,1.455755,0.3755246663848696,0.3680719506238961,0.2950183460681335,0.3225587485390799,0.24431700330661746,0.19222485683822124,0.2034827379619574,0.11016386110133357,0.3285496817437032,0.30114674708632405,0.27740787065245714,0.16458921266193868,0.19808005346810587,0.19140393276313925,0.0730536045557626,-2.4492935982947064e-16,1.0,0.59
2018-01-01,1.545301,0.4352187133808387,0.3755246663848696,0.3680719506238961,0.2950183460681335,0.24135118178877601,0.22577448736481492,0.19222485683822124,0.09441159437916082,0.3462049876922997,0.3230146909326994,0.29268285478134454,0.18329980954664835,0.18629629406232764,0.18587534800459424,0.007452715760973505,0.49999999999999994,0.8660254037844387,0.6
2018-02-01,1.293042,0.25699758186078014,0.4352187133808387,0.3755246663848696,0.3680719506238961,0.3355632521914414,0.25843192757065225,0.22577448736481492,-0.07906918170375775,0.39293844346320145,0.3553259461980432,0.31013654028267984,0.20944422601602375,0.18577774940820357,0.19455983687711434,0.059694046995969086,0.8660254037844386,0.5000000000000001,0.61
2018-03-01,1.598461,0.46904129134712014,0.25699758186078014,0.4352187133808387,0.3755246663848696,0.3225587485390799,0.354635565820107,0.25843192757065225,0.17049776377262407,0.3559136538754961,0.3422316678095996,0.3100170114735238,-0.001434345709872109,0.13043656328426667,0.16425830837618627,-0.17822113152005853,1.0,6.123233995736766e-17,0.62
2018-04-01,1.568394,0.4500521658740167,0.46904129134712014,0.25699758186078014,0.4352187133808387,0.2950183460681335,0.22675223218593368,0.354635565820107,0.15107165878899628,0.3870858621962463,0.366645424944273,0.3195508219341082,0.11440572552701311,0.10747186861105491,0.14688408133669129,0.21204370948634,0.8660254037844387,-0.4999999999999998,0.63
2018-05-01,1.524766,0.42184095566290053,0.4500521658740167,0.46904129134712014,0.25699758186078014,0.3680719506238961,0.2641948955318122,0.22675223218593368,0.12560481011058885,0.392030346360639,0.39248439491192016,0.33815914974144845,0.223299933688083,0.11209043783507466,0.14893409362163912,-0.01898912547310344,0.49999999999999994,-0.8660254037844387,0.64
2018-06-01,1.483844,0.3946360179257577,0.42184095566290053,0.4500521658740167,0.46904129134712014,0.3755246663848696,0.24431700330661746,0.2641948955318122,0.027845685208698786,0.4469781376280125,0.4014458957517542,0.35129632141903916,0.15764606013108834,0.16511723978206147,0.14777690153316406,-0.028211210211116167,1.2246467991473532e-16,-1.0,0.65
2018-07-01,1.589952,0.46370382709720753,0.3946360179257577,0.42184095566290053,0.4500521658740167,0.4352187133808387,0.24135118178877601,0.24431700330661746,0.08401388900787311,0.4221763798208917,0.4046311210085689,0.36382290597063416,0.15031901461914024,0.17708833614610386,0.14228010237857938,-0.02720493773714283,-0.4999999999999997,-0.8660254037844388,0.66
2018-08-01,1.562505,0.44629030262329955,0.46370382709720753,0.3946360179257577,0.42184095566290053,0.25699758186078014,0.3355632521914414,0.24135118178877601,0.155188426895745,0.42672693356195524,0.40937863996129714,0.3823522930796701,0.22235264530843152,0.17677257335288674,0.14443150559398069,0.06906780917144983,-0.8660254037844385,-0.5000000000000004,0.67
2018-09-01,1.527367,0.4235453378963359,0.44629030262329955,0.46370382709720753,0.3946360179257577,0.46904129134712014,0.3225587485390799,0.3355632521914414,0.10390766077509694,0.43487671588208826,0.4409274267550504,0.39157954728232497,0.11072705043185815,0.16113290345314332,0.1631250716176024,-0.017413524473907982,-1.0,-1.8369701987210297e-16,0.68
2018-10-01,1.437967,0.36323031049589477,0.4235453378963359,0.44629030262329955,0.46370382709720753,0.4500521658740167,0.2950183460681335,0.3225587485390799,0.08401848608973753,0.444513155872281,0.4333447678465863,0.3999950963954296,0.10098658935725602,0.1446887616991819,0.1608885489226429,-0.022744964726963635,-0.8660254037844386,0.5000000000000001,0.69
2018-11-01,1.401442,0.3375017065351742,0.36323031049589477,0.4235453378963359,0.44629030262329955,0.42184095566290053,0.3680719506238961,0.2950183460681335,0.2034827379619574,0.4110219836718434,0.41887445861689937,0.4056794267644097,0.06821196442776128,0.09330853473895849,0.1350405540459226,-0.060315027400441146,-0.5000000000000004,0.8660254037844384,0.7
2018-12-01,1.251773,0.22456094633512574,0.3375017065351742,0.36323031049589477,0.4235453378963359,0.3946360179257577,0.3755246663848696,0.3680719506238961,0.19222485683822124,0.374759118309135,0.4048179170956116,0.4031319064236829,-0.030570244088721887,0.046209436565431805,0.10367117000928756,-0.025728603960720575,-2.4492935982947064e-16,1.0,0.71
2019-01-01,1.412732,0.34552541833887856,0.22456094633512574,0.3375017065351742,0.36323031049589477,0.46370382709720753,0.4352187133808387,0.3755246663848696,0.22577448736481492,0.3084309877887315,0.3764720718305063,0.3905515964195377,-0.15096372004974384,-0.037773999903568146,0.053457380897806876,-0.11294076020004845,0.49999999999999994,0.8660254037844387,0.72
2019-02-01,1.056165,0.05464442307830992,0.34552541833887856,0.22456094633512574,0.3375017065351742,0.44629030262329955,0.25699758186078014,0.4352187133808387,0.25843192757065225,0.3025293570697261,0.3567756703707848,0.383077155166041,-0.08969329504196011,-0.09040908639347528,0.0014497241727416028,0.12096447200375282,0.8660254037844386,0.5000000000000001,0.73
2019-03-01,1.413475,0.3460512114015363,0.05464442307830992,0.34552541833887856,0.22456094633512574,0.4235453378963359,0.46904129134712014,0.25699758186078014,0.354635565820107,0.2082435959174381,0.2915013571132865,0.36621439193416844,-0.20235315878247023,-0.14767005795805807,-0.050730310696313126,-0.29088099526056865,1.0,6.123233995736766e-17,0.74
2019-04-01,1.507228,0.4102722021620942,0.3460512114015363,0.05464442307830992,0.34552541833887856,0.36323031049589477,0.4500521658740167,0.46904129134712014,0.22675223218593368,0.24874035093957492,0.27858566936415324,0.3559652186053697,-0.12299007994558386,-0.1383455112566714,-0.08805975558011976,0.29140678832322636,0.8660254037844387,-0.4999999999999998,0.75
2019-05-01,1.516289,0.41626590229735433,0.4102722021620942,0.3460512114015363,0.05464442307830992,0.3375017065351742,0.42184095566290053,0.4500521658740167,0.2641948955318122,0.27032261221398013,0.28642598464185315,0.35265022162937626,-0.039779963711922495,-0.12170773414665886,-0.10605841027006707,0.06422099076055793,0.49999999999999994,-0.8660254037844387,0.76
2019-06-01,1.326729,0.2827165144491028,0.41626590229735433,0.4102722021620942,0.3460512114015363,0.22456094633512574,0.3946360179257577,0.42184095566290053,0.24431700330661746,0.3908631052869949,0.2995533506022165,0.35218563384891405,-0.005575053365546201,-0.05611503234101752,-0.10189254514953779,0.005993700135260127,1.2246467991473532e-16,-1.0,0.77
2019-07-01,1.551328,0.4391113383032015,0.2827165144491028,0.41626590229735433,0.4102722021620942,0.34552541833887856,0.46370382709720753,0.3946360179257577,0.24135118178877601,0.36975153963618373,0.30924594528787935,0.34285900855919277,-0.11191950347665491,-0.05242484018470787,-0.09538517572068965,-0.13354938784825154,-0.4999999999999997,-0.8660254037844388,0.78
2019-08-01,1.537068,0.42987670560773755,0.4391113383032015,0.2827165144491028,0.41626590229735433,0.05464442307830992,0.44629030262329955,0.46370382709720753,0.3355632521914414,0.37936458501655285,0.3248435986152665,0.34080963449302565,-0.02459248879400605,-0.04736234854540239,-0.08453504134603063,0.1563948238540987,-0.8660254037844385,-0.5000000000000004,0.79
2019-09-01,1.505959,0.40942990457151923,0.42987670560773755,0.4391113383032015,0.2827165144491028,0.3460512114015363,0.4235453378963359,0.44629030262329955,0.3225587485390799,0.3839015194533473,0.3873823123701711,0.3394418347417288,-0.016413597015561998,-0.05097519642874099,-0.05354511438487925,-0.009234632695463929,-1.0,-1.8369701987210297e-16,0.8
2019-10-01,1.479397,0.3916345723204462,0.40942990457151923,0.42987670560773755,0.4391113383032015,0.4102722021620942,0.36323031049589477,0.4235453378963359,0.2950183460681335,0.4261393161608194,0.39794542789850157,0.33826554863132735,-0.014115433324816684,-0.018373839711461577,-0.035399339948084724,-0.02044680103621832,-0.8660254037844386,0.5000000000000001,0.81
2019-11-01,1.594077,0.4662948853493741,0.3916345723204462,0.40942990457151923,0.42987670560773755,0.41626590229735433,0.3375017065351742,0.36323031049589477,0.3680719506238961,0.41031372749990097,0.39483915625822696,0.3406325704500401,0.028404261824551413,-0.000708256171942423,-0.024035302358672406,-0.01779533225107305,-0.5000000000000004,0.8660254037844384,0.82
2019-12-01,1.621299,0.4832276797846997,0.4662948853493741,0.3916345723204462,0.40942990457151923,0.2827165144491028,0.22456094633512574,0.3375017065351742,0.3755246663848696,0.42245312074711316,0.4031773201002302,0.3513653353512234,0.12879317881419988,0.0476940024379782,-0.001640596995381392,0.0746603130289279,-2.4492935982947064e-16,1.0,0.83
2020-01-01,1.416433,0.3481417394874534,0.4832276797846997,0.4662948853493741,0.3916345723204462,0.4391113383032015,0.34552541833887856,0.22456094633512574,0.4352187133808387,0.44705237915150664,0.4365958476561631,0.3729208964720212,0.25866673344957397,0.1386213913627751,0.060123775825656756,0.016932794435325638,0.49999999999999994,0.8660254037844387,0.84
2020-02-01,1.301483,0.2635043835154667,0.3481417394874534,0.4832276797846997,0.4662948853493741,0.42987670560773755,0.05464442307830992,0.34552541833887856,0.25699758186078014,0.43255476820717575,0.4214342478535384,0.37313892323440245,0.0026163211485748517,0.13002541113744956,0.06465857748275357,-0.1350859402972463,0.8660254037844386,0.5000000000000001,0.85
2020-03-01,1.758228,0.5643064836863614,0.2635043835154667,0.3481417394874534,0.4832276797846997,0.40942990457151923,0.3460512114015363,0.05464442307830992,0.46904129134712014,0.3649579342625399,0.3937055275048265,0.3905439199374989,0.20885996043715677,0.15671433834510187,0.10220417039154002,-0.08463735597198674,1.0,6.123233995736766e-17,0.86
2020-04-01,1.873568,0.6278446342961611,0.5643064836863614,0.2635043835154667,0.3481417394874534,0.3916345723204462,0.4102722021620942,0.3460512114015363,0.4500521658740167,0.39198420222976055,0.41951829069063357,0.4087318592945676,0.2182552722848251,0.14324385129018558,0.14093262132648035,0.3008021001708947,0.8660254037844387,-0.4999999999999998,0.87
2020-05-01,1.752589,0.5610941232305522,0.6278446342961611,0.5643064836863614,0.2635043835154667,0.4662948853493741,0.41626590229735433,0.4102722021620942,0.42184095566290053,0.4852185004993297,0.4588866343532527,0.42686289530573984,0.2175724321340669,0.21489588828534958,0.1724606497113996,0.06353815060979973,0.49999999999999994,-0.8660254037844387,0.88
2020-06-01,1.626755,0.48658723300126494,0.5610941232305522,0.6278446342961611,0.5643064836863614,0.4832276797846997,0.2827165144491028,0.41626590229735433,0.3946360179257577,0.5844150804043582,0.474686507333449,0.4389319137168397,0.14482822093319786,0.1935519751173633,0.17513315673123256,-0.06675051106560892,1.2246467991473532e-16,-1.0,0.89
2020-07-01,1.542966,0.4337065381414902,0.48658723300126494,0.5610941232305522,0.6278446342961611,0.3481417394874534,0.4391113383032015,0.2827165144491028,0.46370382709720753,0.558508663509326,0.4752464328695433,0.4559211402628532,0.20387071855216216,0.18875712387314234,0.16600048758166397,-0.07450689022928725,-0.4999999999999997,-0.8660254037844388,0.9
2020-08-01,1.526751,0.4231419481069741,0.4337065381414902,0.48658723300126494,0.5610941232305522,0.2635043835154667,0.42987670560773755,0.4391113383032015,0.44629030262329955,0.4937959647911025,0.4895072326452161,0.45547074024937717,-0.005404800161711298,0.11443137977454958,0.16466363402994957,-0.05288069485977476,-0.8660254037844385,-0.5000000000000004,0.91
2020-09-01,1.234791,0.21090172498956736,0.4231419481069741,0.4337065381414902,0.48658723300126494,0.5643064836863614,0.40942990457151923,0.42987670560773755,0.4235453378963359,0.4478119064165764,0.5161134934104673,0.4549095104576469,-0.006734757500763466,0.06391038696322913,0.1287311810402962,-0.010564590034516097,-1.0,-1.8369701987210297e-16,0.92
2020-10-01,1.20989,0.1905294463852587,0.21090172498956736,0.4231419481069741,0.4337065381414902,0.6278446342961611,0.3916345723204462,0.40942990457151923,0.36323031049589477,0.35591673707934385,0.457212700294335,0.4383654954924843,-0.19852817958195187,-0.07022257908147554,0.05926727239583338,-0.21224022311740673,-0.8660254037844386,0.5000000000000001,0.93
2020-11-01,1.391073,0.3300753917943171,0.1905294463852587,0.21090172498956736,0.4231419481069741,0.5610941232305522,0.4662948853493741,0.3916345723204462,0.3375017065351742,0.2748577064939334,0.38432683564251796,0.42160673499788537,-0.20110512593518748,-0.13545602100596763,-0.010512320615709017,-0.020372278604308652,-0.5000000000000004,0.8660254037844384,0.94
2020-12-01,1.407398,0.3417426094891909,0.3300753917943171,0.1905294463852587,0.21090172498956736,0.48658723300126494,0.4832276797846997,0.4662948853493741,0.22456094633512574,0.24383552105638107,0.34582371373647874,0.41025511053496394,-0.13621949355505697,-0.17861759969073213,-0.057353606363751496,0.1395459454090584,-2.4492935982947064e-16,1.0,0.95
2021-01-01,1.54903,0.43762892858095087,0.3417426094891909,0.3300753917943171,0.1905294463852587,0.4337065381414902,0.3481417394874534,0.4832276797846997,0.34552541833887856,0.28744914922292225,0.32168294315113305,0.39846468801033813,-0.14148507029550883,-0.15960322992858442,-0.11491290450503,0.011667217694873777,0.49999999999999994,0.8660254037844387,0.96
2021-02-01,1.415693,0.3476191638556911,0.43762892858095087,0.3417426094891909,0.3300753917943171,0.4231419481069741,0.2635043835154667,0.3481417394874534,0.05464442307830992,0.369815643288153,0.3223366748910432,0.4059219537681296,0.08948718909349745,-0.06273912491902278,-0.09909757296249522,0.09588631909175999,0.8660254037844386,0.5000000000000001,0.97
2021-03-01,1.728671,0.5473529051941606,0.3476191638556911,0.43762892858095087,0.3417426094891909,0.21090172498956736,0.5643064836863614,0.2635043835154667,0.3460512114015363,0.375663567308611,0.309749544182496,0.41293151879648166,0.0841147803402244,0.010705633046071009,-0.08395598332233056,-0.09000976472525979,1.0,6.123233995736766e-17,0.98
2021-04-01,1.770181,0.5710818012445577,0.5473529051941606,0.3476191638556911,0.43762892858095087,0.1905294463852587,0.6278446342961611,0.5643064836863614,0.4102722021620942,0.44420033254360086,0.36582474088326156,0.41151872058879824,-0.016953578492200805,0.05221613031384035,-0.05369354980737204,0.1997337413384695,0.8660254037844387,-0.4999999999999998,0.99
2021-05-01,1.8031,0.5895074058001856,0.5710818012445577,0.5473529051941606,0.3476191638556911,0.3300753917943171,0.5610941232305522,0.6278446342961611,0.41626590229735433,0.48868462343146984,0.4292501333598114,0.4067884845011646,-0.056762833051603456,0.0034661229321400477,-0.029636500993441367,0.023728896050397075,0.49999999999999994,-0.8660254037844387,1.0
2021-06-01,1.869965,0.6259197141137979,0.5895074058001856,0.5710818012445577,0.5473529051941606,0.3417426094891909,0.48658723300126494,0.5610941232305522,0.2827165144491028,0.569314037412968,0.47248880236078944,0.4091562580486341,0.02841328256963338,-0.015101042991390293,-0.002197704972659642,0.018425604555627917,1.2246467991473532e-16,-1.0,1.01
2021-07-01,1.928594,0.6567912400242863,0.6259197141137979,0.5895074058001856,0.5710818012445577,0.43762892858095087,0.4337065381414902,0.48658723300126494,0.4391113383032015,0.5955029737195137,0.5198516531315573,0.4207672981413452,0.13933248111253294,0.03699431021018762,0.04460522026201399,0.03641230831361231,-0.4999999999999997,-0.8660254037844388,1.02
2021-08-01,1.945708,0.6656259211175162,0.6567912400242863,0.6259197141137979,0.5895074058001856,0.3476191638556911,0.4231419481069741,0.4337065381414902,0.42987670560773755,0.6240727866460899,0.55637870503878,0.4393576899649115,0.22308470188279617,0.13027682185498748,0.06687147239356377,0.030871525910488473,-0.8660254037844385,-0.5000000000000004,1.03
2021-09-01,1.795957,0.5855380274998502,0.6656259211175162,0.6567912400242863,0.6259197141137979,0.5473529051941606,0.21090172498956736,0.4231419481069741,0.40942990457151923,0.6494456250852002,0.609379831249084,0.45956468771579,0.2424839730105421,0.20163371866862376,0.09326633783861671,0.008834681093229824,-1.0,-1.8369701987210297e-16,1.04
2021-10-01,1.704222,0.5331087016113424,0.5855380274998502,0.6656259211175162,0.6567912400242863,0.5710818012445577,0.1905294463852587,0.21090172498956736,0.3916345723204462,0.6359850628805509,0.6157440183000323,0.49078437959164695,0.3746363025102828,0.28006832580120705,0.1585313180056973,-0.080087893617666,-0.8660254037844386,0.5000000000000001,1.05
2021-11-01,1.801408,0.5885685813479851,0.5331087016113424,0.5855380274998502,0.6656259211175162,0.5895074058001856,0.3300753917943171,0.1905294463852587,0.4662948853493741,0.5947575500762362,0.609415168361163,0.5193326508604873,0.3425792552260837,0.3198998435823029,0.22508833271864517,-0.052429325888507794,-0.5000000000000004,0.8660254037844384,1.06
2021-12-01,1.81951,0.5985672340703633,0.5885685813479851,0.5331087016113424,0.5855380274998502,0.6259197141137979,0.3417426094891909,0.3300753917943171,0.4832276797846997,0.5690717701530592,0.6092586976191297,0.5408737499899596,0.25849318955366796,0.32523624909667814,0.2634349838826509,0.05545987973664268,-2.4492935982947064e-16,1.0,1.07
2022-01-01,1.822394,0.6001510213436401,0.5985672340703633,0.5885685813479851,0.5331087016113424,0.6567912400242863,0.43762892858095087,0.3417426094891909,0.3481417394874534,0.5734148390098969,0.6046999509452239,0.5622758020383907,0.2568246245811724,0.2859656897869747,0.28301700779409084,0.00999865272237821,0.49999999999999994,0.8660254037844387,1.08
2022-02-01,1.464984,0.38184432090768416,0.6001510213436401,0.5985672340703633,0.5885685813479851,0.6656259211175162,0.3476191638556911,0.43762892858095087,0.2635043835154667,0.5957622789206628,0.5952599144984495,0.5758193097686147,0.1625220927626892,0.22594663563250986,0.2729232396074064,0.0015837872732767933,0.8660254037844386,0.5000000000000001,1.09
2022-03-01,1.736445,0.5518399197951254,0.38184432090768416,0.6001510213436401,0.5985672340703633,0.5855380274998502,0.5473529051941606,0.3476191638556911,0.5643064836863614,0.5268541921072291,0.5479629811301442,0.5786714061896142,0.03422515705199308,0.15119062479861822,0.23821343694764818,-0.2183067004359559,1.0,6.123233995736766e-17,1.1
2022-04-01,1.641441,0.4955745145782516,0.5518399197951254,0.38184432090768416,0.6001510213436401,0.5331087016113424,0.5710818012445577,0.5473529051941606,0.6278446342961611,0.5112784206821499,0.5423466298460234,0.5790453240730279,0.004487014600964789,0.06707808813854903,0.17652188896276186,0.1699955988874412,0.8660254037844387,-0.4999999999999998,1.11
2022-05-01,1.658904,0.5061571433495466,0.4955745145782516,0.5518399197951254,0.38184432090768416,0.5885685813479851,0.5895074058001856,0.5710818012445577,0.5610941232305522,0.47641958509368704,0.5360909320071748,0.572753050184169,-0.07550728666630607,-0.012265038337782733,0.10684079864736358,-0.05626540521687379,0.49999999999999994,-0.8660254037844387,1.12
2022-06-01,1.489451,0.39840759568479994,0.5061571433495466,0.4955745145782516,0.5518399197951254,0.5985672340703633,0.6259197141137979,0.5895074058001856,0.48658723300126494,0.5178571925743078,0.5223556923407684,0.5658071949799491,-0.08335026245063892,-0.05145684483866007,0.049866889979979075,0.010582628771295066,1.2246467991473532e-16,-1.0,1.13
2022-07-01,1.541013,0.4324399923828624,0.39840759568479994,0.5061571433495466,0.4955745145782516,0.6001510213436401,0.6567912400242863,0.6259197141137979,0.4337065381414902,0.4667130845375327,0.48899575260984135,0.5468478517775326,-0.22751211842899793,-0.12878988918198098,-0.030855900521715978,-0.1077495476647467,-0.4999999999999997,-0.8660254037844388,1.14
2022-08-01,1.483968,0.3947195811703784,0.4324399923828624,0.39840759568479994,0.5061571433495466,0.38184432090768416,0.6656259211175162,0.6567912400242863,0.4231419481069741,0.4456682438057363,0.46104391444971177,0.5281519144740806,-0.22435124764142395,-0.1784045428403536,-0.09533479058906817,0.03403239669806246,-0.8660254037844385,-0.5000000000000004,1.15
2022-09-01,1.490297,0.39897542895307064,0.3947195811703784,0.4324399923828624,0.39840759568479994,0.5518399197951254,0.5855380274998502,0.6656259211175162,0.21090172498956736,0.40852238974601357,0.46318979116016074,0.5055763861451524,-0.27090633994713775,-0.24092323533918655,-0.1461900400889233,-0.037720411212483984,-1.0,-1.8369701987210297e-16,1.16
2022-10-01,1.327315,0.28315810472381003,0.39897542895307064,0.3947195811703784,0.4324399923828624,0.4955745145782516,0.5331087016113424,0.5855380274998502,0.1905294463852587,0.40871166750210386,0.4377123760198182,0.49002950293292086,-0.18656259854677953,-0.22727339537844707,-0.17803164228021404,0.004255847782692224,-0.8660254037844386,0.5000000000000001,1.17
2022-11-01,1.473019,0.3873140362431966,0.28315810472381003,0.39897542895307064,0.3947195811703784,0.5061571433495466,0.5885685813479851,0.5331087016113424,0.3300753917943171,0.3589510382824197,0.4023096410440779,0.46920028652562656,-0.24995059688753235,-0.23580651179381654,-0.2071055273170851,-0.11581732422926061,-0.5000000000000004,0.8660254037844384,1.18
2022-12-01,1.342897,0.294829220631241,0.3873140362431966,0.28315810472381003,0.39897542895307064,0.39840759568479994,0.5985672340703633,0.5885685813479851,0.3417426094891909,0.3564825233066924,0.382502456526353,0.4524290744335608,-0.20125454510478846,-0.2125892468463668,-0.22675624109277667,0.10415593151938657,-2.4492935982947064e-16,1.0,1.19
2023-01-01,1.083168,0.07989008064200813,0.294829220631241,0.3873140362431966,0.28315810472381003,0.4324399923828624,0.6001510213436401,0.5985672340703633,0.43762892858095087,0.32176712053274925,0.36523939401742656,0.4271175733136339,-0.30373801343912227,-0.2516477184771477,-0.2394605569277974,-0.0924848156119556,0.49999999999999994,0.8660254037844387,1.2
2023-02-01,1.255319,0.2273897235515861,0.07989008064200813,0.294829220631241,0.3873140362431966,0.3947195811703784,0.38184432090768416,0.6001510213436401,0.3476191638556911,0.2540111125054819,0.3064810753939508,0.38376249492183123,-0.520260940701632,-0.34175116641518094,-0.28877883910449875,-0.21493913998923286,0.8660254037844386,0.5000000000000001,1.21
2023-03-01,1.314268,0.27327985664797916,0.2273897235515861,0.07989008064200813,0.294829220631241,0.39897542895307064,0.5518399197951254,0.38184432090768416,0.5473529051941606,0.2007030082749451,0.27859276579081876,0.3708912784754898,-0.15445459735609807,-0.3261511838322841,-0.2693702153393254,0.14749964290957795,1.0,6.123233995736766e-17,1.22
2023-04-01,1.202371,0.18429544073596668,0.27327985664797916,0.2273897235515861,0.07989008064200813,0.28315810472381003,0.4955745145782516,0.5518399197951254,0.5710818012445577,0.19351988694719113,0.2576435037399702,0.34767793987989415,-0.2785600631471462,-0.31775853373495877,-0.28470312610605325,0.04589013309639306,0.8660254037844387,-0.4999999999999998,1.23
2023-05-01,1.347897,0.298545600075212,0.18429544073596668,0.27327985664797916,0.2273897235515861,0.3873140362431966,0.5061571433495466,0.4955745145782516,0.5895074058001856,0.22832167364517733,0.24116639307532964,0.3217380170597038,-0.3112790738422849,-0.2480979114485097,-0.29492453893184534,-0.08898441591201248,0.49999999999999994,-0.8660254037844387,1.24
2023-06-01,1.206388,0.18763077127248123,0.298545600075212,0.18429544073596668,0.27327985664797916,0.294829220631241,0.39840759568479994,0.5061571433495466,0.6259197141137979,0.25204029915305265,0.22637165371399884,0.30443705512017594,-0.20761154327433462,-0.26581689342125525,-0.2959840386267697,0.11425015933924534,1.2246467991473532e-16,-1.0,1.25
2023-07-01,1.296055,0.25932503530120987,0.18763077127248123,0.298545600075212,0.18429544073596668,0.07989008064200813,0.4324399923828624,0.39840759568479994,0.6567912400242863,0.22349060402788665,0.20850524548753888,0.28687231975248273,-0.2107768244123187,-0.2432224805096461,-0.28049050712230245,-0.11091482880273079,-0.4999999999999997,-0.8660254037844388,1.26
2023-08-01,1.382764,0.32408439459279664,0.25932503530120987,0.18763077127248123,0.298545600075212,0.2273897235515861,0.3947195811703784,0.4324399923828624,0.6656259211175162,0.24850046888296773,0.2384110712640725,0.27244607332901166,-0.17311495708165253,-0.19716777492276863,-0.22263284318563917,0.07169426402872864,-0.8660254037844385,-0.5000000000000004,1.27
2023-09-01,1.499206,0.4049356346284839,0.32408439459279664,0.25932503530120987,0.18763077127248123,0.27327985664797916,0.39897542895307064,0.3947195811703784,0.5855380274998502,0.25701340038882925,0.254526849770941,0.2665598077808799,-0.07063518657758178,-0.15150898935718435,-0.2086629413892198,0.06475935929158677,-1.0,-1.8369701987210297e-16,1.28
2023-10-01,1.40599,0.34074168098764673,0.4049356346284839,0.32408439459279664,0.25932503530120987,0.18429544073596668,0.28315810472381003,0.39897542895307064,0.5331087016113424,0.3294483548408301,0.27646947943435835,0.2670564915871643,0.005960205675413277,-0.07926331266127368,-0.16124289658545987,0.08085124003568728,-0.8660254037844386,0.5000000000000001,1.29
2023-11-01,1.574501,0.4539383966810016,0.34074168098764673,0.4049356346284839,0.32408439459279664,0.298545600075212,0.3873140362431966,0.28315810472381003,0.5885685813479851,0.35658723673630904,0.3025438528096384,0.27185512294248404,0.0575835762638367,-0.0023638015461106,-0.09976578823443961,-0.06419395364083719,-0.5000000000000004,0.8660254037844384,1.3
2023-12-01,1.434115,0.3605479342199804,0.4539383966810016,0.34074168098764673,0.4049356346284839,0.18763077127248123,0.294829220631241,0.3873140362431966,0.5985672340703633,0.3998719040990441,0.32844265224393665,0.2774071529789678,0.06662436043780501,0.04338938079235166,-0.054059804282416336,0.11319671569335488,-2.4492935982947064e-16,1.0,1.31
2024-01-01,1.496705,0.4032660252302198,0.3605479342199804,0.4539383966810016,0.34074168098764673,0.25932503530120987,0.07989008064200813,0.294829220631241,0.6001510213436401,0.3850760039628762,0.3572621794018532,0.28288371244469607,0.06571871358873937,0.06330888343012703,-0.007977214615573325,-0.09339046246102123,0.49999999999999994,0.8660254037844387,1.32
2024-02-01,1.185857,0.17046571995016438,0.4032660252302198,0.3605479342199804,0.4539383966810016,0.32408439459279664,0.2273897235515861,0.07989008064200813,0.38184432090768416,0.4059174520437339,0.3812523443900215,0.309831707827047,0.3233759445882117,0.15190633953825203,0.07477126899607071,0.042718091010239434,0.8660254037844386,0.5000000000000001,1.33
2024-03-01,1.750773,0.5600574046941001,0.17046571995016438,0.4032660252302198,0.3605479342199804,0.4049356346284839,0.27327985664797916,0.2273897235515861,0.5518399197951254,0.3114265598001215,0.3556492319495828,0.30508804086026187,-0.05692400360142172,0.11072355152517643,0.07705646615876406,-0.23280030528005544,1.0,6.123233995736766e-17,1.34
2024-04-01,1.822102,0.5999907797076911,0.5600574046941001,0.17046571995016438,0.4032660252302198,0.34074168098764673,0.18429544073596668,0.27327985664797916,0.4955745145782516,0.3779297166248281,0.38150286029385216,0.3289861698641053,0.286777548046121,0.18440982967763697,0.12385935655388201,0.3895916847439358,0.8660254037844387,-0.4999999999999998,1.35
2024-05-01,1.940296,0.6628405387560891,0.5999907797076911,0.5600574046941001,0.17046571995016438,0.4539383966810016,0.298545600075212,0.18429544073596668,0.5061571433495466,0.4435046347839852,0.4247110434138596,0.363627448111749,0.4156953389717244,0.2151829611388079,0.18354465033852996,0.039933375013590955,0.49999999999999994,-0.8660254037844387,1.36
2024-06-01,1.942367,0.6639073324471244,0.6628405387560891,0.5999907797076911,0.5600574046941001,0.3605479342199804,0.18763077127248123,0.298545600075212,0.39840759568479994,0.6076295743859602,0.45952806709304084,0.39398535966848874,0.36429493868087703,0.35558927523290745,0.23315641337904194,0.06284975904839796,1.2246467991473532e-16,-1.0,1.37
2024-07-01,2.140634,0.7611020468391767,0.6639073324471244,0.6628405387560891,0.5999907797076911,0.4032660252302198,0.25932503530120987,0.18763077127248123,0.4324399923828624,0.6422462169703015,0.5100879667975649,0.433675073099709,0.4762765611746432,0.41875561294241487,0.3015827213100259,0.0010667936910353504,-0.4999999999999997,-0.8660254037844388,1.38
2024-08-01,2.211638,0.793733417464614,0.7611020468391767,0.6639073324471244,0.6628405387560891,0.17046571995016438,0.32408439459279664,0.25932503530120987,0.3947195811703784,0.6959499726807966,0.569727303732391,0.47548982406120616,0.5017770115379668,0.447449503797829,0.3313162324683185,0.0971947143920523,-0.8660254037844385,-0.5000000000000004,1.39
2024-09-01,2.269814,0.8196978898101922,0.793733417464614,0.7611020468391767,0.6639073324471244,0.5600574046941001,0.4049356346284839,0.32408439459279664,0.39897542895307064,0.7395809322503051,0.6736052533181326,0.5146272426338577,0.46964902287181737,0.4825675318614758,0.41907840354719156,0.032631370625437306,-1.0,-1.8369701987210297e-16,1.4
2024-10-01,2.030244,0.7081559828749451,0.8196978898101922,0.793733417464614,0.7611020468391767,0.5999907797076911,0.34074168098764673,0.4049356346284839,0.28315810472381003,0.7915111180379943,0.7168786675041479,0.549190763899,0.4147622551817083,0.46206276319716416,0.4404091880697895,0.025964472345578193,-0.8660254037844386,0.5000000000000001,1.41
2024-11-01,2.260922,0.8157726946910325,0.7081559828749451,0.8196978898101922,0.793733417464614,0.6628405387560891,0.4539383966810016,0.34074168098764673,0.3873140362431966,0.7738624300499172,0.7349062013653569,0.5798086223896082,0.36741430188729834,0.417275193313608,0.4323623485557185,-0.11154190693524713,-0.5000000000000004,0.8660254037844384,1.42
2024-12-01,2.018859,0.702532500339266,0.8157726946910325,0.7081559828749451,0.8196978898101922,0.6639073324471244,0.3605479342199804,0.4539383966810016,0.294829220631241,0.7812088557920567,0.7603948940211809,0.6099614805571107,0.3618342980100309,0.3813369516930125,0.4319522417772441,0.10761671181608745,-2.4492935982947064e-16,1.0,1.43
2025-01-01,2.021128,0.7036557713985905,0.702532500339266,0.8157726946910325,0.7081559828749451,0.7611020468391767,0.4032660252302198,0.3605479342199804,0.07989008064200813,0.7421537259684147,0.7668324220032045,0.6384601944003846,0.34198456611928557,0.3570777220055383,0.4095702426013513,-0.11324019435176658,0.49999999999999994,0.8660254037844387,1.44
2025-02-01,2.153377,0.7670373075585628,0.7036557713985905,0.702532500339266,0.8157726946910325,0.793733417464614,0.17046571995016438,0.4032660252302198,0.2273897235515861,0.7406536554762964,0.7572580427631067,0.663492673247749,0.30038974616837066,0.33473620343256244,0.3760056983730851,0.0011232710593245265,0.8660254037844386,0.5000000000000001,1.45
2025-03-01,2.194287,0.7858571646015412,0.7670373075585628,0.7036557713985905,0.702532500339266,0.8196978898101922,0.5600574046941001,0.17046571995016438,0.27327985664797916,0.7244085264321397,0.7528086911120982,0.7132069722151154,0.5965715876083985,0.41298196663201825,0.3971594591625154,0.06338153615997233,1.0,6.123233995736766e-17,1.46
2025-04-01,2.328755,0.8453337900059671,0.7858571646015412,0.7670373075585628,0.7036557713985905,0.7081559828749451,0.5999907797076911,0.5600574046941001,0.18429544073596668,0.7521834145195648,0.7471685702439897,0.7320236188740687,0.22579975990744106,0.3742536978947368,0.36566570995013753,0.018819857042978394,0.8660254037844387,-0.4999999999999998,1.47
2025-05-01,2.098333,0.741143219971953,0.8453337900059671,0.7858571646015412,0.7670373075585628,0.8157726946910325,0.6628405387560891,0.5999907797076911,0.298545600075212,0.7994094207220237,0.7700315380991601,0.7524688697322585,0.245343010298276,0.3559047859380385,0.3453204946853004,0.05947662540442589,0.49999999999999994,-0.8660254037844387,1.48
2025-06-01,2.356699,0.857261911089677,0.741143219971953,0.8453337900059671,0.7858571646015412,0.702532500339266,0.6639073324471244,0.6628405387560891,0.18763077127248123,0.7907780581931538,0.7575932923126468,0.7589940931669138,0.07830268121586392,0.18314848380719365,0.29806522521960593,-0.10419057003401411,1.2246467991473532e-16,-1.0,1.49
2025-07-01,2.667033,0.980966618576645,0.857261911089677,0.741143219971953,0.8453337900059671,0.7036557713985905,0.7611020468391767,0.6639073324471244,0.25932503530120987,0.8145796403558657,0.7833815274377152,0.77510697472046,0.19335457864255257,0.17233342338556415,0.2732935606401505,0.116118691117724,-0.4999999999999997,-0.8660254037844388,1.5
2025-08-01,2.544064,0.9337628023941423,0.980966618576645,0.857261911089677,0.741143219971953,0.7670373075585628,0.793733417464614,0.7611020468391767,0.32408439459279664,0.8597905832127584,0.8296000019673911,0.7934290223652489,0.21986457173746832,0.1638406105319616,0.25987269823500003,0.12370470748696805,-0.8660254037844385,-0.5000000000000004,1.51
2025-09-01,2.851779,1.0479430100685188,0.9337628023941423,0.980966618576645,0.857261911089677,0.7858571646015412,0.8196978898101922,0.793733417464614,0.4049356346284839,0.9239971106868214,0.8573875844399875,0.8050981377760428,0.14002938492952832,0.1844161784365164,0.18378233112185502,-0.04720381618250269,-1.0,-1.8369701987210297e-16,1.52
2025-10-01,2.853997,1.0487204678978204,1.0479430100685188,0.9337628023941423,0.980966618576645,0.8453337900059671,0.7081559828749451,0.8196978898101922,0.34074168098764673,0.987557477013102,0.9010685586844839,0.8241185644642367,0.22824512025832655,0.19604635897510772,0.18418989118033594,0.11418020767437642,-0.8660254037844386,0.5000000000000001,1.53
2025-11-01,3.024742,1.1068257985892709,1.0487204678978204,1.0479430100685188,0.9337628023941423,0.741143219971953,0.8157726946910325,0.7081559828749451,0.4539383966810016,1.0101420934534937,0.9349663383331261,0.8524989382161431,0.3405644850228753,0.23627966340357673,0.20006013696776917,0.0007774578293016088,-0.5000000000000004,0.8660254037844384,1.54
2025-12-01,3.250133,1.178695918581243,1.1068257985892709,1.0487204678978204,1.0479430100685188,0.857261911089677,0.702532500339266,0.8157726946910325,0.3605479342199804,1.06782975885187,0.9959134347693457,0.876753363540996,0.29105310389823835,0.2866209030598134,0.2355185407481649,0.05810533069145052,-2.4492935982947064e-16,1.0,1.55
2026-01-01,3.533279,1.2622263349731884,1.178695918581243,1.1068257985892709,1.0487204678978204,0.980966618576645,0.7036557713985905,0.702532500339266,0.4032660252302198,1.1114140616894448,1.0494857693512734,0.9164336483944943,0.47616341824197694,0.36926033572103023,0.28265334734806896,0.07187011999197201,0.49999999999999994,0.8660254037844387,1.56
2026-02-01,2.740833,1.0082618887954449,1.2622263349731884,1.178695918581243,1.1068257985892709,0.9337628023941423,0.7670373075585628,0.7036557713985905,0.17046571995016438,1.1825826840479008,1.0963623887506972,0.9629811953590441,0.5585705635745979,0.4419290285716044,0.3391043459875906,0.08353041639194547,0.8660254037844386,0.5000000000000001,1.57
2026-03-01,3.781706,1.3301752305673393,1.0082618887954449,1.2622263349731884,1.178695918581243,1.0479430100685188,0.7858571646015412,0.7670373075585628,0.5600574046941001,1.1497280474499587,1.1087789031509143,0.983083243795451,0.24122458123688206,0.42531952101781895,0.3559702120388162,-0.2539644461777435,1.0,6.123233995736766e-17,1.58
2026-04-01,4.610166,1.52826386503705,1.3301752305673393,1.0082618887954449,1.2622263349731884,1.0487204678978204,0.8453337900059671,0.7858571646015412,0.5999907797076911,1.200221151445324,1.1558176065673844,1.028443082625934,0.5443180659657981,0.4480377369257593,0.4086490363233948,0.32191334177189446,0.8660254037844387,-0.4999999999999998,1.59
2026-05-01,4.794425,1.5674537845650631,1.52826386503705,1.3301752305673393,1.0082618887954449,1.1068257985892709,0.741143219971953,0.8453337900059671,0.6628405387560891,1.288900328133278,1.2357415060905892,1.0853539222118578,0.6829300750310828,0.48949090741125434,0.4657099679914294,0.1980886344697106,0.49999999999999994,-0.8660254037844387,1.6
2026-06-01,4.895221,1.588259423073645,1.5674537845650631,1.52826386503705,1.3301752305673393,1.178695918581243,0.857261911089677,0.741143219971953,0.6639073324471244,1.4752976267231508,1.3125128370865549,1.1542131359279504,0.8263105645931101,0.6845195685299971,0.554919544773908,0.039189919528013206,1.2246467991473532e-16,-1.0,1.61
2026-07-01,5.908074,1.776319889979994,1.588259423073645,1.5674537845650631,1.52826386503705,1.2622263349731884,0.980966618576645,0.857261911089677,0.7611020468391767,1.5613256908919195,1.3807734211686216,1.2151295952599475,0.7309975119839681,0.7467460505360536,0.5973918937309065,0.02080563850858197,-0.4999999999999997,-0.8660254037844388,1.62
2026-08-01,5.91454,1.7774137260207716,1.776319889979994,1.588259423073645,1.5674537845650631,1.0082618887954449,0.9337628023941423,0.980966618576645,0.793733417464614,1.6440110325395674,1.4664556803364228,1.28140903454356,0.7953532714033489,0.784220449326809,0.6368556783690317,0.1880604669063488,-0.8660254037844385,-0.5000000000000004,1.63
2026-09-01,6.12557,1.8124718133253532,1.7774137260207716,1.776319889979994,1.588259423073645,1.3301752305673393,1.0479430100685188,0.9337628023941423,0.8196978898101922,1.7139976796914702,1.5946476532073106,1.3517132781791126,0.8436509236266293,0.7900005690046488,0.737260068767323,0.0010938360407777292,-1.0,-1.8369701987210297e-16,1.64
