date,revenue_k_twd,source_file,company_name,source_kind,revenue_bn_twd,mom,yoy,year,month,model_eligible
2010-01-01,468340,data/raw/mops_monthly/t21sc03_99_1_0.html,台燿,MOPS OTC historical monthly revenue HTML,0.46834,,,2010,1,False
2010-02-01,456357,data/raw/mops_monthly/t21sc03_99_2_0.html,台燿,MOPS OTC historical monthly revenue HTML,0.456357,-0.025586112653200543,,2010,2,False
2010-03-01,584666,data/raw/mops_monthly/t21sc03_99_3_0.html,台燿,MOPS OTC historical monthly revenue HTML,0.584666,0.281159267853895,,2010,3,False
2010-04-01,580555,data/raw/mops_monthly/t21sc03_99_4_0.html,台燿,MOPS OTC historical monthly revenue HTML,0.580555,-0.007031364916037508,,2010,4,False
2010-05-01,531182,data/raw/mops_monthly/t21sc03_99_5_0.html,台燿,MOPS OTC historical monthly revenue HTML,0.531182,-0.08504448329615621,,2010,5,False
2010-06-01,591415,data/raw/mops_monthly/t21sc03_99_6_0.html,台燿,MOPS OTC historical monthly revenue HTML,0.591415,0.11339427917361644,,2010,6,False
2010-07-01,601851,data/raw/mops_monthly/t21sc03_99_7_0.html,台燿,MOPS OTC historical monthly revenue HTML,0.601851,0.017645815544076404,,2010,7,False
2010-08-01,550945,data/raw/mops_monthly/t21sc03_99_8_0.html,台燿,MOPS OTC historical monthly revenue HTML,0.550945,-0.08458239663969991,,2010,8,False
2010-09-01,510595,data/raw/mops_monthly/t21sc03_99_9_0.html,台燿,MOPS OTC historical monthly revenue HTML,0.510595,-0.0732378005064026,,2010,9,False
2010-10-01,469056,data/raw/mops_monthly/t21sc03_99_10_0.html,台燿,MOPS OTC historical monthly revenue HTML,0.469056,-0.0813541064836123,,2010,10,False
2010-11-01,468882,data/raw/mops_monthly/t21sc03_99_11_0.html,台燿,MOPS OTC historical monthly revenue HTML,0.468882,-0.000370957838722763,,2010,11,False
2010-12-01,513035,data/raw/mops_monthly/t21sc03_99_12_0.html,台燿,MOPS OTC historical monthly revenue HTML,0.513035,0.09416654936636504,,2010,12,False
2011-01-01,558420,data/raw/mops_monthly/t21sc03_100_1_0.html,台燿,MOPS OTC historical monthly revenue HTML,0.55842,0.08846375003654727,0.19233889909040447,2011,1,False
2011-02-01,487851,data/raw/mops_monthly/t21sc03_100_2_0.html,台燿,MOPS OTC historical monthly revenue HTML,0.487851,-0.12637262275706462,0.06901176052958524,2011,2,False
2011-03-01,569150,data/raw/mops_monthly/t21sc03_100_3_0.html,台燿,MOPS OTC historical monthly revenue HTML,0.56915,0.16664719350785395,-0.026538228663886665,2011,3,False
2011-04-01,508302,data/raw/mops_monthly/t21sc03_100_4_0.html,台燿,MOPS OTC historical monthly revenue HTML,0.508302,-0.10691030484055175,-0.12445504732540413,2011,4,False
2011-05-01,510490,data/raw/mops_monthly/t21sc03_100_5_0.html,台燿,MOPS OTC historical monthly revenue HTML,0.51049,0.004304527623341992,-0.03895463325187987,2011,5,False
2011-06-01,452934,data/raw/mops_monthly/t21sc03_100_6_0.html,台燿,MOPS OTC historical monthly revenue HTML,0.452934,-0.11274657681835099,-0.23415199141043097,2011,6,False
2011-07-01,502045,data/raw/mops_monthly/t21sc03_100_7_0.html,台燿,MOPS OTC historical monthly revenue HTML,0.502045,0.10842860107653651,-0.1658317424080047,2011,7,False
2011-08-01,472057,data/raw/mops_monthly/t21sc03_100_8_0.html,台燿,MOPS OTC historical monthly revenue HTML,0.472057,-0.05973169735780648,-0.14318670647705312,2011,8,False
2011-09-01,470372,data/raw/mops_monthly/t21sc03_100_9_0.html,台燿,MOPS OTC historical monthly revenue HTML,0.470372,-0.003569484193646111,-0.0787767212761582,2011,9,False
2011-10-01,433366,data/raw/mops_monthly/t21sc03_100_10_0.html,台燿,MOPS OTC historical monthly revenue HTML,0.433366,-0.07867390065735214,-0.07608899577022787,2011,10,False
2011-11-01,413247,data/raw/mops_monthly/t21sc03_100_11_0.html,台燿,MOPS OTC historical monthly revenue HTML,0.413247,-0.04642496181057121,-0.11865458686833796,2011,11,False
2011-12-01,437618,data/raw/mops_monthly/t21sc03_100_12_0.html,台燿,MOPS OTC historical monthly revenue HTML,0.437618,0.0589744148172886,-0.1470016665529642,2011,12,False
2012-01-01,459839,data/raw/mops_monthly/t21sc03_101_1_0.html,台燿,MOPS OTC historical monthly revenue HTML,0.459839,0.05077716181692704,-0.1765355825364422,2012,1,False
2012-02-01,512069,data/raw/mops_monthly/t21sc03_101_2_0.html,台燿,MOPS OTC historical monthly revenue HTML,0.512069,0.1135832323922068,0.049642206329391536,2012,2,False
2012-03-01,540114,data/raw/mops_monthly/t21sc03_101_3_0.html,台燿,MOPS OTC historical monthly revenue HTML,0.540114,0.0547680097799319,-0.05101642800667672,2012,3,False
2012-04-01,585484,data/raw/mops_monthly/t21sc03_101_4_0.html,台燿,MOPS OTC historical monthly revenue HTML,0.585484,0.08400078501945885,0.15184280211370393,2012,4,False
2012-05-01,529105,data/raw/mops_monthly/t21sc03_101_5_0.html,台燿,MOPS OTC historical monthly revenue HTML,0.529105,-0.0962946895218314,0.03646496503359531,2012,5,False
2012-06-01,466613,data/raw/mops_monthly/t21sc03_101_6_0.html,台燿,MOPS OTC historical monthly revenue HTML,0.466613,-0.1181088819799474,0.03020086811765066,2012,6,False
2012-07-01,552187,data/raw/mops_monthly/t21sc03_101_7_0.html,台燿,MOPS OTC historical monthly revenue HTML,0.552187,0.1833939474468136,0.09987550916750498,2012,7,False
2012-08-01,549287,data/raw/mops_monthly/t21sc03_101_8_0.html,台燿,MOPS OTC historical monthly revenue HTML,0.549287,-0.005251844031098241,0.16360312419898437,2012,8,False
2012-09-01,567910,data/raw/mops_monthly/t21sc03_101_9_0.html,台燿,MOPS OTC historical monthly revenue HTML,0.56791,0.03390395185030792,0.20736353354366344,2012,9,False
2012-11-01,543285,data/raw/mops_monthly/t21sc03_101_11_0.html,台燿,MOPS OTC historical monthly revenue HTML,0.543285,-0.04336074377982424,0.2536401102070769,2012,11,False
2012-12-01,496885,data/raw/mops_monthly/t21sc03_101_12_0.html,台燿,MOPS OTC historical monthly revenue HTML,0.496885,-0.08540637050535171,0.20239227387010694,2012,12,False
2013-01-01,1048274,data/raw/mops_monthly/t21sc03_102_1_0.html,台燿,MOPS OTC historical monthly revenue HTML,1.048274,1.1096913772804569,1.3954087811744489,2013,1,True
2013-02-01,832778,data/raw/mops_monthly/t21sc03_102_2_0.html,台燿,MOPS OTC historical monthly revenue HTML,0.832778,-0.20557220726642078,0.8110208138065715,2013,2,True
2013-03-01,1104024,data/raw/mops_monthly/t21sc03_102_3_0.html,台燿,MOPS OTC historical monthly revenue HTML,1.104024,0.32571225464649634,1.1560063194608539,2013,3,True
2013-04-01,1167380,data/raw/mops_monthly/t21sc03_102_4_0.html,台燿,MOPS OTC historical monthly revenue HTML,1.16738,0.057386433628254574,1.1613585280144565,2013,4,True
2013-05-01,999975,data/raw/mops_monthly/t21sc03_102_5_0.html,台燿,MOPS OTC historical monthly revenue HTML,0.999975,-0.14340231972451145,0.7079459045849246,2013,5,True
2013-06-01,858164,data/raw/mops_monthly/t21sc03_102_6_0.html,台燿,MOPS OTC historical monthly revenue HTML,0.858164,-0.14181454536363403,0.6219162548076469,2013,6,True
2013-07-01,986458,data/raw/mops_monthly/t21sc03_102_7_0.html,台燿,MOPS OTC historical monthly revenue HTML,0.986458,0.14949823110734073,1.1140816908230158,2013,7,True
2013-08-01,1015886,data/raw/mops_monthly/t21sc03_102_8_0.html,台燿,MOPS OTC historical monthly revenue HTML,1.015886,0.029831984737312744,0.839749939784892,2013,8,True
2013-09-01,985834,data/raw/mops_monthly/t21sc03_102_9_0.html,台燿,MOPS OTC historical monthly revenue HTML,0.985834,-0.029582059404303362,0.7947521059118459,2013,9,True
2013-10-01,973109,data/raw/mops_monthly/t21sc03_102_10_0.html,台燿,MOPS OTC historical monthly revenue HTML,0.973109,-0.012907852640505424,0.7134915743691781,2013,10,True
2013-11-01,971938,data/raw/mops_monthly/t21sc03_102_11_0.html,台燿,MOPS OTC historical monthly revenue HTML,0.971938,-0.0012033595414285836,0.789002089142899,2013,11,True
2013-12-01,1036293,data/raw/mops_monthly/t21sc03_102_12_0.html,台燿,MOPS OTC historical monthly revenue HTML,1.036293,0.06621307120413022,1.0855791581553071,2013,12,True
2014-01-01,1127227,data/raw/mops_monthly/t21sc03_103_1_0.html,台燿,MOPS OTC historical monthly revenue HTML,1.127227,0.08774931414184994,0.07531714036597315,2014,1,True
2014-02-01,882362,data/raw/mops_monthly/t21sc03_103_2_0.html,台燿,MOPS OTC historical monthly revenue HTML,0.882362,-0.21722776335201344,0.05954047777438887,2014,2,True
2014-03-01,1037649,data/raw/mops_monthly/t21sc03_103_3_0.html,台燿,MOPS OTC historical monthly revenue HTML,1.037649,0.17599012650136792,-0.06012097563096441,2014,3,True
2014-04-01,1122932,data/raw/mops_monthly/t21sc03_103_4_0.html,台燿,MOPS OTC historical monthly revenue HTML,1.122932,0.08218867844521616,-0.03807500556802412,2014,4,True
2014-05-01,1132155,data/raw/mops_monthly/t21sc03_103_5_0.html,台燿,MOPS OTC historical monthly revenue HTML,1.132155,0.008213320129803137,0.13218330458261462,2014,5,True
2014-06-01,1093287,data/raw/mops_monthly/t21sc03_103_6_0.html,台燿,MOPS OTC historical monthly revenue HTML,1.093287,-0.03433098824807568,0.2739837606797766,2014,6,True
2014-07-01,1215641,data/raw/mops_monthly/t21sc03_103_7_0.html,台燿,MOPS OTC historical monthly revenue HTML,1.215641,0.11191388903371213,0.23232920205421825,2014,7,True
2014-08-01,1168909,data/raw/mops_monthly/t21sc03_103_8_0.html,台燿,MOPS OTC historical monthly revenue HTML,1.168909,-0.038442270374230536,0.1506300903841571,2014,8,True
2014-09-01,1159237,data/raw/mops_monthly/t21sc03_103_9_0.html,台燿,MOPS OTC historical monthly revenue HTML,1.159237,-0.008274382351406206,0.1758947246696707,2014,9,True
2014-10-01,1204861,data/raw/mops_monthly/t21sc03_103_10_0.html,台燿,MOPS OTC historical monthly revenue HTML,1.204861,0.03935692183738082,0.23815625998731904,2014,10,True
2014-11-01,1128626,data/raw/mops_monthly/t21sc03_103_11_0.html,台燿,MOPS OTC historical monthly revenue HTML,1.128626,-0.06327285886089773,0.16121192915597482,2014,11,True
2014-12-01,1135136,data/raw/mops_monthly/t21sc03_103_12_0.html,台燿,MOPS OTC historical monthly revenue HTML,1.135136,0.005768075518373772,0.09538132555175038,2014,12,True
2015-01-01,1210765,data/raw/mops_monthly/t21sc03_104_1_0.html,台燿,MOPS OTC historical monthly revenue HTML,1.210765,0.06662549685676455,0.07410929653033516,2015,1,True
2015-02-01,929907,data/raw/mops_monthly/t21sc03_104_2_0.html,台燿,MOPS OTC historical monthly revenue HTML,0.929907,-0.23196739251630172,0.05388378012652417,2015,2,True
2015-03-01,1052153,data/raw/mops_monthly/t21sc03_104_3_0.html,台燿,MOPS OTC historical monthly revenue HTML,1.052153,0.13146045787374416,0.013977751628922563,2015,3,True
2015-04-01,985165,data/raw/mops_monthly/t21sc03_104_4_0.html,台燿,MOPS OTC historical monthly revenue HTML,0.985165,-0.0636675464499934,-0.12268507799225603,2015,4,True
2015-05-01,1011793,data/raw/mops_monthly/t21sc03_104_5_0.html,台燿,MOPS OTC historical monthly revenue HTML,1.011793,0.027028974841777798,-0.10631229822771626,2015,5,True
2015-06-01,990189,data/raw/mops_monthly/t21sc03_104_6_0.html,台燿,MOPS OTC historical monthly revenue HTML,0.990189,-0.021352193581098078,-0.09430094750966578,2015,6,True
2015-07-01,1115975,data/raw/mops_monthly/t21sc03_104_7_0.html,台燿,MOPS OTC historical monthly revenue HTML,1.115975,0.12703231403297743,-0.08198637591196745,2015,7,True
2015-08-01,1204991,data/raw/mops_monthly/t21sc03_104_8_0.html,台燿,MOPS OTC historical monthly revenue HTML,1.204991,0.07976522771567462,0.03086810008306884,2015,8,True
2015-09-01,1175102,data/raw/mops_monthly/t21sc03_104_9_0.html,台燿,MOPS OTC historical monthly revenue HTML,1.175102,-0.024804334638183878,0.013685726042215629,2015,9,True
2015-10-01,1054928,data/raw/mops_monthly/t21sc03_104_10_0.html,台燿,MOPS OTC historical monthly revenue HTML,1.054928,-0.10226686704643506,-0.12444008064000733,2015,10,True
2015-11-01,1073180,data/raw/mops_monthly/t21sc03_104_11_0.html,台燿,MOPS OTC historical monthly revenue HTML,1.07318,0.01730165471008438,-0.04912699158091338,2015,11,True
2015-12-01,1116461,data/raw/mops_monthly/t21sc03_104_12_0.html,台燿,MOPS OTC historical monthly revenue HTML,1.116461,0.04032967442553903,-0.016451773179601337,2015,12,True
2016-01-01,1099012,data/raw/mops_monthly/t21sc03_105_1_0.html,台燿,MOPS OTC historical monthly revenue HTML,1.099012,-0.01562884865660319,-0.09229949659925751,2016,1,True
2016-02-01,923976,data/raw/mops_monthly/t21sc03_105_2_0.html,台燿,MOPS OTC historical monthly revenue HTML,0.923976,-0.15926668680596756,-0.00637805716055484,2016,2,True
2016-03-01,1185895,data/raw/mops_monthly/t21sc03_105_3_0.html,台燿,MOPS OTC historical monthly revenue HTML,1.185895,0.2834694840558629,0.12711269178532025,2016,3,True
2016-04-01,1163080,data/raw/mops_monthly/t21sc03_105_4_0.html,台燿,MOPS OTC historical monthly revenue HTML,1.16308,-0.019238634111789055,0.1805941136763891,2016,4,True
2016-05-01,1133834,data/raw/mops_monthly/t21sc03_105_5_0.html,台燿,MOPS OTC historical monthly revenue HTML,1.133834,-0.02514530384840241,0.1206185454930011,2016,5,True
2016-06-01,1028237,data/raw/mops_monthly/t21sc03_105_6_0.html,台燿,MOPS OTC historical monthly revenue HTML,1.028237,-0.09313268079807091,0.038424987552881484,2016,6,True
2016-07-01,1087644,data/raw/mops_monthly/t21sc03_105_7_0.html,台燿,MOPS OTC historical monthly revenue HTML,1.087644,0.057775590646903296,-0.025386769416877564,2016,7,True
2016-08-01,1167878,data/raw/mops_monthly/t21sc03_105_8_0.html,台燿,MOPS OTC historical monthly revenue HTML,1.167878,0.07376862282143781,-0.03079940016149496,2016,8,True
2016-09-01,1109498,data/raw/mops_monthly/t21sc03_105_9_0.html,台燿,MOPS OTC historical monthly revenue HTML,1.109498,-0.04998809807188753,-0.055828345113870914,2016,9,True
2016-10-01,1087649,data/raw/mops_monthly/t21sc03_105_10_0.html,台燿,MOPS OTC historical monthly revenue HTML,1.087649,-0.019692689847120026,0.03101728269607018,2016,10,True
2016-11-01,1225664,data/raw/mops_monthly/t21sc03_105_11_0.html,台燿,MOPS OTC historical monthly revenue HTML,1.225664,0.12689295903365871,0.14208613652882085,2016,11,True
2016-12-01,1211943,data/raw/mops_monthly/t21sc03_105_12_0.html,台燿,MOPS OTC historical monthly revenue HTML,1.211943,-0.011194748316014858,0.08552202002577802,2016,12,True
2017-01-01,1253293,data/raw/mops_monthly/t21sc03_106_1_0.html,台燿,MOPS OTC historical monthly revenue HTML,1.253293,0.03411876631161692,0.14038154269471104,2017,1,True
2017-02-01,1294898,data/raw/mops_monthly/t21sc03_106_2_0.html,台燿,MOPS OTC historical monthly revenue HTML,1.294898,0.033196547016539624,0.40144116297393007,2017,2,True
2017-03-01,1425661,data/raw/mops_monthly/t21sc03_106_3_0.html,台燿,MOPS OTC historical monthly revenue HTML,1.425661,0.10098324346782528,0.20218147475113746,2017,3,True
2017-04-01,1254519,data/raw/mops_monthly/t21sc03_106_4_0.html,台燿,MOPS OTC historical monthly revenue HTML,1.254519,-0.12004396557105801,0.07861797984661423,2017,4,True
2017-05-01,1302382,data/raw/mops_monthly/t21sc03_106_5_0.html,台燿,MOPS OTC historical monthly revenue HTML,1.302382,0.038152471186167825,0.14865315381263922,2017,5,True
2017-06-01,1276749,data/raw/mops_monthly/t21sc03_106_6_0.html,台燿,MOPS OTC historical monthly revenue HTML,1.276749,-0.01968162950655028,0.2416874708846306,2017,6,True
2017-07-01,1272968,data/raw/mops_monthly/t21sc03_106_7_0.html,台燿,MOPS OTC historical monthly revenue HTML,1.272968,-0.0029614278139241668,0.1703903115357599,2017,7,True
2017-08-01,1398728,data/raw/mops_monthly/t21sc03_106_8_0.html,台燿,MOPS OTC historical monthly revenue HTML,1.398728,0.09879274262982252,0.19766619458539325,2017,8,True
2017-09-01,1380656,data/raw/mops_monthly/t21sc03_106_9_0.html,台燿,MOPS OTC historical monthly revenue HTML,1.380656,-0.012920310453497619,0.24439701558722948,2017,9,True
2017-10-01,1343151,data/raw/mops_monthly/t21sc03_106_10_0.html,台燿,MOPS OTC historical monthly revenue HTML,1.343151,-0.027164623193612347,0.23491218214699772,2017,10,True
2017-11-01,1444946,data/raw/mops_monthly/t21sc03_106_11_0.html,台燿,MOPS OTC historical monthly revenue HTML,1.444946,0.07578820251781071,0.17890873844707844,2017,11,True
2017-12-01,1455755,data/raw/mops_monthly/t21sc03_106_12_0.html,台燿,MOPS OTC historical monthly revenue HTML,1.455755,0.007480556366812108,0.20117447767758057,2017,12,True
2018-01-01,1545301,data/raw/mops_monthly/t21sc03_107_1_0.html,台燿,MOPS OTC historical monthly revenue HTML,1.545301,0.061511724156880776,0.23299260428327617,2018,1,True
2018-02-01,1293042,data/raw/mops_monthly/t21sc03_107_2_0.html,台燿,MOPS OTC historical monthly revenue HTML,1.293042,-0.16324263040016151,-0.0014333175277126964,2018,2,True
2018-03-01,1598461,data/raw/mops_monthly/t21sc03_107_3_0.html,台燿,MOPS OTC historical monthly revenue HTML,1.598461,0.23620191764846,0.12120693488844814,2018,3,True
2018-04-01,1568394,data/raw/mops_monthly/t21sc03_107_4_0.html,台燿,MOPS OTC historical monthly revenue HTML,1.568394,-0.018809967837813857,0.25019549325279256,2018,4,True
2018-05-01,1524766,data/raw/mops_monthly/t21sc03_107_5_0.html,台燿,MOPS OTC historical monthly revenue HTML,1.524766,-0.02781698986351644,0.17075174564759044,2018,5,True
2018-06-01,1483844,data/raw/mops_monthly/t21sc03_107_6_0.html,台燿,MOPS OTC historical monthly revenue HTML,1.483844,-0.02683821648698892,0.1622049439631439,2018,6,True
2018-07-01,1589952,data/raw/mops_monthly/t21sc03_107_7_0.html,台燿,MOPS OTC historical monthly revenue HTML,1.589952,0.07150886481328222,0.24901175834742117,2018,7,True
2018-08-01,1562505,data/raw/mops_monthly/t21sc03_107_8_0.html,台燿,MOPS OTC historical monthly revenue HTML,1.562505,-0.0172627852916315,0.11708995601718142,2018,8,True
2018-09-01,1527367,data/raw/mops_monthly/t21sc03_107_9_0.html,台燿,MOPS OTC historical monthly revenue HTML,1.527367,-0.022488248037606406,0.10626180598208368,2018,9,True
2018-10-01,1437967,data/raw/mops_monthly/t21sc03_107_10_0.html,台燿,MOPS OTC historical monthly revenue HTML,1.437967,-0.05853210132207909,0.07059221189575848,2018,10,True
2018-11-01,1401442,data/raw/mops_monthly/t21sc03_107_11_0.html,台燿,MOPS OTC historical monthly revenue HTML,1.401442,-0.025400443821033347,-0.030107699526487508,2018,11,True
2018-12-01,1251773,data/raw/mops_monthly/t21sc03_107_12_0.html,台燿,MOPS OTC historical monthly revenue HTML,1.251773,-0.10679642825033075,-0.1401211055431717,2018,12,True
2019-01-01,1412732,data/raw/mops_monthly/t21sc03_108_1_0.html,台燿,MOPS OTC historical monthly revenue HTML,1.412732,0.12858481529798138,-0.08578846451273892,2019,1,True
2019-02-01,1056165,data/raw/mops_monthly/t21sc03_108_2_0.html,台燿,MOPS OTC historical monthly revenue HTML,1.056165,-0.2523953587800093,-0.1831935853591763,2019,2,True
2019-03-01,1413475,data/raw/mops_monthly/t21sc03_108_3_0.html,台燿,MOPS OTC historical monthly revenue HTML,1.413475,0.33830888166148276,-0.11572756545201912,2019,3,True
2019-04-01,1507228,data/raw/mops_monthly/t21sc03_108_4_0.html,台燿,MOPS OTC historical monthly revenue HTML,1.507228,0.06632802136578286,-0.038999129045380165,2019,4,True
2019-05-01,1516289,data/raw/mops_monthly/t21sc03_108_5_0.html,台燿,MOPS OTC historical monthly revenue HTML,1.516289,0.0060116982964752985,-0.005559541595234974,2019,5,True
2019-06-01,1326729,data/raw/mops_monthly/t21sc03_108_6_0.html,台燿,MOPS OTC historical monthly revenue HTML,1.326729,-0.1250157456790888,-0.1058837721485546,2019,6,True
2019-07-01,1551328,data/raw/mops_monthly/t21sc03_108_7_0.html,台燿,MOPS OTC historical monthly revenue HTML,1.551328,0.16928777466988354,-0.02429255725959023,2019,7,True
2019-08-01,1537068,data/raw/mops_monthly/t21sc03_108_8_0.html,台燿,MOPS OTC historical monthly revenue HTML,1.537068,-0.009192124425008719,-0.016279627905190663,2019,8,True
2019-09-01,1505959,data/raw/mops_monthly/t21sc03_108_9_0.html,台燿,MOPS OTC historical monthly revenue HTML,1.505959,-0.020239182651645926,-0.01401627768571656,2019,9,True
2019-10-01,1479397,data/raw/mops_monthly/t21sc03_108_10_0.html,台燿,MOPS OTC historical monthly revenue HTML,1.479397,-0.017637930381902756,0.028811509582626016,2019,10,True
2019-11-01,1594077,data/raw/mops_monthly/t21sc03_108_11_0.html,台燿,MOPS OTC historical monthly revenue HTML,1.594077,0.07751806986224796,0.13745485007585034,2019,11,True
2019-12-01,1621299,data/raw/mops_monthly/t21sc03_108_12_0.html,台燿,MOPS OTC historical monthly revenue HTML,1.621299,0.017076966796459647,0.29520208536212245,2019,12,True
2020-01-01,1416433,data/raw/mops_monthly/t21sc03_109_1_0.html,台燿,MOPS OTC historical monthly revenue HTML,1.416433,-0.1263591724907004,0.002619746703550252,2020,1,True
2020-02-01,1301483,data/raw/mops_monthly/t21sc03_109_2_0.html,台燿,MOPS OTC historical monthly revenue HTML,1.301483,-0.08115456219955341,0.23227241955565647,2020,2,True
2020-03-01,1758228,data/raw/mops_monthly/t21sc03_109_3_0.html,台燿,MOPS OTC historical monthly revenue HTML,1.758228,0.35094196389810706,0.2439045614531561,2020,3,True
2020-04-01,1873568,data/raw/mops_monthly/t21sc03_109_4_0.html,台燿,MOPS OTC historical monthly revenue HTML,1.873568,0.06560013832108247,0.24305546340699613,2020,4,True
2020-05-01,1752589,data/raw/mops_monthly/t21sc03_109_5_0.html,台燿,MOPS OTC historical monthly revenue HTML,1.752589,-0.064571448701088,0.15584100392471356,2020,5,True
2020-06-01,1626755,data/raw/mops_monthly/t21sc03_109_6_0.html,台燿,MOPS OTC historical monthly revenue HTML,1.626755,-0.07179892148130562,0.22613962610299465,2020,6,True
2020-07-01,1542966,data/raw/mops_monthly/t21sc03_109_7_0.html,台燿,MOPS OTC historical monthly revenue HTML,1.542966,-0.05150683415757129,-0.005390220507848764,2020,7,True
2020-08-01,1526751,data/raw/mops_monthly/t21sc03_109_8_0.html,台燿,MOPS OTC historical monthly revenue HTML,1.526751,-0.010508980755246755,-0.006712129847215698,2020,8,True
2020-09-01,1234791,data/raw/mops_monthly/t21sc03_109_9_0.html,台燿,MOPS OTC historical monthly revenue HTML,1.234791,-0.19122961111536851,-0.18006333505759453,2020,9,True
2020-10-01,1209890,data/raw/mops_monthly/t21sc03_109_10_0.html,台燿,MOPS OTC historical monthly revenue HTML,1.20989,-0.02016616577218333,-0.18217354773600336,2020,10,True
2020-11-01,1391073,data/raw/mops_monthly/t21sc03_109_11_0.html,台燿,MOPS OTC historical monthly revenue HTML,1.391073,0.14975163031349958,-0.1273489298195758,2020,11,True
2020-12-01,1407398,data/raw/mops_monthly/t21sc03_109_12_0.html,台燿,MOPS OTC historical monthly revenue HTML,1.407398,0.011735545151117188,-0.13193186451111127,2020,12,True
2021-01-01,1549030,data/raw/mops_monthly/t21sc03_110_1_0.html,台燿,MOPS OTC historical monthly revenue HTML,1.54903,0.10063393581630775,0.09361332304457726,2021,1,True
2021-02-01,1415693,data/raw/mops_monthly/t21sc03_110_2_0.html,台燿,MOPS OTC historical monthly revenue HTML,1.415693,-0.08607773897213078,0.08775373938806741,2021,2,True
2021-03-01,1728671,data/raw/mops_monthly/t21sc03_110_3_0.html,台燿,MOPS OTC historical monthly revenue HTML,1.728671,0.22107759238761515,-0.016810675293534083,2021,3,True
2021-04-01,1770181,data/raw/mops_monthly/t21sc03_110_4_0.html,台燿,MOPS OTC historical monthly revenue HTML,1.770181,0.024012666377812852,-0.05518187757263138,2021,4,True
2021-05-01,1803100,data/raw/mops_monthly/t21sc03_110_5_0.html,台燿,MOPS OTC historical monthly revenue HTML,1.8031,0.018596403418633445,0.028820790270850605,2021,5,True
2021-06-01,1869965,data/raw/mops_monthly/t21sc03_110_6_0.html,台燿,MOPS OTC historical monthly revenue HTML,1.869965,0.03708335644168392,0.14950622558406157,2021,6,True
2021-07-01,1928594,data/raw/mops_monthly/t21sc03_110_7_0.html,台燿,MOPS OTC historical monthly revenue HTML,1.928594,0.03135299323784135,0.24992644037522527,2021,7,True
2021-08-01,1945708,data/raw/mops_monthly/t21sc03_110_8_0.html,台燿,MOPS OTC historical monthly revenue HTML,1.945708,0.008873822069341841,0.27441082403089956,2021,8,True
2021-09-01,1795957,data/raw/mops_monthly/t21sc03_110_9_0.html,台燿,MOPS OTC historical monthly revenue HTML,1.795957,-0.07696478608300938,0.45446233411160275,2021,9,True
2021-10-01,1704222,data/raw/mops_monthly/t21sc03_110_10_0.html,台燿,MOPS OTC historical monthly revenue HTML,1.704222,-0.051078617138383686,0.40857598624668356,2021,10,True
2021-11-01,1801408,data/raw/mops_monthly/t21sc03_110_11_0.html,台燿,MOPS OTC historical monthly revenue HTML,1.801408,0.0570266080358075,0.2949773304492287,2021,11,True
2021-12-01,1819510,data/raw/mops_monthly/t21sc03_110_12_0.html,台燿,MOPS OTC historical monthly revenue HTML,1.81951,0.01004880626709781,0.29281837831231816,2021,12,True
2022-01-01,1822394,data/raw/mops_monthly/t21sc03_111_1_0.html,台燿,MOPS OTC historical monthly revenue HTML,1.822394,0.0015850421267264991,0.17647430972931466,2022,1,True
2022-02-01,1464984,data/raw/mops_monthly/t21sc03_111_2_0.html,台燿,MOPS OTC historical monthly revenue HTML,1.464984,-0.19612114614073572,0.03481757697466903,2022,2,True
2022-03-01,1736445,data/raw/mops_monthly/t21sc03_111_3_0.html,台燿,MOPS OTC historical monthly revenue HTML,1.736445,0.1852996346717779,0.004497096324286076,2022,3,True
2022-04-01,1641441,data/raw/mops_monthly/t21sc03_111_4_0.html,台燿,MOPS OTC historical monthly revenue HTML,1.641441,-0.05471178183011849,-0.07272702621935279,2022,4,True
2022-05-01,1658904,data/raw/mops_monthly/t21sc03_111_5_0.html,台燿,MOPS OTC historical monthly revenue HTML,1.658904,0.010638822839200479,-0.07997116077865896,2022,5,True
2022-06-01,1489451,data/raw/mops_monthly/t21sc03_111_6_0.html,台燿,MOPS OTC historical monthly revenue HTML,1.489451,-0.1021475624870396,-0.20348723104443134,2022,6,True
2022-07-01,1541013,data/raw/mops_monthly/t21sc03_111_7_0.html,台燿,MOPS OTC historical monthly revenue HTML,1.541013,0.03461812439617007,-0.2009655738843945,2022,7,True
2022-08-01,1483968,data/raw/mops_monthly/t21sc03_111_8_0.html,台燿,MOPS OTC historical monthly revenue HTML,1.483968,-0.037017857733841364,-0.23731207354854889,2022,8,True
2022-09-01,1490297,data/raw/mops_monthly/t21sc03_111_9_0.html,台燿,MOPS OTC historical monthly revenue HTML,1.490297,0.004264916763703885,-0.170193384362766,2022,9,True
2022-10-01,1327315,data/raw/mops_monthly/t21sc03_111_10_0.html,台燿,MOPS OTC historical monthly revenue HTML,1.327315,-0.10936209359610871,-0.22116074079550663,2022,10,True
2022-11-01,1473019,data/raw/mops_monthly/t21sc03_111_11_0.html,台燿,MOPS OTC historical monthly revenue HTML,1.473019,0.10977349009089776,-0.18229573755640027,2022,11,True
2022-12-01,1342897,data/raw/mops_monthly/t21sc03_111_12_0.html,台燿,MOPS OTC historical monthly revenue HTML,1.342897,-0.0883369460950606,-0.2619457985941269,2022,12,True
2023-01-01,1083168,data/raw/mops_monthly/t21sc03_112_1_0.html,台燿,MOPS OTC historical monthly revenue HTML,1.083168,-0.19340947220821858,-0.40563456640002116,2023,1,True
2023-02-01,1255319,data/raw/mops_monthly/t21sc03_112_2_0.html,台燿,MOPS OTC historical monthly revenue HTML,1.255319,0.15893287098584907,-0.1431176040147879,2023,2,True
2023-03-01,1314268,data/raw/mops_monthly/t21sc03_112_3_0.html,台燿,MOPS OTC historical monthly revenue HTML,1.314268,0.04695937845280751,-0.24312719377809255,2023,3,True
2023-04-01,1202371,data/raw/mops_monthly/t21sc03_112_4_0.html,台燿,MOPS OTC historical monthly revenue HTML,1.202371,-0.08514016928054247,-0.26749057687726807,2023,4,True
2023-05-01,1347897,data/raw/mops_monthly/t21sc03_112_5_0.html,台燿,MOPS OTC historical monthly revenue HTML,1.347897,0.12103252656625929,-0.18747739471361813,2023,5,True
2023-06-01,1206388,data/raw/mops_monthly/t21sc03_112_6_0.html,台燿,MOPS OTC historical monthly revenue HTML,1.206388,-0.10498502482014571,-0.19004519114761076,2023,6,True
2023-07-01,1296055,data/raw/mops_monthly/t21sc03_112_7_0.html,台燿,MOPS OTC historical monthly revenue HTML,1.296055,0.07432683348972291,-0.15895907432318868,2023,7,True
2023-08-01,1382764,data/raw/mops_monthly/t21sc03_112_8_0.html,台燿,MOPS OTC historical monthly revenue HTML,1.382764,0.06690225337659284,-0.0681982360805623,2023,8,True
2023-09-01,1499206,data/raw/mops_monthly/t21sc03_112_9_0.html,台燿,MOPS OTC historical monthly revenue HTML,1.499206,0.08420959758859792,0.005978003042346636,2023,9,True
2023-10-01,1405990,data/raw/mops_monthly/t21sc03_112_10_0.html,台燿,MOPS OTC historical monthly revenue HTML,1.40599,-0.06217691231225064,0.05927379710166769,2023,10,True
2023-11-01,1574501,data/raw/mops_monthly/t21sc03_112_11_0.html,台燿,MOPS OTC historical monthly revenue HTML,1.574501,0.11985220378523298,0.06889388392138862,2023,11,True
2023-12-01,1434115,data/raw/mops_monthly/t21sc03_112_12_0.html,台燿,MOPS OTC historical monthly revenue HTML,1.434115,-0.08916221710878547,0.06792628176248816,2023,12,True
2024-01-01,1496705,data/raw/mops_monthly/t21sc03_113_1_0.html,台燿,MOPS OTC historical monthly revenue HTML,1.496705,0.043643640851674936,0.38178472776152916,2024,1,True
2024-02-01,1185857,data/raw/mops_monthly/t21sc03_113_2_0.html,台燿,MOPS OTC historical monthly revenue HTML,1.185857,-0.20768822179387392,-0.055334142158288135,2024,2,True
2024-03-01,1750773,data/raw/mops_monthly/t21sc03_113_3_0.html,台燿,MOPS OTC historical monthly revenue HTML,1.750773,0.4763778431969454,0.3321278460709687,2024,3,True
2024-04-01,1822102,data/raw/mops_monthly/t21sc03_113_4_0.html,台燿,MOPS OTC historical monthly revenue HTML,1.822102,0.04074143249867346,0.5154241078668731,2024,4,True
2024-05-01,1940296,data/raw/mops_monthly/t21sc03_113_5_0.html,台燿,MOPS OTC historical monthly revenue HTML,1.940296,0.0648668406049715,0.4394987154062959,2024,5,True
2024-06-01,1942367,data/raw/mops_monthly/t21sc03_113_6_0.html,台燿,MOPS OTC historical monthly revenue HTML,1.942367,0.0010673629178228339,0.6100682367530181,2024,6,True
2024-07-01,2140634,data/raw/mops_monthly/t21sc03_113_7_0.html,台燿,MOPS OTC historical monthly revenue HTML,2.140634,0.10207494258294125,0.6516536721049646,2024,7,True
2024-08-01,2211638,data/raw/mops_monthly/t21sc03_113_8_0.html,台燿,MOPS OTC historical monthly revenue HTML,2.211638,0.033169612367177415,0.5994327303863856,2024,8,True
2024-09-01,2269814,data/raw/mops_monthly/t21sc03_113_9_0.html,台燿,MOPS OTC historical monthly revenue HTML,2.269814,0.026304485634629282,0.5140107496901694,2024,9,True
2024-10-01,2030244,data/raw/mops_monthly/t21sc03_113_10_0.html,台燿,MOPS OTC historical monthly revenue HTML,2.030244,-0.10554609320411279,0.4439960454910774,2024,10,True
2024-11-01,2260922,data/raw/mops_monthly/t21sc03_113_11_0.html,台燿,MOPS OTC historical monthly revenue HTML,2.260922,0.11362082587117595,0.43596098065355315,2024,11,True
2024-12-01,2018859,data/raw/mops_monthly/t21sc03_113_12_0.html,台燿,MOPS OTC historical monthly revenue HTML,2.018859,-0.10706384386546719,0.4077385704772629,2024,12,True
2025-01-01,2021128,data/raw/mops_monthly/t21sc03_114_1_0.html,台燿,MOPS OTC historical monthly revenue HTML,2.021128,0.001123902164539503,0.3503850124105954,2025,1,True
2025-02-01,2153377,data/raw/mops_monthly/t21sc03_114_2_0.html,台燿,MOPS OTC historical monthly revenue HTML,2.153377,0.06543326300956687,0.8158825220916182,2025,2,True
2025-03-01,2194287,data/raw/mops_monthly/t21sc03_114_3_0.html,台燿,MOPS OTC historical monthly revenue HTML,2.194287,0.018998066757469845,0.2533246743010089,2025,3,True
2025-04-01,2328755,data/raw/mops_monthly/t21sc03_114_4_0.html,台燿,MOPS OTC historical monthly revenue HTML,2.328755,0.06128095367652464,0.27805962564115516,2025,4,True
2025-05-01,2098333,data/raw/mops_monthly/t21sc03_114_5_0.html,台燿,MOPS OTC historical monthly revenue HTML,2.098333,-0.09894643275054715,0.0814499437199272,2025,5,True
2025-06-01,2356699,data/raw/mops_monthly/t21sc03_114_6_0.html,台燿,MOPS OTC historical monthly revenue HTML,2.356699,0.12312916967897847,0.21331293210809288,2025,6,True
2025-07-01,2667033,data/raw/mops_monthly/t21sc03_114_7_0.html,台燿,MOPS OTC historical monthly revenue HTML,2.667033,0.13168164453755016,0.2459079880072914,2025,7,True
2025-08-01,2544064,data/raw/mops_monthly/t21sc03_114_8_0.html,台燿,MOPS OTC historical monthly revenue HTML,2.544064,-0.04610704104523633,0.15030760006836563,2025,8,True
2025-09-01,2851779,data/raw/mops_monthly/t21sc03_114_9_0.html,台燿,MOPS OTC historical monthly revenue HTML,2.851779,0.1209541112173278,0.256393255130156,2025,9,True
2025-10-01,2853997,data/raw/mops_monthly/t21sc03_114_10_0.html,台燿,MOPS OTC historical monthly revenue HTML,2.853997,0.000777760127976368,0.4057408863171126,2025,10,True
2025-11-01,3024742,data/raw/mops_monthly/t21sc03_114_11_0.html,台燿,MOPS OTC historical monthly revenue HTML,3.024742,0.059826622102265636,0.3378356263506659,2025,11,True
2025-12-01,3250133,data/raw/mops_monthly/t21sc03_114_12_0.html,台燿,MOPS OTC historical monthly revenue HTML,3.250133,0.07451577688278865,0.6098860792160323,2025,12,True
2026-01-01,3533279,data/raw/mops_monthly/t21sc03_115_1_0.html,台燿,MOPS OTC historical monthly revenue HTML,3.533279,0.08711828100573116,0.7481718129678079,2026,1,True
2026-02-01,2740833,data/raw/mops_monthly/t21sc03_115_2_0.html,台燿,MOPS OTC historical monthly revenue HTML,2.740833,-0.22428061865479632,0.27280685174960073,2026,2,True
2026-03-01,3781706,data/raw/mops_monthly/t21sc03_115_3_0.html,台燿,MOPS OTC historical monthly revenue HTML,3.781706,0.37976520276864734,0.7234327141344772,2026,3,True
2026-04-01,4610166,data/raw/mops_monthly/t21sc03_115_4_0.html,台燿,MOPS OTC historical monthly revenue HTML,4.610166,0.21907044069528436,0.9796698235752581,2026,4,True
2026-05-01,4794425,data/raw/mops_monthly/t21sc03_115_5_0.html,台燿,MOPS OTC historical monthly revenue HTML,4.794425,0.03996797512280459,1.2848732779782814,2026,5,True
2026-06-01,4895221,data/raw/mops_monthly/t21sc03_115_6_0.html,台燿,MOPS OTC historical monthly revenue HTML,4.895221,0.02102358468429477,1.0771515581752276,2026,6,True
2026-07-01,5908074,data/raw/mops_monthly/t21sc03_115_7_0.html,台燿,MOPS OTC historical monthly revenue HTML,5.908074,0.20690649104504155,1.2152234336807983,2026,7,True
2026-08-01,5914540,data/raw/mops_monthly/t21sc03_115_8_0.html,台燿,MOPS OTC historical monthly revenue HTML,5.91454,0.0010944344976044906,1.3248393122185602,2026,8,True
2026-09-01,6125570,data/raw/mops_monthly/t21sc03_115_9_0.html,台燿,MOPS OTC historical monthly revenue HTML,6.12557,0.03567986690427327,1.1479820140340466,2026,9,True
