year,check,difference_ntd_m,tolerance_ntd_m,passed
2016,gross_profit_equals_revenue_minus_cogs,-4.547473508864641e-13,0.01,True
2017,gross_profit_equals_revenue_minus_cogs,-4.547473508864641e-13,0.01,True
2018,gross_profit_equals_revenue_minus_cogs,2.7284841053187847e-12,0.01,True
2019,gross_profit_equals_revenue_minus_cogs,0.0,0.01,True
2020,gross_profit_equals_revenue_minus_cogs,9.094947017729282e-13,0.01,True
2021,gross_profit_equals_revenue_minus_cogs,-9.094947017729282e-13,0.01,True
2022,gross_profit_equals_revenue_minus_cogs,-4.547473508864641e-13,0.01,True
2023,gross_profit_equals_revenue_minus_cogs,-4.547473508864641e-13,0.01,True
2024,gross_profit_equals_revenue_minus_cogs,0.0,0.01,True
2025,gross_profit_equals_revenue_minus_cogs,-9.094947017729282e-13,0.01,True
2016,operating_income_equals_gross_profit_minus_opex,0.0,0.01,True
2017,operating_income_equals_gross_profit_minus_opex,-2.2737367544323206e-13,0.01,True
2018,operating_income_equals_gross_profit_minus_opex,0.0,0.01,True
2019,operating_income_equals_gross_profit_minus_opex,0.0,0.01,True
2020,operating_income_equals_gross_profit_minus_opex,4.547473508864641e-13,0.01,True
2021,operating_income_equals_gross_profit_minus_opex,4.547473508864641e-13,0.01,True
2022,operating_income_equals_gross_profit_minus_opex,2.2737367544323206e-13,0.01,True
2023,operating_income_equals_gross_profit_minus_opex,2.2737367544323206e-13,0.01,True
2024,operating_income_equals_gross_profit_minus_opex,0.0,0.01,True
2025,operating_income_equals_gross_profit_minus_opex,-9.094947017729282e-13,0.01,True
2016,balance_sheet_balances,0.0,0.01,True
2017,balance_sheet_balances,0.0,0.01,True
2018,balance_sheet_balances,0.0,0.01,True
2019,balance_sheet_balances,0.0,0.01,True
2020,balance_sheet_balances,3.637978807091713e-12,0.01,True
2021,balance_sheet_balances,0.0,0.01,True
2022,balance_sheet_balances,0.0,0.01,True
2023,balance_sheet_balances,0.0,0.01,True
2024,balance_sheet_balances,0.0,0.01,True
2025,balance_sheet_balances,7.275957614183426e-12,0.01,True
