year,revenue_ntd_m,cogs_ntd_m,gross_profit_ntd_m,opex_ntd_m,operating_income_ntd_m,pbt_ntd_m,tax_ntd_m,net_income_ntd_m,eps_ntd,cash_ntd_m,accounts_receivable_ntd_m,inventory_ntd_m,current_assets_ntd_m,ppe_ntd_m,total_assets_ntd_m,short_term_borrowings_ntd_m,accounts_payable_ntd_m,current_liabilities_ntd_m,bonds_payable_ntd_m,long_term_borrowings_ntd_m,total_liabilities_ntd_m,equity_ntd_m,sales_growth_pct,cogs_to_sales_pct,gross_margin_pct,opex_to_sales_pct,operating_margin_pct,days_sales_in_cash,ar_collection_days,inventory_turnover_x,ap_payment_days,effective_tax_rate_pct,dividend_payout_pct
2016,13423,10733,2689,1472,1217,1169,260,909,3.76,1158,4301,1556,8057,2871,11699,295,3226,4968,0,0,5162,6536,,79.95977054309766,20.032779557475973,10.966251955598599,9.066527601877375,31.488489905386274,,,,22.241231822070144,56.00000000000001
2017,16103,12766,3338,1996,1341,1322,321,1002,4.12,1122,5455,2061,9313,2676,12549,519,3252,4714,0,616,5533,7016,19.965730462638763,79.27715332546731,20.729056697509783,12.39520586226169,8.327640812271007,25.431907098056264,110.56759610010558,7.0588885816975395,92.60809963966787,24.28139183055976,78.0
2018,17787,13765,4022,1622,2400,2393,557,1836,7.46,2239,5590,1993,12039,2465,15614,357,3471,5054,1416,737,7415,8199,10.457678693411165,77.38797998538259,22.612020014617418,9.119019508629899,13.493000505987517,45.945634452127955,113.3250407601057,6.790823877651702,89.13530693788594,23.27622231508567,61.0
2019,17527,13389,4138,1981,2157,2235,483,1752,6.92,3319,6056,2467,13360,3084,18014,432,3966,6330,0,1363,7914,10100,-1.4617417214819795,76.39071147372624,23.60928852627375,11.302561761853141,12.306726764420608,69.11821760712044,121.26404975181148,6.004035874439462,101.37071476585257,21.610738255033556,70.0
2020,18047,13822,4225,1951,2273,2264,488,1776,6.67,3137,4795,2229,14609,4096,19380,428,3008,4682,1721,1722,8352,11027,2.966851143949345,76.58890674350307,23.411093256496926,10.810661051698343,12.59489111763728,63.44572505125505,109.73056463678175,5.886712095400341,92.08182607437418,21.554770318021202,72.0
2021,21132,16702,4430,2050,2380,2413,532,1881,7.01,4717,6688,2857,17202,4320,21951,447,4602,6440,1739,1783,10214,11737,17.09425389261372,79.03653227332956,20.96346772667045,9.700927503312512,11.26254022335794,81.47383115653984,99.16938765852734,6.567833267793944,83.15321518381033,22.04724409448819,72.0
2022,18472,15067,3405,1908,1498,1621,360,1261,4.69,5891,5609,1965,15084,4287,19763,61,3269,6553,0,1146,7904,11858,-12.587544955517693,81.56669553919446,18.433304460805545,10.32914681680381,8.109571242962321,116.40401689042876,121.49212321351236,6.249274160099544,95.33799030994889,22.208513263417643,85.0
2023,16003,12844,3159,1735,1424,1550,726,823,3.05,4958,5936,2061,14618,4520,19420,185,3787,5548,463,1642,7840,11580,-13.36617583369424,80.2599512591389,19.740048740861088,10.84171717802912,8.89833156283197,113.08317190526776,131.6604699118915,6.380526577247888,100.25848645281843,46.83870967741935,132.0
2024,23070,17729,5342,2010,3332,3378,773,2604,9.56,6280,8691,3189,20264,4339,25878,543,5499,7873,1926,1524,11541,14337,44.16046991189153,76.84872128305157,23.15561335067187,8.712613784135241,14.442999566536626,99.35847420892935,115.70990463805808,6.753904761904762,95.5888657002651,22.883362936648904,69.0
2025,30340,23442,6898,2554,4344,4519,1109,3409,12.13,5165,12891,7405,32351,5565,39741,1818,10320,14621,3618,2686,21127,18614,31.51278716948418,77.26433750823995,22.735662491760053,8.4179301252472,14.317732366512853,62.13661832564272,129.81921555702044,4.4255238814423254,123.15363450217559,24.540827616729366,64.0
