financial_year,financial_quarter,financial_period,financial_period_end,financial_available_at,financial_availability_policy,financial_source_file,financial_source_url,revenue_ntd_m,cogs_ntd_m,gross_profit_ntd_m,opex_ntd_m,operating_income_ntd_m,pbt_ntd_m,tax_ntd_m,net_income_ntd_m,cash_ntd_m,accounts_receivable_ntd_m,inventory_ntd_m,ppe_ntd_m,total_assets_ntd_m,short_term_borrowings_ntd_m,accounts_payable_ntd_m,bonds_payable_ntd_m,long_term_borrowings_ntd_m,total_liabilities_ntd_m,equity_ntd_m,cfo_ytd_ntd_m,capex_ytd_ntd_m,fin_gross_margin_pct,fin_operating_margin_pct,fin_inventory_asset_ratio,fin_ppe_asset_ratio,fin_ar_asset_ratio,fin_cash_asset_ratio,fin_debt_asset_ratio,fin_capex_ytd_asset_ratio,fin_cfo_ytd_asset_ratio,ppe_yoy_growth,inventory_yoy_growth,accounts_receivable_yoy_growth
2016,1,2016Q1,2016-03-31,2016-06-01,conservative_proxy_Q1_Jun1_Q2_Sep1_Q3_Dec1_Q4_next_Apr1,data/raw/mops_financials/6274_2016_Q1_C.html,https://mopsov.twse.com.tw/server-java/t164sb01?step=1&CO_ID=6274&SYEAR=2016&SSEASON=1&REPORT_ID=C,3208.132,2507.954,700.178,364.279,335.899,323.646,96.422,227.224,1459.809,3865.298,1363.179,2999.134,11213.681,190.238,2606.78,0.0,402.313,4742.473,6471.208,331.735,-12.028,21.825099465982074,10.47023626209894,0.12156391821739891,0.2674531226632896,0.3446948419524329,0.13018107078309074,0.05284179209306916,0.001072618348961416,0.02958306019227763,,,
2016,2,2016Q2,2016-06-30,2016-09-01,conservative_proxy_Q1_Jun1_Q2_Sep1_Q3_Dec1_Q4_next_Apr1,data/raw/mops_financials/6274_2016_Q2_C.html,https://mopsov.twse.com.tw/server-java/t164sb01?step=1&CO_ID=6274&SYEAR=2016&SSEASON=2&REPORT_ID=C,6535.68,5171.346,1364.334,733.521,630.813,603.226,145.878,457.348,1269.304,3973.916,1366.206,2862.721,11331.108,214.48,2571.32,0.0,387.3,5090.588,6240.52,614.819,-18.902,20.875165246768507,9.651834239130434,0.12057126275735787,0.25264263653651525,0.3507085097062,0.11201940710475976,0.05310866333636569,0.0016681510757818212,0.05425938928479015,,,
2016,3,2016Q3,2016-09-30,2016-12-01,conservative_proxy_Q1_Jun1_Q2_Sep1_Q3_Dec1_Q4_next_Apr1,data/raw/mops_financials/6274_2016_Q3_C.html,https://mopsov.twse.com.tw/server-java/t164sb01?step=1&CO_ID=6274&SYEAR=2016&SSEASON=3&REPORT_ID=C,9900.189,7914.42,1985.769,1104.028,881.741,844.004,201.949,642.055,949.807,4069.314,1419.819,2754.598,11101.629,338.806,2861.363,0.0,125.44,4793.588,6308.041,1034.567,-15.429,20.057889803921924,8.906304718021039,0.12789285248137908,0.2481255678783717,0.36655107101849643,0.08555564232960766,0.04181782691531125,0.0013897960380409035,0.09319055789019791,,,
2016,4,2016Q4,2016-12-31,2017-04-01,conservative_proxy_Q1_Jun1_Q2_Sep1_Q3_Dec1_Q4_next_Apr1,data/raw/mops_financials/6274_2016_Q4_C.html,https://mopsov.twse.com.tw/server-java/t164sb01?step=1&CO_ID=6274&SYEAR=2016&SSEASON=4&REPORT_ID=C,13422.547,10733.473,2689.074,1472.372,1216.702,1169.484,260.073,909.411,1157.512,4301.058,1556.211,2871.067,11698.617,294.616,3226.247,0.0,0.0,5162.405,6536.212,1396.461,-300.446,20.0340069585899,9.064613444825337,0.13302521144166016,0.24541935170627432,0.3676552536081829,0.09894434530167112,0.025183831558892814,0.025682181064650634,0.11936975114237862,,,
2017,1,2017Q1,2017-03-31,2017-06-01,conservative_proxy_Q1_Jun1_Q2_Sep1_Q3_Dec1_Q4_next_Apr1,data/raw/mops_financials/6274_2017_Q1_C.html,https://mopsov.twse.com.tw/server-java/t164sb01?step=1&CO_ID=6274&SYEAR=2017&SSEASON=1&REPORT_ID=C,3974.787,3071.432,903.355,440.471,462.884,438.45,123.14,315.31,1341.373,4662.65,1843.485,2735.849,12259.995,395.481,3386.42,0.0,237.32,5600.361,6659.634,91.01,-27.791,22.72712978079077,11.64550452640607,0.15036588514106244,0.22315253799043147,0.38031418446744875,0.10941056664378737,0.051615110772883666,0.0022668035345854544,0.007423330923055025,-0.08778700784959925,0.3523425756998897,0.2062847418232694
2017,2,2017Q2,2017-06-30,2017-09-01,conservative_proxy_Q1_Jun1_Q2_Sep1_Q3_Dec1_Q4_next_Apr1,data/raw/mops_financials/6274_2017_Q2_C.html,https://mopsov.twse.com.tw/server-java/t164sb01?step=1&CO_ID=6274&SYEAR=2017&SSEASON=2&REPORT_ID=C,7808.402,6135.14,1673.262,884.34,788.922,760.687,189.88,570.807,1463.989,4893.787,2067.951,2737.405,12807.796,345.929,3291.607,0.0,475.939,6287.599,6520.197,-9.758,-68.417,21.428994050255096,10.10350133100217,0.16146033244127247,0.21372959094601446,0.3820943900105842,0.1143045220270529,0.0641693543526146,0.005341824619942416,-0.0007618797176344781,-0.04377513561398394,0.5136450871976848,0.23147721290535594
2017,3,2017Q3,2017-09-30,2017-12-01,conservative_proxy_Q1_Jun1_Q2_Sep1_Q3_Dec1_Q4_next_Apr1,data/raw/mops_financials/6274_2017_Q3_C.html,https://mopsov.twse.com.tw/server-java/t164sb01?step=1&CO_ID=6274&SYEAR=2017&SSEASON=3&REPORT_ID=C,11859.881,9383.835,2476.046,1357.808,1118.238,1090.718,261.537,829.181,969.713,5144.988,2309.513,2702.903,12831.221,434.451,3418.046,0.0,525.333,5976.745,6854.476,-43.737,-97.444,20.87749447064435,9.42874553294422,0.1799916781107581,0.21065049070544417,0.400974155148602,0.0755744913130247,0.07480067563328541,0.007594288961276562,-0.0034086389751996323,-0.01876680372235806,0.626624943038514,0.26433792034726267
2017,4,2017Q4,2017-12-31,2018-04-01,conservative_proxy_Q1_Jun1_Q2_Sep1_Q3_Dec1_Q4_next_Apr1,data/raw/mops_financials/6274_2017_Q4_C.html,https://mopsov.twse.com.tw/server-java/t164sb01?step=1&CO_ID=6274&SYEAR=2017&SSEASON=4&REPORT_ID=C,16103.211,12765.502,3337.709,1996.497,1341.212,1322.098,320.583,1001.515,1121.881,5455.135,2061.03,2676.129,12549.045,518.597,3252.219,0.0,616.286,5533.192,7015.853,-254.158,-139.659,20.72697799215324,8.328848203007462,0.16423799579968038,0.21325359818217243,0.43470519071371566,0.08939971129277169,0.09043580607129864,0.011129054043554708,-0.02025317464396693,-0.06789740538970357,0.324389816033944,0.26832397982077905
2018,1,2018Q1,2018-03-31,2018-06-01,conservative_proxy_Q1_Jun1_Q2_Sep1_Q3_Dec1_Q4_next_Apr1,data/raw/mops_financials/6274_2018_Q1_C.html,https://mopsov.twse.com.tw/server-java/t164sb01?step=1&CO_ID=6274&SYEAR=2018&SSEASON=1&REPORT_ID=C,4436.765,3521.008,915.757,393.312,522.445,516.24,116.314,399.926,1768.698,5843.85,2096.675,2654.309,13557.602,436.956,3552.519,0.0,956.428,6041.628,7515.974,321.022,-46.353,20.64019617897274,11.77535884816978,0.1546493989128756,0.19578012394817315,0.43103861582601405,0.1304580264267973,0.10277510727929615,0.0034189674545690306,0.02367837616121199,-0.029804276478709202,0.13734312999563336,0.2533323324718777
2018,2,2018Q2,2018-06-30,2018-09-01,conservative_proxy_Q1_Jun1_Q2_Sep1_Q3_Dec1_Q4_next_Apr1,data/raw/mops_financials/6274_2018_Q2_C.html,https://mopsov.twse.com.tw/server-java/t164sb01?step=1&CO_ID=6274&SYEAR=2018&SSEASON=2&REPORT_ID=C,9013.515,7068.152,1945.363,814.878,1130.485,1122.041,269.672,852.369,2070.186,5965.262,1756.873,2577.692,15481.738,524.613,3485.014,1408.67,655.857,8193.808,7287.93,1115.072,-70.352,21.582734371662998,12.542110375364105,0.11348034697396378,0.16649887758079876,0.3853095821670668,0.13371793270238783,0.16723832944337388,0.004544192648138084,0.07202498840892411,-0.05834467314847458,-0.15042812909977077,0.21894598191543668
2018,3,2018Q3,2018-09-30,2018-12-01,conservative_proxy_Q1_Jun1_Q2_Sep1_Q3_Dec1_Q4_next_Apr1,data/raw/mops_financials/6274_2018_Q3_C.html,https://mopsov.twse.com.tw/server-java/t164sb01?step=1&CO_ID=6274&SYEAR=2018&SSEASON=3&REPORT_ID=C,13695.832,10611.216,3084.616,1217.118,1867.498,1846.724,453.655,1393.069,1743.157,6087.733,2143.612,2486.13,15303.581,255.396,4008.039,1411.089,732.6,7601.651,7701.93,1681.301,-107.184,22.52229729453457,13.635520645989233,0.14007257517047808,0.16245413410103166,0.397797940233727,0.11390517029968344,0.15676624967711805,0.007003850928746677,0.10986324050560453,-0.08020006637308097,-0.07183375889202603,0.18323560715787868
2018,4,2018Q4,2018-12-31,2019-04-01,conservative_proxy_Q1_Jun1_Q2_Sep1_Q3_Dec1_Q4_next_Apr1,data/raw/mops_financials/6274_2018_Q4_C.html,https://mopsov.twse.com.tw/server-java/t164sb01?step=1&CO_ID=6274&SYEAR=2018&SSEASON=4&REPORT_ID=C,17787.226,13765.229,4021.997,1622.38,2399.617,2393.238,556.758,1836.48,2239.236,5590.29,1993.432,2464.831,15613.891,356.93,3471.01,1415.792,737.021,7414.991,8198.9,2549.062,-145.871,22.611715845967215,13.490675836693145,0.12767041860353706,0.15786141968071893,0.3580331129505131,0.14341306724890035,0.16073783274137113,0.009342386212379733,0.1632560391256734,-0.07895658243679571,-0.03279816402478386,0.024775738822228943
2019,1,2019Q1,2019-03-31,2019-06-01,conservative_proxy_Q1_Jun1_Q2_Sep1_Q3_Dec1_Q4_next_Apr1,data/raw/mops_financials/6274_2019_Q1_C.html,https://mopsov.twse.com.tw/server-java/t164sb01?step=1&CO_ID=6274&SYEAR=2019&SSEASON=1&REPORT_ID=C,3882.313,2933.302,949.011,462.012,486.999,530.777,150.503,380.274,2081.632,4983.765,2052.868,2733.396,16022.261,416.786,3039.262,1417.369,450.0,7310.7,8711.561,494.048,-302.099,24.44447420906042,12.54404268795432,0.1281259867131112,0.1705998922374314,0.31105254121125603,0.1299212389562247,0.14256134012546667,0.01885495436630323,0.030835098741681964,0.029795702007565872,-0.02089355765676615,-0.14717780230498734
2019,2,2019Q2,2019-06-30,2019-09-01,conservative_proxy_Q1_Jun1_Q2_Sep1_Q3_Dec1_Q4_next_Apr1,data/raw/mops_financials/6274_2019_Q2_C.html,https://mopsov.twse.com.tw/server-java/t164sb01?step=1&CO_ID=6274&SYEAR=2019&SSEASON=2&REPORT_ID=C,8231.499,6266.966,1964.533,896.229,1068.304,1108.531,241.622,866.909,2831.356,5417.975,2056.176,2889.049,16803.109,327.805,3327.223,1233.513,611.823,8560.91,8242.199,1000.431,-486.08,23.866041895892838,12.978243695346379,0.12236878306270584,0.1719353841006447,0.3224388415262914,0.16850191235443393,0.12932969726019156,0.028927979935141762,0.05953844612922525,0.1207890624636303,0.17036120425323853,-0.09174567688728497
2019,3,2019Q3,2019-09-30,2019-12-01,conservative_proxy_Q1_Jun1_Q2_Sep1_Q3_Dec1_Q4_next_Apr1,data/raw/mops_financials/6274_2019_Q3_C.html,https://mopsov.twse.com.tw/server-java/t164sb01?step=1&CO_ID=6274&SYEAR=2019&SSEASON=3&REPORT_ID=C,12827.962,9766.045,3061.917,1348.837,1713.08,1754.155,376.529,1377.626,2976.851,5605.167,2449.786,2922.265,17059.356,337.445,4009.862,0.0,931.158,7485.69,9573.666,1584.726,-561.122,23.86908380302343,13.354264691460733,0.14360366241257877,0.17129984273732254,0.32856849930325627,0.1744996118259095,0.07436406157418839,0.032892331926246215,0.09289483143443399,0.1754272704967157,0.14283088544008904,-0.07926858815917182
2019,4,2019Q4,2019-12-31,2020-04-01,conservative_proxy_Q1_Jun1_Q2_Sep1_Q3_Dec1_Q4_next_Apr1,data/raw/mops_financials/6274_2019_Q4_C.html,https://mopsov.twse.com.tw/server-java/t164sb01?step=1&CO_ID=6274&SYEAR=2019&SSEASON=4&REPORT_ID=C,17527.071,13389.446,4137.625,1980.808,2156.817,2235.116,482.674,1752.442,3318.827,6056.032,2467.193,3084.342,18014.157,431.607,3965.87,0.0,1362.953,7914.357,10099.8,2009.458,-682.022,23.607053340515368,12.305632812236569,0.1369585598704397,0.17121767063537863,0.33618181522454815,0.1842343774399213,0.09961942709836491,0.03786033395845279,0.11154882240673267,0.2513401527325809,0.23766097865389946,0.0833126725089397
2020,1,2020Q1,2020-03-31,2020-06-01,conservative_proxy_Q1_Jun1_Q2_Sep1_Q3_Dec1_Q4_next_Apr1,data/raw/mops_financials/6274_2020_Q1_C.html,https://mopsov.twse.com.tw/server-java/t164sb01?step=1&CO_ID=6274&SYEAR=2020&SSEASON=1&REPORT_ID=C,4473.95,3453.208,1020.742,467.934,552.808,557.186,131.778,425.408,2852.201,5868.486,2727.071,3071.222,17595.421,462.849,3970.665,0.0,1148.463,7088.702,10506.719,51.497,-32.707,22.815230389253344,12.356150605169928,0.15498753908758423,0.17454666188436188,0.3335234775001974,0.16209904838309924,0.0915756434586021,0.0018588358869048944,0.0029267273570777307,0.12359204447507799,0.328420044542562,0.17752060941878267
2020,2,2020Q2,2020-06-30,2020-09-01,conservative_proxy_Q1_Jun1_Q2_Sep1_Q3_Dec1_Q4_next_Apr1,data/raw/mops_financials/6274_2020_Q2_C.html,https://mopsov.twse.com.tw/server-java/t164sb01?step=1&CO_ID=6274&SYEAR=2020&SSEASON=2&REPORT_ID=C,9729.775,7373.557,2356.218,981.776,1374.442,1371.688,271.278,1100.41,2475.784,6554.14,2528.903,3695.857,19137.199,325.607,3881.541,1711.771,1708.504,9110.465,10026.734,500.798,-129.068,24.21657232567043,14.126143718636866,0.1321459321189062,0.19312423934139997,0.34248167665497964,0.1293702385599899,0.1957382582477195,0.0067443516681829985,0.026168824392744205,0.2792642146256432,0.2299059029966306,0.20970288714879626
2020,3,2020Q3,2020-09-30,2020-12-01,conservative_proxy_Q1_Jun1_Q2_Sep1_Q3_Dec1_Q4_next_Apr1,data/raw/mops_financials/6274_2020_Q3_C.html,https://mopsov.twse.com.tw/server-java/t164sb01?step=1&CO_ID=6274&SYEAR=2020&SSEASON=3&REPORT_ID=C,14035.454,10678.171,3357.283,1482.777,1874.506,1868.047,391.216,1476.831,2700.6,5489.066,2757.8,3883.886,19540.163,534.099,3638.518,1716.28,1675.768,8967.044,10573.119,1259.92,-239.237,23.920017122353148,13.355506704663775,0.14113495368487972,0.19876425800542197,0.28091198625108704,0.13820764954724277,0.20092703423200717,0.012243347202374924,0.06447847952957199,0.32906700795444643,0.12573098221640588,-0.020713209793749354
2020,4,2020Q4,2020-12-31,2021-04-01,conservative_proxy_Q1_Jun1_Q2_Sep1_Q3_Dec1_Q4_next_Apr1,data/raw/mops_financials/6274_2020_Q4_C.html,https://mopsov.twse.com.tw/server-java/t164sb01?step=1&CO_ID=6274&SYEAR=2020&SSEASON=4&REPORT_ID=C,18046.852,13822.206,4224.646,1951.179,2273.467,2263.777,488.216,1775.561,3137.499,4795.466,2229.416,4096.262,19379.666,428.284,3008.224,1720.789,1722.217,8352.455,11027.211,2093.34,-368.213,23.40932368703417,12.597582115706384,0.11503892791547594,0.21136907106654984,0.24744833063686444,0.16189644341651707,0.1997604086675178,0.01899996625328837,0.10801734147533812,0.32808294281243766,-0.09637551662962729,-0.20815048533429148
2021,1,2021Q1,2021-03-31,2021-06-01,conservative_proxy_Q1_Jun1_Q2_Sep1_Q3_Dec1_Q4_next_Apr1,data/raw/mops_financials/6274_2021_Q1_C.html,https://mopsov.twse.com.tw/server-java/t164sb01?step=1&CO_ID=6274&SYEAR=2021&SSEASON=1&REPORT_ID=C,4692.048,3717.294,974.754,506.34,468.414,472.916,128.771,344.145,4484.994,5547.053,2622.225,4331.312,20992.851,488.721,4175.138,1725.298,1750.448,10874.654,10118.197,491.16,-64.36,20.774595656310424,9.983145952471075,0.12491038020514698,0.20632319069001157,0.26423533420972695,0.213643873335737,0.1888484322591534,0.003065805592580065,0.023396536277992926,0.41028945481635626,-0.038446377083691585,-0.05477273013857409
2021,2,2021Q2,2021-06-30,2021-09-01,conservative_proxy_Q1_Jun1_Q2_Sep1_Q3_Dec1_Q4_next_Apr1,data/raw/mops_financials/6274_2021_Q2_C.html,https://mopsov.twse.com.tw/server-java/t164sb01?step=1&CO_ID=6274&SYEAR=2021&SSEASON=2&REPORT_ID=C,10137.208,7936.467,2200.741,1041.073,1159.668,1178.482,241.847,936.635,4223.391,6477.484,2614.112,4293.551,20585.928,465.135,4511.121,1729.807,1764.392,9913.326,10672.602,661.611,-105.716,21.709537774109002,11.439717918385416,0.1269853853564435,0.2085672795513518,0.3146559144673974,0.20515912617590035,0.1923320629509634,0.005135352654492913,0.032138993199626466,0.16172000161261657,0.03369405627657529,-0.011695813638402552
2021,3,2021Q3,2021-09-30,2021-12-01,conservative_proxy_Q1_Jun1_Q2_Sep1_Q3_Dec1_Q4_next_Apr1,data/raw/mops_financials/6274_2021_Q3_C.html,https://mopsov.twse.com.tw/server-java/t164sb01?step=1&CO_ID=6274&SYEAR=2021&SSEASON=3&REPORT_ID=C,15806.899,12393.677,3413.222,1538.087,1875.135,1903.881,408.721,1495.16,4683.562,7056.703,2942.625,4232.792,21602.928,402.13,4976.006,1734.316,1778.003,10334.828,11268.1,970.073,-154.934,21.593242292495198,11.86276321497341,0.136214174300817,0.19593603237487067,0.32665493307203547,0.21680218533339554,0.18119992808382268,0.007171898179728229,0.044904699955487515,0.08983425363154329,0.06701900065269406,0.2855926673135285
2021,4,2021Q4,2021-12-31,2022-04-01,conservative_proxy_Q1_Jun1_Q2_Sep1_Q3_Dec1_Q4_next_Apr1,data/raw/mops_financials/6274_2021_Q4_C.html,https://mopsov.twse.com.tw/server-java/t164sb01?step=1&CO_ID=6274&SYEAR=2021&SSEASON=4&REPORT_ID=C,21132.04,16701.679,4430.361,2050.322,2380.039,2413.332,532.09,1881.242,4717.288,6687.953,2857.117,4319.736,21950.599,446.904,4602.236,1738.826,1782.58,10213.89,11736.709,1512.007,-334.506,20.965136352193163,11.262703458823664,0.13016123159099213,0.19679353624928414,0.30468202712828024,0.21490475043528426,0.1807836770194745,0.015239037440390579,0.06888226603747807,0.05455559239130703,0.2815540033802575,0.39464089621321463
2022,1,2022Q1,2022-03-31,2022-06-01,conservative_proxy_Q1_Jun1_Q2_Sep1_Q3_Dec1_Q4_next_Apr1,data/raw/mops_financials/6274_2022_Q1_C.html,https://mopsov.twse.com.tw/server-java/t164sb01?step=1&CO_ID=6274&SYEAR=2022&SSEASON=1&REPORT_ID=C,5023.823,3989.088,1034.735,494.641,540.094,557.619,145.327,412.292,4915.312,6828.085,3208.304,4375.331,22531.853,287.805,4719.218,1743.335,1794.86,11406.677,11125.176,120.677,-33.718,20.59656560352544,10.75065741766778,0.1423897093594566,0.1941842510689201,0.3030414320562095,0.21814947931712497,0.16980405473087368,0.0014964592570349186,0.005355840019016634,0.010162971404507504,0.22350446662662438,0.23093920321294936
2022,2,2022Q2,2022-06-30,2022-09-01,conservative_proxy_Q1_Jun1_Q2_Sep1_Q3_Dec1_Q4_next_Apr1,data/raw/mops_financials/6274_2022_Q2_C.html,https://mopsov.twse.com.tw/server-java/t164sb01?step=1&CO_ID=6274&SYEAR=2022&SSEASON=2&REPORT_ID=C,9813.619,7969.321,1844.298,975.394,868.904,897.077,195.323,701.754,4746.982,6224.215,2925.086,4305.389,20573.151,293.438,4047.095,0.0,1355.526,9287.675,11285.476,673.985,-84.424,18.793250481804925,8.854062909921405,0.14217977596139744,0.20927222086689587,0.30254067546580493,0.23073675004864347,0.08015126122391265,0.00410360085336466,0.03276041671983062,0.002757158352142408,0.11895970792376143,-0.03909990360454774
2022,3,2022Q3,2022-09-30,2022-12-01,conservative_proxy_Q1_Jun1_Q2_Sep1_Q3_Dec1_Q4_next_Apr1,data/raw/mops_financials/6274_2022_Q3_C.html,https://mopsov.twse.com.tw/server-java/t164sb01?step=1&CO_ID=6274&SYEAR=2022&SSEASON=3&REPORT_ID=C,14328.897,11767.509,2561.388,1430.858,1130.53,1247.837,276.078,971.759,4533.774,5905.69,2186.676,4312.042,19790.952,173.038,3259.325,0.0,1250.847,8137.761,11653.191,1255.866,-161.64,17.875681568511517,7.889860608251981,0.11048867179304966,0.21787946330222013,0.29840353308926215,0.22908316891476468,0.07194626109951659,0.008167368603592186,0.06345657348873364,0.0187228666090844,-0.256896138651714,-0.16310917435521954
2022,4,2022Q4,2022-12-31,2023-04-01,conservative_proxy_Q1_Jun1_Q2_Sep1_Q3_Dec1_Q4_next_Apr1,data/raw/mops_financials/6274_2022_Q4_C.html,https://mopsov.twse.com.tw/server-java/t164sb01?step=1&CO_ID=6274&SYEAR=2022&SSEASON=4&REPORT_ID=C,18472.128,15066.947,3405.181,1907.581,1497.6,1620.963,359.539,1261.424,5890.505,5608.825,1965.339,4286.557,19762.525,61.42,3268.531,0.0,1146.168,7904.245,11858.28,2325.702,-259.001,18.434156584449827,8.107349624255527,0.0994477679345124,0.2169033056251668,0.28381115267406365,0.2980643920754053,0.06110494483877945,0.013105663370444817,0.11768243177427985,-0.007680793455896451,-0.31212512473237886,-0.16135400473059558
2023,1,2023Q1,2023-03-31,2023-06-01,conservative_proxy_Q1_Jun1_Q2_Sep1_Q3_Dec1_Q4_next_Apr1,data/raw/mops_financials/6274_2023_Q1_C.html,https://mopsov.twse.com.tw/server-java/t164sb01?step=1&CO_ID=6274&SYEAR=2023&SSEASON=1&REPORT_ID=C,3652.755,2977.61,675.145,442.325,232.82,289.246,495.594,-206.348,6549.435,4965.985,1806.262,4220.149,19326.929,4.43,2973.136,0.0,1041.489,8716.805,10610.124,495.956,-32.352,18.483172290504015,6.373819213169238,0.09345830369636066,0.21835590124018153,0.25694640881642394,0.33887613495139346,0.05411718540488249,0.0016739338153516266,0.02566139711073601,-0.03546748805976041,-0.43700409936215523,-0.2727118950628178
2023,2,2023Q2,2023-06-30,2023-09-01,conservative_proxy_Q1_Jun1_Q2_Sep1_Q3_Dec1_Q4_next_Apr1,data/raw/mops_financials/6274_2023_Q2_C.html,https://mopsov.twse.com.tw/server-java/t164sb01?step=1&CO_ID=6274&SYEAR=2023&SSEASON=2&REPORT_ID=C,7409.411,6051.719,1357.692,865.339,492.353,572.357,510.419,61.938,4009.713,4983.387,1653.37,4513.94,17515.104,150.0,3061.186,461.221,1536.811,6858.766,10656.338,869.097,-438.221,18.32388566378623,6.64496813579379,0.09439681317336168,0.2577169967132367,0.2845194067931312,0.22892887190392933,0.12263883788529033,0.02501960593553998,0.04961985952238708,0.04843952544125507,-0.43476191811112563,-0.19935493873524623
2023,3,2023Q3,2023-09-30,2023-12-01,conservative_proxy_Q1_Jun1_Q2_Sep1_Q3_Dec1_Q4_next_Apr1,data/raw/mops_financials/6274_2023_Q3_C.html,https://mopsov.twse.com.tw/server-java/t164sb01?step=1&CO_ID=6274&SYEAR=2023&SSEASON=3&REPORT_ID=C,11587.437,9391.912,2195.525,1291.013,904.512,1045.926,614.647,431.279,4624.051,5747.096,2196.557,4571.145,19119.167,150.0,3958.941,462.322,1432.132,7679.925,11439.242,828.616,-523.709,18.947460081120614,7.805971242820996,0.11488769359041634,0.23908703763087588,0.30059343066567695,0.24185420839725916,0.10693216916824881,0.027391831453744814,0.04333954507536861,0.0600882366173614,0.0045187307127347864,-0.026854440378685673
2023,4,2023Q4,2023-12-31,2024-04-01,conservative_proxy_Q1_Jun1_Q2_Sep1_Q3_Dec1_Q4_next_Apr1,data/raw/mops_financials/6274_2023_Q4_C.html,https://mopsov.twse.com.tw/server-java/t164sb01?step=1&CO_ID=6274&SYEAR=2023&SSEASON=4&REPORT_ID=C,16002.537,12843.562,3158.975,1734.648,1424.327,1549.905,726.47,823.435,4958.245,5936.439,2061.458,4520.052,19419.632,184.684,3787.266,463.422,1642.453,7840.11,11579.522,1119.589,-575.078,19.740463652732064,8.900632443468183,0.10615329888846503,0.23275683081945112,0.30569266194127676,0.25532126458421045,0.11795069031174227,0.029613228510200394,0.05765243131280757,0.05447145576274859,0.04890708422312895,0.05841045138687706
2024,1,2024Q1,2024-03-31,2024-06-01,conservative_proxy_Q1_Jun1_Q2_Sep1_Q3_Dec1_Q4_next_Apr1,data/raw/mops_financials/6274_2024_Q1_C.html,https://mopsov.twse.com.tw/server-java/t164sb01?step=1&CO_ID=6274&SYEAR=2024&SSEASON=1&REPORT_ID=C,4433.335,3421.42,1011.915,447.391,564.524,597.8,145.961,451.839,4676.725,6217.448,2364.802,4471.441,20069.965,150.0,3751.02,464.412,1537.774,8800.299,11269.666,-86.587,-12.263,22.825141795059476,12.733619273075462,0.11782790851902333,0.2227926655577127,0.30978868174408875,0.2330210839929218,0.1072341680715437,0.0006110125254329043,-0.004314257648182247,0.05954576485332619,0.30922424321610054,0.25200700364580264
2024,2,2024Q2,2024-06-30,2024-09-01,conservative_proxy_Q1_Jun1_Q2_Sep1_Q3_Dec1_Q4_next_Apr1,data/raw/mops_financials/6274_2024_Q2_C.html,https://mopsov.twse.com.tw/server-java/t164sb01?step=1&CO_ID=6274&SYEAR=2024&SSEASON=2&REPORT_ID=C,10138.1,7763.466,2374.634,944.077,1430.557,1475.872,330.399,1145.473,5088.174,7733.123,2849.453,4413.173,23034.215,150.0,4749.84,1916.992,1733.095,10789.727,12244.488,-127.065,-43.615,23.4228701630483,14.11070121620422,0.12370523588496504,0.1915920729228237,0.33572331420888446,0.22089634919184353,0.16497575454600907,0.0018934875792381031,-0.005516359033724397,-0.02232351338298688,0.7234212547705596,0.55178054604228
2024,3,2024Q3,2024-09-30,2024-12-01,conservative_proxy_Q1_Jun1_Q2_Sep1_Q3_Dec1_Q4_next_Apr1,data/raw/mops_financials/6274_2024_Q3_C.html,https://mopsov.twse.com.tw/server-java/t164sb01?step=1&CO_ID=6274&SYEAR=2024&SSEASON=3&REPORT_ID=C,16760.187,12882.177,3878.01,1478.283,2399.727,2437.568,538.042,1899.526,6244.818,8797.929,3009.191,4392.598,24858.023,460.856,5430.059,1921.273,1628.417,11722.611,13135.412,-233.079,-90.903,23.138226321699154,14.318020437361467,0.12105512172066137,0.1767074557779595,0.35392714054532814,0.2512194151562254,0.1613380919311242,0.003656887758129438,-0.009376409378975955,-0.039059579164520186,0.3699580752969307,0.530847753369702
2024,4,2024Q4,2024-12-31,2025-04-01,conservative_proxy_Q1_Jun1_Q2_Sep1_Q3_Dec1_Q4_next_Apr1,data/raw/mops_financials/6274_2024_Q4_C.html,https://mopsov.twse.com.tw/server-java/t164sb01?step=1&CO_ID=6274&SYEAR=2024&SSEASON=4&REPORT_ID=C,23070.425,17728.872,5341.553,2009.683,3331.87,3377.634,773.266,2604.368,6280.003,8691.167,3189.127,4338.681,25877.883,543.36,5498.789,1925.555,1523.738,11540.855,14337.028,653.179,-125.637,23.15324923576397,14.442170007704668,0.12323755386018245,0.16765981204876765,0.33585309122852125,0.24267839065506244,0.1542882391113678,0.004854995286901946,0.02524082051070406,-0.04012586580862343,0.5470249697059071,0.4640371104630232
2025,1,2025Q1,2025-03-31,2025-06-01,conservative_proxy_Q1_Jun1_Q2_Sep1_Q3_Dec1_Q4_next_Apr1,data/raw/mops_financials/6274_2025_Q1_C.html,https://mopsov.twse.com.tw/server-java/t164sb01?step=1&CO_ID=6274&SYEAR=2025&SSEASON=1&REPORT_ID=C,6372.144,4839.122,1533.022,597.604,935.418,934.823,262.876,671.947,5934.443,8954.264,3948.107,4300.993,26955.427,150.0,6155.79,1929.836,1419.059,13539.814,13415.613,542.557,-22.71,24.058181987098845,14.679800079847535,0.14646798212471276,0.15955944604401928,0.332187800252617,0.2201576328210271,0.129802989208815,0.000842501957027058,0.020127931937416535,-0.03811925506788516,0.6695296265818449,0.44018317483314684
2025,2,2025Q2,2025-06-30,2025-09-01,conservative_proxy_Q1_Jun1_Q2_Sep1_Q3_Dec1_Q4_next_Apr1,data/raw/mops_financials/6274_2025_Q2_C.html,https://mopsov.twse.com.tw/server-java/t164sb01?step=1&CO_ID=6274&SYEAR=2025&SSEASON=2&REPORT_ID=C,13152.579,10184.313,2968.266,1180.276,1787.99,1774.409,450.731,1323.678,4095.998,8784.272,3717.13,4046.744,24720.082,150.0,5643.45,1906.383,2131.667,11874.266,12845.816,1203.556,-41.257,22.5679389570669,13.594216008890728,0.15036883777327278,0.16370269321922154,0.35534963031271505,0.16569516233805376,0.16941893639349576,0.0016689669556921372,0.04868737894963294,-0.08303073548215756,0.30450651405725937,0.13592813666613113
2025,3,2025Q3,2025-09-30,2025-12-01,conservative_proxy_Q1_Jun1_Q2_Sep1_Q3_Dec1_Q4_next_Apr1,data/raw/mops_financials/6274_2025_Q3_C.html,https://mopsov.twse.com.tw/server-java/t164sb01?step=1&CO_ID=6274&SYEAR=2025&SSEASON=3&REPORT_ID=C,21215.452,16332.393,4883.059,1829.53,3053.529,3092.072,765.88,2326.192,5176.905,10975.306,5262.51,4364.757,31052.318,1864.56,7985.226,0.0,2806.667,14809.493,16242.825,889.674,-241.593,23.016521165799343,14.39294812102047,0.1694723724006691,0.14056139061824627,0.35344562682888925,0.1667155733752308,0.150430863164547,0.007780192126075741,0.028650807968667587,-0.006338162517945056,0.7488122222883162,0.24748744846656523
2025,4,2025Q4,2025-12-31,2026-04-01,conservative_proxy_Q1_Jun1_Q2_Sep1_Q3_Dec1_Q4_next_Apr1,data/raw/mops_financials/6274_2025_Q4_C.html,https://mopsov.twse.com.tw/server-java/t164sb01?step=1&CO_ID=6274&SYEAR=2025&SSEASON=4&REPORT_ID=C,30340.235,23442.442,6897.793,2554.134,4343.659,4518.612,1109.463,3409.149,5164.958,12890.971,7404.846,5565.464,39741.09,1817.879,10319.653,3618.056,2685.556,21127.06,18614.03,595.781,-698.61,22.73480413055469,14.316497548552276,0.1863271993797855,0.14004306374082845,0.3243738659407681,0.1299651821326491,0.20436004649092415,0.017579034696833935,0.014991561630544105,0.282754828022618,1.3219037686489123,0.48322670591877936
2026,1,2026Q1,2026-03-31,2026-06-01,conservative_proxy_Q1_Jun1_Q2_Sep1_Q3_Dec1_Q4_next_Apr1,data/raw/mops_financials/6274_2026_Q1_C.html,https://mopsov.twse.com.tw/server-java/t164sb01?step=1&CO_ID=6274&SYEAR=2026&SSEASON=1&REPORT_ID=C,10053.966,7525.408,2528.558,701.022,1827.536,1873.851,613.807,1260.044,5992.287,14734.584,9809.212,5745.421,44258.115,2201.907,11468.311,3637.755,3418.988,26196.511,18061.604,-1567.736,-89.306,25.149856285569292,18.177264573999953,0.22163646147152902,0.12981621562508933,0.3329238942959952,0.13539408535587202,0.20919666370788725,0.00201784463707955,-0.03542256600851618,0.33583593370182174,1.4845355001776799,0.6455382597609365
2026,2,2026Q2,2026-06-30,2026-09-01,conservative_proxy_Q1_Jun1_Q2_Sep1_Q3_Dec1_Q4_next_Apr1,data/raw/mops_financials/6274_2026_Q2_C.html,https://mopsov.twse.com.tw/server-java/t164sb01?step=1&CO_ID=6274&SYEAR=2026&SSEASON=2&REPORT_ID=C,24355.008,17576.879,6778.129,1592.657,5185.472,5300.788,1699.074,3601.714,5513.383,19382.609,10077.145,5670.801,46942.73,2535.151,12045.715,0.0,3651.813,22788.654,24154.076,-2282.493,-360.638,27.830534894507114,21.29119399180653,0.21466891678434552,0.12080253960517422,0.41289905806500815,0.11744913429619452,0.13179812933759924,0.007682510156524769,-0.04862292840659246,0.40132437337276583,1.7110014984679038,1.2065128447752982
