period,source_url,source_file,captured_at_utc,sha256,size_bytes,availability_rule,extraction
2013-01,https://mopsov.twse.com.tw/nas/t21/sii/t21sc03_102_1_0.html,data/raw/exogenous/mops_sii_peer_rows/peers_2013_01.html,2026-10-08T06:22:14.211647+00:00,3a9bdeff8b5cc5c00f7b5f47a466010c1a1768bbdd1b94fcf97c18d290975798,747,conservative proxy: 10th calendar day of following month,exact peer <tr> fragments from official MOPS SII page
2013-02,https://mopsov.twse.com.tw/nas/t21/sii/t21sc03_102_2_0.html,data/raw/exogenous/mops_sii_peer_rows/peers_2013_02.html,2026-10-08T06:22:15.458280+00:00,609d6993e18600e522d7239b3d2ebe936583f14b54f15b6d5859e975e76fe8e7,857,conservative proxy: 10th calendar day of following month,exact peer <tr> fragments from official MOPS SII page
2013-03,https://mopsov.twse.com.tw/nas/t21/sii/t21sc03_102_3_0.html,data/raw/exogenous/mops_sii_peer_rows/peers_2013_03.html,2026-10-08T06:22:18.054907+00:00,ca152a50cb2f260b018d279a441841deef7968e659c324ed1295b41b267bc115,857,conservative proxy: 10th calendar day of following month,exact peer <tr> fragments from official MOPS SII page
2013-04,https://mopsov.twse.com.tw/nas/t21/sii/t21sc03_102_4_0.html,data/raw/exogenous/mops_sii_peer_rows/peers_2013_04.html,2026-10-08T06:22:29.309220+00:00,cb603bcc53ebf8fa42c38476358ebfb851f2e8b25aca31f78b765100c75ea7ef,857,conservative proxy: 10th calendar day of following month,exact peer <tr> fragments from official MOPS SII page
2013-05,https://mopsov.twse.com.tw/nas/t21/sii/t21sc03_102_5_0.html,data/raw/exogenous/mops_sii_peer_rows/peers_2013_05.html,2026-10-08T06:22:34.733517+00:00,4418049dac475b5792a380d824805d379b08f40abedea9910c1888ce581c417a,857,conservative proxy: 10th calendar day of following month,exact peer <tr> fragments from official MOPS SII page
2013-06,https://mopsov.twse.com.tw/nas/t21/sii/t21sc03_102_6_0.html,data/raw/exogenous/mops_sii_peer_rows/peers_2013_06.html,2026-10-08T06:22:37.921762+00:00,ed1ad6ba7f0662fc7b2aa54552c2aa082a2fca4b9425b975e8410b2ffeede6fb,857,conservative proxy: 10th calendar day of following month,exact peer <tr> fragments from official MOPS SII page
2013-07,https://mopsov.twse.com.tw/nas/t21/sii/t21sc03_102_7_0.html,data/raw/exogenous/mops_sii_peer_rows/peers_2013_07.html,2026-10-08T06:22:39.520129+00:00,99f3434bb570641719257fb01cfd9be4a6495be3abb03975da6438a448e33d31,857,conservative proxy: 10th calendar day of following month,exact peer <tr> fragments from official MOPS SII page
2013-08,https://mopsov.twse.com.tw/nas/t21/sii/t21sc03_102_8_0.html,data/raw/exogenous/mops_sii_peer_rows/peers_2013_08.html,2026-10-08T06:22:42.331425+00:00,54b1d1f2c4a2555c0ea85c741fa7e3ce02c7cbc1fcd34f745fcb715d7417fbd7,857,conservative proxy: 10th calendar day of following month,exact peer <tr> fragments from official MOPS SII page
2013-09,https://mopsov.twse.com.tw/nas/t21/sii/t21sc03_102_9_0.html,data/raw/exogenous/mops_sii_peer_rows/peers_2013_09.html,2026-10-08T06:22:44.014078+00:00,a58500fc13aaabe2ebf2d73fa06cbfcf3447a40a8d2ada56437d86fafc4ad4e2,857,conservative proxy: 10th calendar day of following month,exact peer <tr> fragments from official MOPS SII page
2013-10,https://mopsov.twse.com.tw/nas/t21/sii/t21sc03_102_10_0.html,data/raw/exogenous/mops_sii_peer_rows/peers_2013_10.html,2026-10-08T06:22:48.507585+00:00,1d6e51c517c6ea5713fb16753f04175e0eccfee9a07c777ff70be782a9516603,857,conservative proxy: 10th calendar day of following month,exact peer <tr> fragments from official MOPS SII page
2013-11,https://mopsov.twse.com.tw/nas/t21/sii/t21sc03_102_11_0.html,data/raw/exogenous/mops_sii_peer_rows/peers_2013_11.html,2026-10-08T06:22:49.822795+00:00,18acd47226589d913657f807e5ea856abf3ed9b254a4a4a43af44ca8063adeb3,857,conservative proxy: 10th calendar day of following month,exact peer <tr> fragments from official MOPS SII page
2013-12,https://mopsov.twse.com.tw/nas/t21/sii/t21sc03_102_12_0.html,data/raw/exogenous/mops_sii_peer_rows/peers_2013_12.html,2026-10-08T06:22:54.052268+00:00,c6195f7da97de3d4bec5b346100b21b11c82f2c179d9e7011dd57e84dcfd36bd,857,conservative proxy: 10th calendar day of following month,exact peer <tr> fragments from official MOPS SII page
2014-01,https://mopsov.twse.com.tw/nas/t21/sii/t21sc03_103_1_0.html,data/raw/exogenous/mops_sii_peer_rows/peers_2014_01.html,2026-10-08T06:22:55.676096+00:00,9e0ef8edf03b99d316fc1861855930e7241ea735ce1020276120c137ac0f3480,815,conservative proxy: 10th calendar day of following month,exact peer <tr> fragments from official MOPS SII page
2014-02,https://mopsov.twse.com.tw/nas/t21/sii/t21sc03_103_2_0.html,data/raw/exogenous/mops_sii_peer_rows/peers_2014_02.html,2026-10-08T06:22:56.853543+00:00,860902d86e6e976b714868519782a2274dafb3143af1e5ee53791bcb2740b408,815,conservative proxy: 10th calendar day of following month,exact peer <tr> fragments from official MOPS SII page
2014-03,https://mopsov.twse.com.tw/nas/t21/sii/t21sc03_103_3_0.html,data/raw/exogenous/mops_sii_peer_rows/peers_2014_03.html,2026-10-08T06:22:58.015399+00:00,37c29719dd11fd5191d9d4c145fbf7d53961fcedf6ab99c13cd3e218f4dea09c,815,conservative proxy: 10th calendar day of following month,exact peer <tr> fragments from official MOPS SII page
2014-04,https://mopsov.twse.com.tw/nas/t21/sii/t21sc03_103_4_0.html,data/raw/exogenous/mops_sii_peer_rows/peers_2014_04.html,2026-10-08T06:22:59.722228+00:00,79673460e1987af09e9b8b5bbde175ca1d57c98a4e6625179885d14e1933f9d3,815,conservative proxy: 10th calendar day of following month,exact peer <tr> fragments from official MOPS SII page
2014-05,https://mopsov.twse.com.tw/nas/t21/sii/t21sc03_103_5_0.html,data/raw/exogenous/mops_sii_peer_rows/peers_2014_05.html,2026-10-08T06:23:00.707170+00:00,755b1f92259e792ba7b5b1a750754ad6d3f69820d8f0003286c3c9880f7848fe,815,conservative proxy: 10th calendar day of following month,exact peer <tr> fragments from official MOPS SII page
2014-06,https://mopsov.twse.com.tw/nas/t21/sii/t21sc03_103_6_0.html,data/raw/exogenous/mops_sii_peer_rows/peers_2014_06.html,2026-10-08T06:23:03.310784+00:00,4b3da177d2c4108be003fd45d7d4b30052d9f2739be92b5c715c82d95aed477e,815,conservative proxy: 10th calendar day of following month,exact peer <tr> fragments from official MOPS SII page
2014-07,https://mopsov.twse.com.tw/nas/t21/sii/t21sc03_103_7_0.html,data/raw/exogenous/mops_sii_peer_rows/peers_2014_07.html,2026-10-08T06:23:04.992401+00:00,bb4c32348d2be0b780fe36a6017d9d32389ae6ed01767c3afe4b3fd254857d56,815,conservative proxy: 10th calendar day of following month,exact peer <tr> fragments from official MOPS SII page
2014-08,https://mopsov.twse.com.tw/nas/t21/sii/t21sc03_103_8_0.html,data/raw/exogenous/mops_sii_peer_rows/peers_2014_08.html,2026-10-08T06:23:08.909388+00:00,e69cde1123d53cd625bd409e2f71836b913bd6310d8b93b2756331df9d4af894,815,conservative proxy: 10th calendar day of following month,exact peer <tr> fragments from official MOPS SII page
2014-09,https://mopsov.twse.com.tw/nas/t21/sii/t21sc03_103_9_0.html,data/raw/exogenous/mops_sii_peer_rows/peers_2014_09.html,2026-10-08T06:23:09.886606+00:00,b3de68aa23534eae197e699fa8d959170c52dd1fc0bbd98ec339d1bd8ada2c11,815,conservative proxy: 10th calendar day of following month,exact peer <tr> fragments from official MOPS SII page
2014-10,https://mopsov.twse.com.tw/nas/t21/sii/t21sc03_103_10_0.html,data/raw/exogenous/mops_sii_peer_rows/peers_2014_10.html,2026-10-08T06:23:12.677468+00:00,4114a103cfe28d633b13d157c2778d24b779f7de22481cf064b233a3fb9811e4,815,conservative proxy: 10th calendar day of following month,exact peer <tr> fragments from official MOPS SII page
2014-11,https://mopsov.twse.com.tw/nas/t21/sii/t21sc03_103_11_0.html,data/raw/exogenous/mops_sii_peer_rows/peers_2014_11.html,2026-10-08T06:23:13.826492+00:00,e1ec7af07997c1eadcb9ee4f5395f1ad69d94feed6651a92bd82b7c78ae68965,815,conservative proxy: 10th calendar day of following month,exact peer <tr> fragments from official MOPS SII page
2014-12,https://mopsov.twse.com.tw/nas/t21/sii/t21sc03_103_12_0.html,data/raw/exogenous/mops_sii_peer_rows/peers_2014_12.html,2026-10-08T06:23:16.570542+00:00,aeb96453194d125d6bb46088886984dc09d79aa90124fa5329e12db836c0b1a4,815,conservative proxy: 10th calendar day of following month,exact peer <tr> fragments from official MOPS SII page
2015-01,https://mopsov.twse.com.tw/nas/t21/sii/t21sc03_104_1_0.html,data/raw/exogenous/mops_sii_peer_rows/peers_2015_01.html,2026-10-08T06:23:21.035334+00:00,7775d1751cf0fdce0010b2b4f67c36328e60bac5c74a788bc1aa0ed36e6499ae,815,conservative proxy: 10th calendar day of following month,exact peer <tr> fragments from official MOPS SII page
2015-02,https://mopsov.twse.com.tw/nas/t21/sii/t21sc03_104_2_0.html,data/raw/exogenous/mops_sii_peer_rows/peers_2015_02.html,2026-10-08T06:23:22.320451+00:00,9af49e4e925ef14fb716386e0297ded3e99371d8bb0078ecd13ef0f93b7670ba,815,conservative proxy: 10th calendar day of following month,exact peer <tr> fragments from official MOPS SII page
2015-03,https://mopsov.twse.com.tw/nas/t21/sii/t21sc03_104_3_0.html,data/raw/exogenous/mops_sii_peer_rows/peers_2015_03.html,2026-10-08T06:23:24.406870+00:00,5fe921d7aa15369f2787fc0302dc940017dfe85f754b008f05836b62821346d2,815,conservative proxy: 10th calendar day of following month,exact peer <tr> fragments from official MOPS SII page
2015-04,https://mopsov.twse.com.tw/nas/t21/sii/t21sc03_104_4_0.html,data/raw/exogenous/mops_sii_peer_rows/peers_2015_04.html,2026-10-08T06:23:25.798562+00:00,028c105d866097f8bcbde481d4ec4754bd40598418b6520b654ba8a80e9d8d2a,815,conservative proxy: 10th calendar day of following month,exact peer <tr> fragments from official MOPS SII page
2015-05,https://mopsov.twse.com.tw/nas/t21/sii/t21sc03_104_5_0.html,data/raw/exogenous/mops_sii_peer_rows/peers_2015_05.html,2026-10-08T06:23:27.024433+00:00,7923ae27df9d891476f7b317f963e3aedf9ffebbd9c47bc3127c67e7c084b430,815,conservative proxy: 10th calendar day of following month,exact peer <tr> fragments from official MOPS SII page
2015-06,https://mopsov.twse.com.tw/nas/t21/sii/t21sc03_104_6_0.html,data/raw/exogenous/mops_sii_peer_rows/peers_2015_06.html,2026-10-08T06:23:28.547405+00:00,82d15263b31c69725707743f1377943a52cc691ed53514adbb7c4c775a1a33e9,815,conservative proxy: 10th calendar day of following month,exact peer <tr> fragments from official MOPS SII page
2015-07,https://mopsov.twse.com.tw/nas/t21/sii/t21sc03_104_7_0.html,data/raw/exogenous/mops_sii_peer_rows/peers_2015_07.html,2026-10-08T06:23:30.642765+00:00,bc1f7ef5926064aaef60a0f65122d09fde82371f814938c5c7094c8a500f445a,815,conservative proxy: 10th calendar day of following month,exact peer <tr> fragments from official MOPS SII page
2015-08,https://mopsov.twse.com.tw/nas/t21/sii/t21sc03_104_8_0.html,data/raw/exogenous/mops_sii_peer_rows/peers_2015_08.html,2026-10-08T06:23:38.814696+00:00,f41e5da26d9803cce815aded0a6da6d5a45bf563ebe82a96bb36e9a65f1e8507,815,conservative proxy: 10th calendar day of following month,exact peer <tr> fragments from official MOPS SII page
2015-09,https://mopsov.twse.com.tw/nas/t21/sii/t21sc03_104_9_0.html,data/raw/exogenous/mops_sii_peer_rows/peers_2015_09.html,2026-10-08T06:23:40.956481+00:00,3ba7af43a341ab047df80010dc0c56fd2bc4411e5242f7e8859f0049bfc5cc81,815,conservative proxy: 10th calendar day of following month,exact peer <tr> fragments from official MOPS SII page
2015-10,https://mopsov.twse.com.tw/nas/t21/sii/t21sc03_104_10_0.html,data/raw/exogenous/mops_sii_peer_rows/peers_2015_10.html,2026-10-08T06:23:43.189770+00:00,50f3728905a48ba3ac503397fb20787d4c4cab193b8d10be1efc694223e8ec48,815,conservative proxy: 10th calendar day of following month,exact peer <tr> fragments from official MOPS SII page
2015-11,https://mopsov.twse.com.tw/nas/t21/sii/t21sc03_104_11_0.html,data/raw/exogenous/mops_sii_peer_rows/peers_2015_11.html,2026-10-08T06:23:44.651410+00:00,766f0c561a11a06c6b39d79da50eddae28b2ac3a6b7dc8853e3a29c281d4d651,815,conservative proxy: 10th calendar day of following month,exact peer <tr> fragments from official MOPS SII page
2015-12,https://mopsov.twse.com.tw/nas/t21/sii/t21sc03_104_12_0.html,data/raw/exogenous/mops_sii_peer_rows/peers_2015_12.html,2026-10-08T06:23:48.899762+00:00,78874dccdbf5f1fe2787c1717c6cb9d74cbccae2fcc845d0c61bf7d7056d3c2c,815,conservative proxy: 10th calendar day of following month,exact peer <tr> fragments from official MOPS SII page
2016-01,https://mopsov.twse.com.tw/nas/t21/sii/t21sc03_105_1_0.html,data/raw/exogenous/mops_sii_peer_rows/peers_2016_01.html,2026-10-08T06:23:51.232270+00:00,bb5de57aa5c63f79663a735812b5dfaea7b43f3394234f22a062c8427a22e00e,815,conservative proxy: 10th calendar day of following month,exact peer <tr> fragments from official MOPS SII page
2016-02,https://mopsov.twse.com.tw/nas/t21/sii/t21sc03_105_2_0.html,data/raw/exogenous/mops_sii_peer_rows/peers_2016_02.html,2026-10-08T06:23:53.984352+00:00,b1198d12038d9ddb411254f0541b247e3e7b64691616ac1ced80562a8483ceed,815,conservative proxy: 10th calendar day of following month,exact peer <tr> fragments from official MOPS SII page
2016-03,https://mopsov.twse.com.tw/nas/t21/sii/t21sc03_105_3_0.html,data/raw/exogenous/mops_sii_peer_rows/peers_2016_03.html,2026-10-08T06:23:56.173223+00:00,c0abb3da9fd4541a47a2cdfcb8bd5308857b70652461bb62770608001e133dcc,815,conservative proxy: 10th calendar day of following month,exact peer <tr> fragments from official MOPS SII page
2016-04,https://mopsov.twse.com.tw/nas/t21/sii/t21sc03_105_4_0.html,data/raw/exogenous/mops_sii_peer_rows/peers_2016_04.html,2026-10-08T06:24:01.069702+00:00,156b631b3a0f5abb5b2505af171cde17e23cfb468af5f219b24ac0b11b7b1136,815,conservative proxy: 10th calendar day of following month,exact peer <tr> fragments from official MOPS SII page
2016-05,https://mopsov.twse.com.tw/nas/t21/sii/t21sc03_105_5_0.html,data/raw/exogenous/mops_sii_peer_rows/peers_2016_05.html,2026-10-08T06:24:09.180840+00:00,bfd2ccdc93cabe9b39faf72ef7261b9c7687a6e1892820d21860ef6da8681a38,815,conservative proxy: 10th calendar day of following month,exact peer <tr> fragments from official MOPS SII page
2016-06,https://mopsov.twse.com.tw/nas/t21/sii/t21sc03_105_6_0.html,data/raw/exogenous/mops_sii_peer_rows/peers_2016_06.html,2026-10-08T06:24:09.998310+00:00,4baa6b0eb2321f596d5bf6290d5017bbb1e69d5d316b92af686e2af081eb01a6,815,conservative proxy: 10th calendar day of following month,exact peer <tr> fragments from official MOPS SII page
2016-07,https://mopsov.twse.com.tw/nas/t21/sii/t21sc03_105_7_0.html,data/raw/exogenous/mops_sii_peer_rows/peers_2016_07.html,2026-10-08T06:24:14.319051+00:00,a8dd7cf8d3c8525e41b8342d8f607a2a350977cd85d05cb119c397cca260e48c,815,conservative proxy: 10th calendar day of following month,exact peer <tr> fragments from official MOPS SII page
2016-08,https://mopsov.twse.com.tw/nas/t21/sii/t21sc03_105_8_0.html,data/raw/exogenous/mops_sii_peer_rows/peers_2016_08.html,2026-10-08T06:24:16.790788+00:00,36f24ee6e0ca146cf1a3f688f249eeb89b6502db97b92174105c9874a3232774,815,conservative proxy: 10th calendar day of following month,exact peer <tr> fragments from official MOPS SII page
2016-09,https://mopsov.twse.com.tw/nas/t21/sii/t21sc03_105_9_0.html,data/raw/exogenous/mops_sii_peer_rows/peers_2016_09.html,2026-10-08T06:24:19.416480+00:00,a39102496adadc27731c3a5bc0e31e4d8f2b588edd0fc36ac54e654e99375cce,815,conservative proxy: 10th calendar day of following month,exact peer <tr> fragments from official MOPS SII page
2016-10,https://mopsov.twse.com.tw/nas/t21/sii/t21sc03_105_10_0.html,data/raw/exogenous/mops_sii_peer_rows/peers_2016_10.html,2026-10-08T06:24:33.085312+00:00,ba5997dcf9914354e4a56c15b479d1558f59ae0d3b68658e0dbf6e516cc75706,815,conservative proxy: 10th calendar day of following month,exact peer <tr> fragments from official MOPS SII page
2016-11,https://mopsov.twse.com.tw/nas/t21/sii/t21sc03_105_11_0.html,data/raw/exogenous/mops_sii_peer_rows/peers_2016_11.html,2026-10-08T06:24:37.633550+00:00,d66c1b96529a7e63b76f2ea4c6dfb218b9d953fc0c115effe145e7e030a30952,815,conservative proxy: 10th calendar day of following month,exact peer <tr> fragments from official MOPS SII page
2016-12,https://mopsov.twse.com.tw/nas/t21/sii/t21sc03_105_12_0.html,data/raw/exogenous/mops_sii_peer_rows/peers_2016_12.html,2026-10-08T06:24:39.548924+00:00,003df656036a725b13494794d563b83d3306b46e44b4f3a67b9b957b3c588bfa,815,conservative proxy: 10th calendar day of following month,exact peer <tr> fragments from official MOPS SII page
2017-01,https://mopsov.twse.com.tw/nas/t21/sii/t21sc03_106_1_0.html,data/raw/exogenous/mops_sii_peer_rows/peers_2017_01.html,2026-10-08T06:24:40.651831+00:00,38ceec74cf753dbf81983f1fa2204e3ffa8c50cf56fa9f1fbc1b4d912ac4e8f9,815,conservative proxy: 10th calendar day of following month,exact peer <tr> fragments from official MOPS SII page
2017-02,https://mopsov.twse.com.tw/nas/t21/sii/t21sc03_106_2_0.html,data/raw/exogenous/mops_sii_peer_rows/peers_2017_02.html,2026-10-08T06:24:41.455496+00:00,c5878e2cb849f11d8cdeb59b6eb830997b8dba851a5782d28fa979a1ce668678,815,conservative proxy: 10th calendar day of following month,exact peer <tr> fragments from official MOPS SII page
2017-03,https://mopsov.twse.com.tw/nas/t21/sii/t21sc03_106_3_0.html,data/raw/exogenous/mops_sii_peer_rows/peers_2017_03.html,2026-10-08T06:24:42.813973+00:00,ca65155998782ed2078acdac8da4bd751ca5614f9c73afb131bcd417b328fca8,815,conservative proxy: 10th calendar day of following month,exact peer <tr> fragments from official MOPS SII page
2017-04,https://mopsov.twse.com.tw/nas/t21/sii/t21sc03_106_4_0.html,data/raw/exogenous/mops_sii_peer_rows/peers_2017_04.html,2026-10-08T06:24:47.850066+00:00,355a7d57c97b371f73a321ae165328a45300eb0892a8e13a5c05250882f6970e,815,conservative proxy: 10th calendar day of following month,exact peer <tr> fragments from official MOPS SII page
2017-05,https://mopsov.twse.com.tw/nas/t21/sii/t21sc03_106_5_0.html,data/raw/exogenous/mops_sii_peer_rows/peers_2017_05.html,2026-10-08T06:24:52.787978+00:00,1902fdefeb45c2d761e5d02b448e1b83abce0a280727afc21917cde58d794292,815,conservative proxy: 10th calendar day of following month,exact peer <tr> fragments from official MOPS SII page
2017-06,https://mopsov.twse.com.tw/nas/t21/sii/t21sc03_106_6_0.html,data/raw/exogenous/mops_sii_peer_rows/peers_2017_06.html,2026-10-08T06:25:23.741090+00:00,a772eed6063f7e655de53b884cd0bb0070d75f8ebaba1ac59a262b8b9671d5ae,815,conservative proxy: 10th calendar day of following month,exact peer <tr> fragments from official MOPS SII page
2017-07,https://mopsov.twse.com.tw/nas/t21/sii/t21sc03_106_7_0.html,data/raw/exogenous/mops_sii_peer_rows/peers_2017_07.html,2026-10-08T06:25:31.777944+00:00,ab28ba61acb6c5d8d1bba86171bf2bc3278f3c1cffdca96b6e461c85694dedd9,815,conservative proxy: 10th calendar day of following month,exact peer <tr> fragments from official MOPS SII page
2017-08,https://mopsov.twse.com.tw/nas/t21/sii/t21sc03_106_8_0.html,data/raw/exogenous/mops_sii_peer_rows/peers_2017_08.html,2026-10-08T06:25:45.351075+00:00,9ff85d75b2be415f502fc2747e45a75dfebbde87f80b659814357eb179c2a109,815,conservative proxy: 10th calendar day of following month,exact peer <tr> fragments from official MOPS SII page
2017-09,https://mopsov.twse.com.tw/nas/t21/sii/t21sc03_106_9_0.html,data/raw/exogenous/mops_sii_peer_rows/peers_2017_09.html,2026-10-08T06:25:51.541994+00:00,ddc6005295a702d1dc2981bc201ea80ec9f7f84cb4af874817b67569ff8a4525,815,conservative proxy: 10th calendar day of following month,exact peer <tr> fragments from official MOPS SII page
2017-10,https://mopsov.twse.com.tw/nas/t21/sii/t21sc03_106_10_0.html,data/raw/exogenous/mops_sii_peer_rows/peers_2017_10.html,2026-10-08T06:25:54.620302+00:00,ee95b0d712fc9340658ac69b73295f82c68cd94c5f519ef41f5b6c21acc7042b,815,conservative proxy: 10th calendar day of following month,exact peer <tr> fragments from official MOPS SII page
2017-11,https://mopsov.twse.com.tw/nas/t21/sii/t21sc03_106_11_0.html,data/raw/exogenous/mops_sii_peer_rows/peers_2017_11.html,2026-10-08T06:25:59.628465+00:00,584825977d6f29532bdad5e69db19610aae34db12775d2cfd2aaebaa61244ae5,815,conservative proxy: 10th calendar day of following month,exact peer <tr> fragments from official MOPS SII page
2017-12,https://mopsov.twse.com.tw/nas/t21/sii/t21sc03_106_12_0.html,data/raw/exogenous/mops_sii_peer_rows/peers_2017_12.html,2026-10-08T06:26:02.346797+00:00,76c83737576251a47c2a294dea4bf1bb1e6a29083999b92b6734a5142da2dfea,815,conservative proxy: 10th calendar day of following month,exact peer <tr> fragments from official MOPS SII page
2018-01,https://mopsov.twse.com.tw/nas/t21/sii/t21sc03_107_1_0.html,data/raw/exogenous/mops_sii_peer_rows/peers_2018_01.html,2026-10-08T06:26:03.779804+00:00,a5dd5023a38cee8eb519046c793b00fb29d7ada88d680f2cc21db1e003dfa5ad,815,conservative proxy: 10th calendar day of following month,exact peer <tr> fragments from official MOPS SII page
2018-02,https://mopsov.twse.com.tw/nas/t21/sii/t21sc03_107_2_0.html,data/raw/exogenous/mops_sii_peer_rows/peers_2018_02.html,2026-10-08T06:26:06.667303+00:00,460ef4018d4a5251e936c1ee29c79930207d6e7900f75ce283d19b8e5cd36f99,815,conservative proxy: 10th calendar day of following month,exact peer <tr> fragments from official MOPS SII page
2018-03,https://mopsov.twse.com.tw/nas/t21/sii/t21sc03_107_3_0.html,data/raw/exogenous/mops_sii_peer_rows/peers_2018_03.html,2026-10-08T06:26:07.544664+00:00,30ff5447150f67fb3896e46c9afa3e8effaa82b4f85a87e46f49fa9bf899d900,815,conservative proxy: 10th calendar day of following month,exact peer <tr> fragments from official MOPS SII page
2018-04,https://mopsov.twse.com.tw/nas/t21/sii/t21sc03_107_4_0.html,data/raw/exogenous/mops_sii_peer_rows/peers_2018_04.html,2026-10-08T06:26:09.294931+00:00,71e0135082b1eb790d4f3bb54725a0e8f481cc855623b3b3117f1321f8384652,815,conservative proxy: 10th calendar day of following month,exact peer <tr> fragments from official MOPS SII page
2018-05,https://mopsov.twse.com.tw/nas/t21/sii/t21sc03_107_5_0.html,data/raw/exogenous/mops_sii_peer_rows/peers_2018_05.html,2026-10-08T06:26:11.473183+00:00,d9025b60b73aa10f80dea8e3f64eefad2b8c2a498430da1a2fbc1dd452eca3bc,815,conservative proxy: 10th calendar day of following month,exact peer <tr> fragments from official MOPS SII page
2018-06,https://mopsov.twse.com.tw/nas/t21/sii/t21sc03_107_6_0.html,data/raw/exogenous/mops_sii_peer_rows/peers_2018_06.html,2026-10-08T06:26:14.112144+00:00,9fc09c668d538f9a502c131e4309263d6a1abbfc3277c76bbdbbe2de99d03555,815,conservative proxy: 10th calendar day of following month,exact peer <tr> fragments from official MOPS SII page
2018-07,https://mopsov.twse.com.tw/nas/t21/sii/t21sc03_107_7_0.html,data/raw/exogenous/mops_sii_peer_rows/peers_2018_07.html,2026-10-08T06:26:17.523546+00:00,b2f3f5a46df775e4d63832b2ca24162080961eca201d2de52b52013ebe8fd332,815,conservative proxy: 10th calendar day of following month,exact peer <tr> fragments from official MOPS SII page
2018-08,https://mopsov.twse.com.tw/nas/t21/sii/t21sc03_107_8_0.html,data/raw/exogenous/mops_sii_peer_rows/peers_2018_08.html,2026-10-08T06:26:20.670716+00:00,85cc11fec9d954f5c2ace05aaedfc7d6e25b40683a120c60190d961953199b6d,815,conservative proxy: 10th calendar day of following month,exact peer <tr> fragments from official MOPS SII page
2018-09,https://mopsov.twse.com.tw/nas/t21/sii/t21sc03_107_9_0.html,data/raw/exogenous/mops_sii_peer_rows/peers_2018_09.html,2026-10-08T06:26:26.362733+00:00,d19be3ea8c7adb5cff29bb87a26255f8126a85fd2e4f0fcbb04223d949cc9752,815,conservative proxy: 10th calendar day of following month,exact peer <tr> fragments from official MOPS SII page
2018-10,https://mopsov.twse.com.tw/nas/t21/sii/t21sc03_107_10_0.html,data/raw/exogenous/mops_sii_peer_rows/peers_2018_10.html,2026-10-08T06:26:29.948832+00:00,1fc4604c99304aef706f4a1e57152a0c2bc6fedffab06830f8fcfcc1d3e025ca,815,conservative proxy: 10th calendar day of following month,exact peer <tr> fragments from official MOPS SII page
2018-11,https://mopsov.twse.com.tw/nas/t21/sii/t21sc03_107_11_0.html,data/raw/exogenous/mops_sii_peer_rows/peers_2018_11.html,2026-10-08T06:26:33.693197+00:00,696e0bc47f51cd1a0b979c37f80c7b16e349dc14ecae86de62ce3e660fa8ddd9,815,conservative proxy: 10th calendar day of following month,exact peer <tr> fragments from official MOPS SII page
2018-12,https://mopsov.twse.com.tw/nas/t21/sii/t21sc03_107_12_0.html,data/raw/exogenous/mops_sii_peer_rows/peers_2018_12.html,2026-10-08T06:26:36.354379+00:00,e50af0f5e7b81f96e6935e3447f23917a479875e45452f59d00f467bdb7b7a5f,815,conservative proxy: 10th calendar day of following month,exact peer <tr> fragments from official MOPS SII page
2019-01,https://mopsov.twse.com.tw/nas/t21/sii/t21sc03_108_1_0.html,data/raw/exogenous/mops_sii_peer_rows/peers_2019_01.html,2026-10-08T06:26:44.029031+00:00,4f84f1723dac532a6f5658639c2ad5fb564b222a8e1cf73f0dfd1fe7ec226752,815,conservative proxy: 10th calendar day of following month,exact peer <tr> fragments from official MOPS SII page
2019-02,https://mopsov.twse.com.tw/nas/t21/sii/t21sc03_108_2_0.html,data/raw/exogenous/mops_sii_peer_rows/peers_2019_02.html,2026-10-08T06:26:49.451708+00:00,cf6e3f35895c7098c27d181661af22d56e988670d6209cc9659f3b8345709c91,815,conservative proxy: 10th calendar day of following month,exact peer <tr> fragments from official MOPS SII page
2019-03,https://mopsov.twse.com.tw/nas/t21/sii/t21sc03_108_3_0.html,data/raw/exogenous/mops_sii_peer_rows/peers_2019_03.html,2026-10-08T06:26:50.426974+00:00,62cfb505e4cab93996818a233d01f946a18f05ac340844b51893f55156700437,815,conservative proxy: 10th calendar day of following month,exact peer <tr> fragments from official MOPS SII page
2019-04,https://mopsov.twse.com.tw/nas/t21/sii/t21sc03_108_4_0.html,data/raw/exogenous/mops_sii_peer_rows/peers_2019_04.html,2026-10-08T06:26:52.016167+00:00,e6bb3b97ecd501972c01a7ea75e8464b06ddb05a338cf8ab421165494d167cc0,815,conservative proxy: 10th calendar day of following month,exact peer <tr> fragments from official MOPS SII page
2019-05,https://mopsov.twse.com.tw/nas/t21/sii/t21sc03_108_5_0.html,data/raw/exogenous/mops_sii_peer_rows/peers_2019_05.html,2026-10-08T06:26:54.562634+00:00,0df6b0c468278758a5740b7d341cc914c22b560353983b2c3732c7f72d96010b,815,conservative proxy: 10th calendar day of following month,exact peer <tr> fragments from official MOPS SII page
2019-06,https://mopsov.twse.com.tw/nas/t21/sii/t21sc03_108_6_0.html,data/raw/exogenous/mops_sii_peer_rows/peers_2019_06.html,2026-10-08T06:26:55.916429+00:00,b754d3c12880f8577f345e3191298a2c838f96f696245bb69a40cebb87dcfe66,815,conservative proxy: 10th calendar day of following month,exact peer <tr> fragments from official MOPS SII page
2019-07,https://mopsov.twse.com.tw/nas/t21/sii/t21sc03_108_7_0.html,data/raw/exogenous/mops_sii_peer_rows/peers_2019_07.html,2026-10-08T06:26:57.927182+00:00,10d93d77b2fec87aed5a4a85ca0922bdd1979f62753d35b4475c4b897e993f95,815,conservative proxy: 10th calendar day of following month,exact peer <tr> fragments from official MOPS SII page
2019-08,https://mopsov.twse.com.tw/nas/t21/sii/t21sc03_108_8_0.html,data/raw/exogenous/mops_sii_peer_rows/peers_2019_08.html,2026-10-08T06:26:59.202690+00:00,538d41d485fe499bd9857939fc59dae1ebd2b40157f3bfdb4504d8399b592baa,815,conservative proxy: 10th calendar day of following month,exact peer <tr> fragments from official MOPS SII page
2019-09,https://mopsov.twse.com.tw/nas/t21/sii/t21sc03_108_9_0.html,data/raw/exogenous/mops_sii_peer_rows/peers_2019_09.html,2026-10-08T06:27:05.781022+00:00,35e17ffca1d9788909fade407f9af5f0bd40344a0cad63c398de02cde2f03eaa,815,conservative proxy: 10th calendar day of following month,exact peer <tr> fragments from official MOPS SII page
2019-10,https://mopsov.twse.com.tw/nas/t21/sii/t21sc03_108_10_0.html,data/raw/exogenous/mops_sii_peer_rows/peers_2019_10.html,2026-10-08T06:27:06.872114+00:00,2e6d39c532b328cc4e24734a8b97c7e6b5d0f48665ba95d2215319f4c6ed7a66,815,conservative proxy: 10th calendar day of following month,exact peer <tr> fragments from official MOPS SII page
2019-11,https://mopsov.twse.com.tw/nas/t21/sii/t21sc03_108_11_0.html,data/raw/exogenous/mops_sii_peer_rows/peers_2019_11.html,2026-10-08T06:27:08.795413+00:00,ebd16cd4e2becaae2dee25d4e624e7adafff283c979d101cc9def3e19e837529,815,conservative proxy: 10th calendar day of following month,exact peer <tr> fragments from official MOPS SII page
2019-12,https://mopsov.twse.com.tw/nas/t21/sii/t21sc03_108_12_0.html,data/raw/exogenous/mops_sii_peer_rows/peers_2019_12.html,2026-10-08T06:27:09.687114+00:00,3b8fc725aa794007f1f728fdb7e132cbc853c863c225e2dd28654721d9d69fc6,815,conservative proxy: 10th calendar day of following month,exact peer <tr> fragments from official MOPS SII page
2020-01,https://mopsov.twse.com.tw/nas/t21/sii/t21sc03_109_1_0.html,data/raw/exogenous/mops_sii_peer_rows/peers_2020_01.html,2026-10-08T06:27:30.838593+00:00,c4be543a6891a41e683e2fa6a45e90e22b28f7cafbc2225390ba29aea891efa2,815,conservative proxy: 10th calendar day of following month,exact peer <tr> fragments from official MOPS SII page
2020-02,https://mopsov.twse.com.tw/nas/t21/sii/t21sc03_109_2_0.html,data/raw/exogenous/mops_sii_peer_rows/peers_2020_02.html,2026-10-08T06:27:33.601592+00:00,8b0bcc02e62e70cbd85aa4f06c15b48e118b91a2d7e806b553cf7674ba82b686,815,conservative proxy: 10th calendar day of following month,exact peer <tr> fragments from official MOPS SII page
2020-03,https://mopsov.twse.com.tw/nas/t21/sii/t21sc03_109_3_0.html,data/raw/exogenous/mops_sii_peer_rows/peers_2020_03.html,2026-10-08T06:27:35.045014+00:00,80d0d9e90a84f75c3a218e53e6a0d30ca2c03d87559e3bda64bd9504fed43aec,815,conservative proxy: 10th calendar day of following month,exact peer <tr> fragments from official MOPS SII page
2020-04,https://mopsov.twse.com.tw/nas/t21/sii/t21sc03_109_4_0.html,data/raw/exogenous/mops_sii_peer_rows/peers_2020_04.html,2026-10-08T06:27:36.445859+00:00,6abae17497c37bc4050adcfc3c3f23ecf1139c91011dbc813c8295c3fae9470f,815,conservative proxy: 10th calendar day of following month,exact peer <tr> fragments from official MOPS SII page
2020-05,https://mopsov.twse.com.tw/nas/t21/sii/t21sc03_109_5_0.html,data/raw/exogenous/mops_sii_peer_rows/peers_2020_05.html,2026-10-08T06:27:37.659196+00:00,fc8540300fba306b212e060c9d3ea83c2da7c3c195374d5c25c6c6e29ef32bd2,815,conservative proxy: 10th calendar day of following month,exact peer <tr> fragments from official MOPS SII page
2020-06,https://mopsov.twse.com.tw/nas/t21/sii/t21sc03_109_6_0.html,data/raw/exogenous/mops_sii_peer_rows/peers_2020_06.html,2026-10-08T06:27:39.717389+00:00,5886e12028838f775c7eed067c6eba96b84e39c3485041349557ed3a955f9fd0,815,conservative proxy: 10th calendar day of following month,exact peer <tr> fragments from official MOPS SII page
2020-07,https://mopsov.twse.com.tw/nas/t21/sii/t21sc03_109_7_0.html,data/raw/exogenous/mops_sii_peer_rows/peers_2020_07.html,2026-10-08T06:27:41.172770+00:00,a65b9b24a98f1d63b5683b6858e185a581657c7555504fef18f0d249fceb9919,815,conservative proxy: 10th calendar day of following month,exact peer <tr> fragments from official MOPS SII page
2020-08,https://mopsov.twse.com.tw/nas/t21/sii/t21sc03_109_8_0.html,data/raw/exogenous/mops_sii_peer_rows/peers_2020_08.html,2026-10-08T06:27:43.185925+00:00,f1ef19353c6e25ea9da83c4b0a85f34875d5c68916274cf47a4aaeb65aab9343,815,conservative proxy: 10th calendar day of following month,exact peer <tr> fragments from official MOPS SII page
2020-09,https://mopsov.twse.com.tw/nas/t21/sii/t21sc03_109_9_0.html,data/raw/exogenous/mops_sii_peer_rows/peers_2020_09.html,2026-10-08T06:27:44.936562+00:00,e1b2ee65047fcae3c5fdf0936f779c3ebe9cf8f1efb89f61fb5f66ca907295e9,815,conservative proxy: 10th calendar day of following month,exact peer <tr> fragments from official MOPS SII page
2020-10,https://mopsov.twse.com.tw/nas/t21/sii/t21sc03_109_10_0.html,data/raw/exogenous/mops_sii_peer_rows/peers_2020_10.html,2026-10-08T06:27:47.436432+00:00,32b50682ea624228ad4567372ef488bc67d3e93e3072d9149655b084017a88bf,815,conservative proxy: 10th calendar day of following month,exact peer <tr> fragments from official MOPS SII page
2020-11,https://mopsov.twse.com.tw/nas/t21/sii/t21sc03_109_11_0.html,data/raw/exogenous/mops_sii_peer_rows/peers_2020_11.html,2026-10-08T06:27:54.822047+00:00,aa42a497f28b66825f81c9d3bd97e1058ec9e876a7e8e666f23803c1852654ab,815,conservative proxy: 10th calendar day of following month,exact peer <tr> fragments from official MOPS SII page
2020-12,https://mopsov.twse.com.tw/nas/t21/sii/t21sc03_109_12_0.html,data/raw/exogenous/mops_sii_peer_rows/peers_2020_12.html,2026-10-08T06:28:00.382846+00:00,62e5ad4898a3283bfb6f9fb02b7be2f5020e455d4ef7383b30507129dd35b72d,815,conservative proxy: 10th calendar day of following month,exact peer <tr> fragments from official MOPS SII page
2021-01,https://mopsov.twse.com.tw/nas/t21/sii/t21sc03_110_1_0.html,data/raw/exogenous/mops_sii_peer_rows/peers_2021_01.html,2026-10-08T06:28:05.050713+00:00,effd9e891fe6da3daa3833dca0028cd1cdb959c118493c635722db004badcb23,884,conservative proxy: 10th calendar day of following month,exact peer <tr> fragments from official MOPS SII page
2021-02,https://mopsov.twse.com.tw/nas/t21/sii/t21sc03_110_2_0.html,data/raw/exogenous/mops_sii_peer_rows/peers_2021_02.html,2026-10-08T06:28:06.713021+00:00,fbfe434c7d792cdcd90b249ecc9e4c2ba1860a9686333fab288bea7777a761fd,815,conservative proxy: 10th calendar day of following month,exact peer <tr> fragments from official MOPS SII page
2021-03,https://mopsov.twse.com.tw/nas/t21/sii/t21sc03_110_3_0.html,data/raw/exogenous/mops_sii_peer_rows/peers_2021_03.html,2026-10-08T06:28:07.442693+00:00,548727ad1af1828f2213cdd8c2f2cfbd737ff3823052e98a8ec1c787ff84d706,815,conservative proxy: 10th calendar day of following month,exact peer <tr> fragments from official MOPS SII page
2021-04,https://mopsov.twse.com.tw/nas/t21/sii/t21sc03_110_4_0.html,data/raw/exogenous/mops_sii_peer_rows/peers_2021_04.html,2026-10-08T06:28:08.988898+00:00,39acf198b7f4554c3a4ea5777903efc17a36fe183daa51715c71454cf648952c,815,conservative proxy: 10th calendar day of following month,exact peer <tr> fragments from official MOPS SII page
2021-05,https://mopsov.twse.com.tw/nas/t21/sii/t21sc03_110_5_0.html,data/raw/exogenous/mops_sii_peer_rows/peers_2021_05.html,2026-10-08T06:28:10.761843+00:00,01bfef4796ae400c3c81fa1c2860b467303ef9701d57cec39fafc2d953c61bfe,982,conservative proxy: 10th calendar day of following month,exact peer <tr> fragments from official MOPS SII page
2021-06,https://mopsov.twse.com.tw/nas/t21/sii/t21sc03_110_6_0.html,data/raw/exogenous/mops_sii_peer_rows/peers_2021_06.html,2026-10-08T06:28:13.547698+00:00,8febccea2d1e8d3975dcd7cf8fbdf160438832dafc36d8969f4056540ed5fc80,980,conservative proxy: 10th calendar day of following month,exact peer <tr> fragments from official MOPS SII page
2021-07,https://mopsov.twse.com.tw/nas/t21/sii/t21sc03_110_7_0.html,data/raw/exogenous/mops_sii_peer_rows/peers_2021_07.html,2026-10-08T06:28:24.854844+00:00,c77370961a9621448481eb7e78c71e126b72fc3b9bf55da34033d1537e5afa17,980,conservative proxy: 10th calendar day of following month,exact peer <tr> fragments from official MOPS SII page
2021-08,https://mopsov.twse.com.tw/nas/t21/sii/t21sc03_110_8_0.html,data/raw/exogenous/mops_sii_peer_rows/peers_2021_08.html,2026-10-08T06:28:38.317572+00:00,a84fb7236b5ff1bd5b23a576d3b84b0fae9729234fdb24226847a740253a76f5,875,conservative proxy: 10th calendar day of following month,exact peer <tr> fragments from official MOPS SII page
2021-09,https://mopsov.twse.com.tw/nas/t21/sii/t21sc03_110_9_0.html,data/raw/exogenous/mops_sii_peer_rows/peers_2021_09.html,2026-10-08T06:28:46.628992+00:00,ab1abb6995ed1059f65b3ebbb2dfc63f9271a8b760adf50d8bce2f3a86fc9e6e,815,conservative proxy: 10th calendar day of following month,exact peer <tr> fragments from official MOPS SII page
2021-10,https://mopsov.twse.com.tw/nas/t21/sii/t21sc03_110_10_0.html,data/raw/exogenous/mops_sii_peer_rows/peers_2021_10.html,2026-10-08T06:28:48.160260+00:00,5f7351adcdf49837579784d249838d400b1e69833dafb923824b86dbfc22bfc0,815,conservative proxy: 10th calendar day of following month,exact peer <tr> fragments from official MOPS SII page
2021-11,https://mopsov.twse.com.tw/nas/t21/sii/t21sc03_110_11_0.html,data/raw/exogenous/mops_sii_peer_rows/peers_2021_11.html,2026-10-08T06:28:57.102484+00:00,a7909bee06e07e7f2325b8c3f5b22a8a4424270facf65e0dc38e28f3ae170826,815,conservative proxy: 10th calendar day of following month,exact peer <tr> fragments from official MOPS SII page
2021-12,https://mopsov.twse.com.tw/nas/t21/sii/t21sc03_110_12_0.html,data/raw/exogenous/mops_sii_peer_rows/peers_2021_12.html,2026-10-08T06:29:10.413558+00:00,3d3a83958488af47e55b06e8bb0eaf6b7c9546a4421f705a025171190fdc8af9,815,conservative proxy: 10th calendar day of following month,exact peer <tr> fragments from official MOPS SII page
2022-01,https://mopsov.twse.com.tw/nas/t21/sii/t21sc03_111_1_0.html,data/raw/exogenous/mops_sii_peer_rows/peers_2022_01.html,2026-10-08T06:29:17.795401+00:00,6ba3614fd7c75728c44131cb661bb1238fd86f5166a064b67399c5580478fe7c,815,conservative proxy: 10th calendar day of following month,exact peer <tr> fragments from official MOPS SII page
2022-02,https://mopsov.twse.com.tw/nas/t21/sii/t21sc03_111_2_0.html,data/raw/exogenous/mops_sii_peer_rows/peers_2022_02.html,2026-10-08T06:29:45.988354+00:00,4cddaab105850c16f032052d5c27a3f5446ecf79f0b12e8af104ed8efdb5f28e,815,conservative proxy: 10th calendar day of following month,exact peer <tr> fragments from official MOPS SII page
2022-03,https://mopsov.twse.com.tw/nas/t21/sii/t21sc03_111_3_0.html,data/raw/exogenous/mops_sii_peer_rows/peers_2022_03.html,2026-10-08T06:29:51.927328+00:00,aa01c904b5389cca403bcd6aac1bb26e2e948038aa4c7cc7b4bdeffbc458eee2,815,conservative proxy: 10th calendar day of following month,exact peer <tr> fragments from official MOPS SII page
2022-04,https://mopsov.twse.com.tw/nas/t21/sii/t21sc03_111_4_0.html,data/raw/exogenous/mops_sii_peer_rows/peers_2022_04.html,2026-10-08T06:29:53.857044+00:00,73dad8a866986ff8b9fb06b9ff3966731e4845947c8d2d7a9c4c03395864c813,815,conservative proxy: 10th calendar day of following month,exact peer <tr> fragments from official MOPS SII page
2022-05,https://mopsov.twse.com.tw/nas/t21/sii/t21sc03_111_5_0.html,data/raw/exogenous/mops_sii_peer_rows/peers_2022_05.html,2026-10-08T06:29:55.731166+00:00,f77282557e64b2f0314634b8195cfa58d21db0c1a2b33a3117730c752dc65091,815,conservative proxy: 10th calendar day of following month,exact peer <tr> fragments from official MOPS SII page
2022-06,https://mopsov.twse.com.tw/nas/t21/sii/t21sc03_111_6_0.html,data/raw/exogenous/mops_sii_peer_rows/peers_2022_06.html,2026-10-08T06:29:57.544802+00:00,5678fd7a2c5bbf333ccd5798d639f3058a1776800a65726c30d2616076e4f5ca,815,conservative proxy: 10th calendar day of following month,exact peer <tr> fragments from official MOPS SII page
2022-07,https://mopsov.twse.com.tw/nas/t21/sii/t21sc03_111_7_0.html,data/raw/exogenous/mops_sii_peer_rows/peers_2022_07.html,2026-10-08T06:30:09.337733+00:00,18386d9e0bdc19e4559c16c1d89dd1466ebf53f8918f1dde65b50a2523eff40d,815,conservative proxy: 10th calendar day of following month,exact peer <tr> fragments from official MOPS SII page
2022-08,https://mopsov.twse.com.tw/nas/t21/sii/t21sc03_111_8_0.html,data/raw/exogenous/mops_sii_peer_rows/peers_2022_08.html,2026-10-08T06:30:11.995984+00:00,0ff01fa26cb280535d654871287f9c9450c2b7e1942fc41779e1096411e663d0,815,conservative proxy: 10th calendar day of following month,exact peer <tr> fragments from official MOPS SII page
2022-09,https://mopsov.twse.com.tw/nas/t21/sii/t21sc03_111_9_0.html,data/raw/exogenous/mops_sii_peer_rows/peers_2022_09.html,2026-10-08T06:30:22.490469+00:00,e78eb4373efce3fd509b925c96364e9e86f087b925f0a7a02f90f30f447af8ae,815,conservative proxy: 10th calendar day of following month,exact peer <tr> fragments from official MOPS SII page
2022-10,https://mopsov.twse.com.tw/nas/t21/sii/t21sc03_111_10_0.html,data/raw/exogenous/mops_sii_peer_rows/peers_2022_10.html,2026-10-08T06:30:43.049948+00:00,96a0d3c91311216179858ad24291a224e3ccf37c85cce82864c6a74c6a98b869,815,conservative proxy: 10th calendar day of following month,exact peer <tr> fragments from official MOPS SII page
2022-11,https://mopsov.twse.com.tw/nas/t21/sii/t21sc03_111_11_0.html,data/raw/exogenous/mops_sii_peer_rows/peers_2022_11.html,2026-10-08T06:30:50.612895+00:00,124b6ef5fd8280282cda7b3ef297b0ace22717d808fd5bb5704958c5c4b3460f,815,conservative proxy: 10th calendar day of following month,exact peer <tr> fragments from official MOPS SII page
2022-12,https://mopsov.twse.com.tw/nas/t21/sii/t21sc03_111_12_0.html,data/raw/exogenous/mops_sii_peer_rows/peers_2022_12.html,2026-10-08T06:30:53.513687+00:00,16a9da1717c0fd94e656f8529915b8154d44a171b8472c2438f2494d948e4972,815,conservative proxy: 10th calendar day of following month,exact peer <tr> fragments from official MOPS SII page
2023-01,https://mopsov.twse.com.tw/nas/t21/sii/t21sc03_112_1_0.html,data/raw/exogenous/mops_sii_peer_rows/peers_2023_01.html,2026-10-08T06:30:56.806126+00:00,0bc3645c8053ae69bec092773a33bc095bedcbfd9340ea6bf95c56678c185246,815,conservative proxy: 10th calendar day of following month,exact peer <tr> fragments from official MOPS SII page
2023-02,https://mopsov.twse.com.tw/nas/t21/sii/t21sc03_112_2_0.html,data/raw/exogenous/mops_sii_peer_rows/peers_2023_02.html,2026-10-08T06:31:05.372758+00:00,c1e5ae7fc9988224defb24c5c0198963675513c97ffc245a8215e6e66c0fd309,815,conservative proxy: 10th calendar day of following month,exact peer <tr> fragments from official MOPS SII page
2023-03,https://mopsov.twse.com.tw/nas/t21/sii/t21sc03_112_3_0.html,data/raw/exogenous/mops_sii_peer_rows/peers_2023_03.html,2026-10-08T06:31:07.691508+00:00,7edeb871fe5444598b9a93c77c104a7a3bced807e9c23e1a38ec1ba88dae5261,815,conservative proxy: 10th calendar day of following month,exact peer <tr> fragments from official MOPS SII page
2023-04,https://mopsov.twse.com.tw/nas/t21/sii/t21sc03_112_4_0.html,data/raw/exogenous/mops_sii_peer_rows/peers_2023_04.html,2026-10-08T06:31:09.001827+00:00,f0a2f0f535756488d31b736f201d0f78b69d09b74bb5afd85179b56dd54bc3f3,815,conservative proxy: 10th calendar day of following month,exact peer <tr> fragments from official MOPS SII page
2023-05,https://mopsov.twse.com.tw/nas/t21/sii/t21sc03_112_5_0.html,data/raw/exogenous/mops_sii_peer_rows/peers_2023_05.html,2026-10-08T06:31:12.908938+00:00,3877279910ba6d3d94718f1679a79370b92df4c1525c3f93240c105119a55110,815,conservative proxy: 10th calendar day of following month,exact peer <tr> fragments from official MOPS SII page
2023-06,https://mopsov.twse.com.tw/nas/t21/sii/t21sc03_112_6_0.html,data/raw/exogenous/mops_sii_peer_rows/peers_2023_06.html,2026-10-08T06:31:14.045759+00:00,1b60d7813c99e1020b7b448372d7e25014766277dad993fceea2948654c0c729,815,conservative proxy: 10th calendar day of following month,exact peer <tr> fragments from official MOPS SII page
2023-07,https://mopsov.twse.com.tw/nas/t21/sii/t21sc03_112_7_0.html,data/raw/exogenous/mops_sii_peer_rows/peers_2023_07.html,2026-10-08T06:31:17.053751+00:00,21a946fb84bb67c7a3742392fabb71ae4cf470285bbcb8b743488b467c5e30d7,815,conservative proxy: 10th calendar day of following month,exact peer <tr> fragments from official MOPS SII page
2023-08,https://mopsov.twse.com.tw/nas/t21/sii/t21sc03_112_8_0.html,data/raw/exogenous/mops_sii_peer_rows/peers_2023_08.html,2026-10-08T06:31:21.106027+00:00,115493499d9039c2feb482668860b95f1e4b5bb376064c23c3742996fcdcd328,815,conservative proxy: 10th calendar day of following month,exact peer <tr> fragments from official MOPS SII page
2023-09,https://mopsov.twse.com.tw/nas/t21/sii/t21sc03_112_9_0.html,data/raw/exogenous/mops_sii_peer_rows/peers_2023_09.html,2026-10-08T06:31:22.879564+00:00,4955e12ea82a4dc040172a166a47701b1cfc27f9eef8847e830c19771cee25dd,815,conservative proxy: 10th calendar day of following month,exact peer <tr> fragments from official MOPS SII page
2023-10,https://mopsov.twse.com.tw/nas/t21/sii/t21sc03_112_10_0.html,data/raw/exogenous/mops_sii_peer_rows/peers_2023_10.html,2026-10-08T06:31:24.110868+00:00,bd022fd5f5597f359c8338625a68880d63e5477a1aa9c54ba1b791bb210b030f,815,conservative proxy: 10th calendar day of following month,exact peer <tr> fragments from official MOPS SII page
2023-11,https://mopsov.twse.com.tw/nas/t21/sii/t21sc03_112_11_0.html,data/raw/exogenous/mops_sii_peer_rows/peers_2023_11.html,2026-10-08T06:31:25.636798+00:00,b6354431ddd384c08eb06c6991abd1bc0f0f15e734661933942a67c27d87197b,815,conservative proxy: 10th calendar day of following month,exact peer <tr> fragments from official MOPS SII page
2023-12,https://mopsov.twse.com.tw/nas/t21/sii/t21sc03_112_12_0.html,data/raw/exogenous/mops_sii_peer_rows/peers_2023_12.html,2026-10-08T06:31:27.484548+00:00,9bdbc92e0b5a0dcb7d1d1887e1d5deb0f3e7df62321ac61d4be0f22840687fea,844,conservative proxy: 10th calendar day of following month,exact peer <tr> fragments from official MOPS SII page
2024-01,https://mopsov.twse.com.tw/nas/t21/sii/t21sc03_113_1_0.html,data/raw/exogenous/mops_sii_peer_rows/peers_2024_01.html,2026-10-08T06:31:28.837087+00:00,91493024a75120075bea4b211ed573c16e93b7a3bd270f29ff554f9dfbeb536d,844,conservative proxy: 10th calendar day of following month,exact peer <tr> fragments from official MOPS SII page
2024-02,https://mopsov.twse.com.tw/nas/t21/sii/t21sc03_113_2_0.html,data/raw/exogenous/mops_sii_peer_rows/peers_2024_02.html,2026-10-08T06:31:31.245372+00:00,224fd5474786cf9e65c43f296613eef775df583d71a3be53fa10533f9de393e4,844,conservative proxy: 10th calendar day of following month,exact peer <tr> fragments from official MOPS SII page
2024-03,https://mopsov.twse.com.tw/nas/t21/sii/t21sc03_113_3_0.html,data/raw/exogenous/mops_sii_peer_rows/peers_2024_03.html,2026-10-08T06:31:33.234094+00:00,3f07f7ff40e97fdc4ee1efdc79c7b88bed357447c8153dc14a113f78958836d4,844,conservative proxy: 10th calendar day of following month,exact peer <tr> fragments from official MOPS SII page
2024-04,https://mopsov.twse.com.tw/nas/t21/sii/t21sc03_113_4_0.html,data/raw/exogenous/mops_sii_peer_rows/peers_2024_04.html,2026-10-08T06:31:35.793484+00:00,595fe9c7207bb79aceb7c4ff606d96dc93cf917f9224883835f6a63bcffe5eb8,844,conservative proxy: 10th calendar day of following month,exact peer <tr> fragments from official MOPS SII page
2024-05,https://mopsov.twse.com.tw/nas/t21/sii/t21sc03_113_5_0.html,data/raw/exogenous/mops_sii_peer_rows/peers_2024_05.html,2026-10-08T06:31:37.961279+00:00,626643070905324fd820d0bf2afe336601401f8148dd50a264bf933f7dacc17e,910,conservative proxy: 10th calendar day of following month,exact peer <tr> fragments from official MOPS SII page
2024-06,https://mopsov.twse.com.tw/nas/t21/sii/t21sc03_113_6_0.html,data/raw/exogenous/mops_sii_peer_rows/peers_2024_06.html,2026-10-08T06:31:44.043005+00:00,3016e6f657a46f2d22cae84905c42194d467d2f313aa95709dfafe39b0f02926,844,conservative proxy: 10th calendar day of following month,exact peer <tr> fragments from official MOPS SII page
2024-07,https://mopsov.twse.com.tw/nas/t21/sii/t21sc03_113_7_0.html,data/raw/exogenous/mops_sii_peer_rows/peers_2024_07.html,2026-10-08T06:31:46.150239+00:00,eb1771a8b4653cbeb03bb43cc6a9da61d53f2b4cd9d43830d7c840553888ea8c,844,conservative proxy: 10th calendar day of following month,exact peer <tr> fragments from official MOPS SII page
2024-08,https://mopsov.twse.com.tw/nas/t21/sii/t21sc03_113_8_0.html,data/raw/exogenous/mops_sii_peer_rows/peers_2024_08.html,2026-10-08T06:31:48.296111+00:00,4087dbaccbe1506108bde7e214941e78b4f1fc006b667a57d61b1f66543d056d,844,conservative proxy: 10th calendar day of following month,exact peer <tr> fragments from official MOPS SII page
2024-09,https://mopsov.twse.com.tw/nas/t21/sii/t21sc03_113_9_0.html,data/raw/exogenous/mops_sii_peer_rows/peers_2024_09.html,2026-10-08T06:31:50.188942+00:00,ae50540796d6cf86c6dd267edaba9de941211ceae1c66e2b3a543a8d1106aa0d,844,conservative proxy: 10th calendar day of following month,exact peer <tr> fragments from official MOPS SII page
2024-10,https://mopsov.twse.com.tw/nas/t21/sii/t21sc03_113_10_0.html,data/raw/exogenous/mops_sii_peer_rows/peers_2024_10.html,2026-10-08T06:31:53.347498+00:00,f1e5d83dc01ad1b2e2bd0de2caa0dd12a0c7cfea817fb91236d3d6f1863fc28d,844,conservative proxy: 10th calendar day of following month,exact peer <tr> fragments from official MOPS SII page
2024-11,https://mopsov.twse.com.tw/nas/t21/sii/t21sc03_113_11_0.html,data/raw/exogenous/mops_sii_peer_rows/peers_2024_11.html,2026-10-08T06:31:55.538483+00:00,7aeab411226637c422ce56e4202e96a68f6ce3b6bc2ff91b322ad3b012602e1b,844,conservative proxy: 10th calendar day of following month,exact peer <tr> fragments from official MOPS SII page
2024-12,https://mopsov.twse.com.tw/nas/t21/sii/t21sc03_113_12_0.html,data/raw/exogenous/mops_sii_peer_rows/peers_2024_12.html,2026-10-08T06:31:56.951845+00:00,fea6e5be7a16c8a329714a500df5075cfe4d7d7008554da6232a267b84cc1398,844,conservative proxy: 10th calendar day of following month,exact peer <tr> fragments from official MOPS SII page
2025-01,https://mopsov.twse.com.tw/nas/t21/sii/t21sc03_114_1_0.html,data/raw/exogenous/mops_sii_peer_rows/peers_2025_01.html,2026-10-08T06:32:00.317400+00:00,344ce2efd297a002dee72053bbda494e424a1b2beca401dfc7c4b9946ee9e76b,844,conservative proxy: 10th calendar day of following month,exact peer <tr> fragments from official MOPS SII page
2025-02,https://mopsov.twse.com.tw/nas/t21/sii/t21sc03_114_2_0.html,data/raw/exogenous/mops_sii_peer_rows/peers_2025_02.html,2026-10-08T06:32:02.189471+00:00,e155bbb38906a0796b91910ea645e597e7635e0076edbbf3cfb3a34ecf74f9d4,844,conservative proxy: 10th calendar day of following month,exact peer <tr> fragments from official MOPS SII page
2025-03,https://mopsov.twse.com.tw/nas/t21/sii/t21sc03_114_3_0.html,data/raw/exogenous/mops_sii_peer_rows/peers_2025_03.html,2026-10-08T06:32:06.486900+00:00,4369c969922293dd1bfd971e2e92fbdbc1784e2cacc0184cbbcbb4aa0741306c,844,conservative proxy: 10th calendar day of following month,exact peer <tr> fragments from official MOPS SII page
2025-04,https://mopsov.twse.com.tw/nas/t21/sii/t21sc03_114_4_0.html,data/raw/exogenous/mops_sii_peer_rows/peers_2025_04.html,2026-10-08T06:32:11.288505+00:00,5bf5c7c159c3bc60de600d19a12907daa95ec7309070277ec4afff4a15733d82,844,conservative proxy: 10th calendar day of following month,exact peer <tr> fragments from official MOPS SII page
2025-05,https://mopsov.twse.com.tw/nas/t21/sii/t21sc03_114_5_0.html,data/raw/exogenous/mops_sii_peer_rows/peers_2025_05.html,2026-10-08T06:32:17.955347+00:00,a991d7f6138aa2f6cf59837ca3d7061275d8477eaad5775adf66e0d0a5f03f24,844,conservative proxy: 10th calendar day of following month,exact peer <tr> fragments from official MOPS SII page
2025-06,https://mopsov.twse.com.tw/nas/t21/sii/t21sc03_114_6_0.html,data/raw/exogenous/mops_sii_peer_rows/peers_2025_06.html,2026-10-08T06:32:20.812372+00:00,fe18fc00b8b046806505f1aa12bc5296e8c4c7cc3ece3b1986bd04b3b5ffac5e,844,conservative proxy: 10th calendar day of following month,exact peer <tr> fragments from official MOPS SII page
2025-07,https://mopsov.twse.com.tw/nas/t21/sii/t21sc03_114_7_0.html,data/raw/exogenous/mops_sii_peer_rows/peers_2025_07.html,2026-10-08T06:32:53.458050+00:00,1c2423421a715d85573699bd9d6a5a80979019e1e26914560c7f7edcdf3850c8,844,conservative proxy: 10th calendar day of following month,exact peer <tr> fragments from official MOPS SII page
2025-08,https://mopsov.twse.com.tw/nas/t21/sii/t21sc03_114_8_0.html,data/raw/exogenous/mops_sii_peer_rows/peers_2025_08.html,2026-10-08T06:33:01.494214+00:00,f5584b4bbd9065cf80bdcd7e8127915c5c8b8cb53aba5068f18eeb43bbedfd34,844,conservative proxy: 10th calendar day of following month,exact peer <tr> fragments from official MOPS SII page
2025-09,https://mopsov.twse.com.tw/nas/t21/sii/t21sc03_114_9_0.html,data/raw/exogenous/mops_sii_peer_rows/peers_2025_09.html,2026-10-08T06:33:04.003072+00:00,9b2598fda4963b7232754de2b3722dbd21d58e86651bcfdaf92235e4059b7158,844,conservative proxy: 10th calendar day of following month,exact peer <tr> fragments from official MOPS SII page
2025-10,https://mopsov.twse.com.tw/nas/t21/sii/t21sc03_114_10_0.html,data/raw/exogenous/mops_sii_peer_rows/peers_2025_10.html,2026-10-08T06:33:05.540425+00:00,8457d1ed1139f8bfb4bc97fe6492990a58416bac98842fa50aa92b8f1d38d941,815,conservative proxy: 10th calendar day of following month,exact peer <tr> fragments from official MOPS SII page
2025-11,https://mopsov.twse.com.tw/nas/t21/sii/t21sc03_114_11_0.html,data/raw/exogenous/mops_sii_peer_rows/peers_2025_11.html,2026-10-08T06:33:09.533611+00:00,0573c1d7a183e07f32eb0f643ce8c89098548fee34f5e702eed9b9da3d4203d2,815,conservative proxy: 10th calendar day of following month,exact peer <tr> fragments from official MOPS SII page
2025-12,https://mopsov.twse.com.tw/nas/t21/sii/t21sc03_114_12_0.html,data/raw/exogenous/mops_sii_peer_rows/peers_2025_12.html,2026-10-08T06:33:13.041385+00:00,0be17136597c111c0119615eba5e7e9dd5a2e00a582fc745b67e1433336a6665,815,conservative proxy: 10th calendar day of following month,exact peer <tr> fragments from official MOPS SII page
2026-01,https://mopsov.twse.com.tw/nas/t21/sii/t21sc03_115_1_0.html,data/raw/exogenous/mops_sii_peer_rows/peers_2026_01.html,2026-10-08T06:33:15.222539+00:00,94adb11303075489e9394d66defb720b1dbff7411779e7aaa61bad949c8cc277,844,conservative proxy: 10th calendar day of following month,exact peer <tr> fragments from official MOPS SII page
2026-02,https://mopsov.twse.com.tw/nas/t21/sii/t21sc03_115_2_0.html,data/raw/exogenous/mops_sii_peer_rows/peers_2026_02.html,2026-10-08T06:33:18.490317+00:00,2cd2519360d352da0da12b0189786159750105955e4051974d8198e027f78d26,844,conservative proxy: 10th calendar day of following month,exact peer <tr> fragments from official MOPS SII page
2026-03,https://mopsov.twse.com.tw/nas/t21/sii/t21sc03_115_3_0.html,data/raw/exogenous/mops_sii_peer_rows/peers_2026_03.html,2026-10-08T06:33:20.797436+00:00,0093c8d34f85d6fb9518d6cdc0ba22c618415fc1999670ce24d6d4b160f24d8a,844,conservative proxy: 10th calendar day of following month,exact peer <tr> fragments from official MOPS SII page
2026-04,https://mopsov.twse.com.tw/nas/t21/sii/t21sc03_115_4_0.html,data/raw/exogenous/mops_sii_peer_rows/peers_2026_04.html,2026-10-08T06:33:22.579291+00:00,0a81d8943077828625b5bab23c99c3f4608800eaed0feadceafebf3cf6bcc7be,844,conservative proxy: 10th calendar day of following month,exact peer <tr> fragments from official MOPS SII page
2026-05,https://mopsov.twse.com.tw/nas/t21/sii/t21sc03_115_5_0.html,data/raw/exogenous/mops_sii_peer_rows/peers_2026_05.html,2026-10-08T06:33:24.168190+00:00,f330c08bd31649f7a5c305585e60e87f388b25491f7f154c83ba10ff3e279ba3,844,conservative proxy: 10th calendar day of following month,exact peer <tr> fragments from official MOPS SII page
2026-06,https://mopsov.twse.com.tw/nas/t21/sii/t21sc03_115_6_0.html,data/raw/exogenous/mops_sii_peer_rows/peers_2026_06.html,2026-10-08T06:33:29.184275+00:00,17d465f50b22811a68f0fc4be3544a9f6ca6023d35cdf334fde6c30f2ea8dcca,844,conservative proxy: 10th calendar day of following month,exact peer <tr> fragments from official MOPS SII page
2026-07,https://mopsov.twse.com.tw/nas/t21/sii/t21sc03_115_7_0.html,data/raw/exogenous/mops_sii_peer_rows/peers_2026_07.html,2026-10-08T06:33:35.023185+00:00,666fb6fe4c03f1422309cd6cb1a25e746df5b2294fdc99de0792b56c190b654f,885,conservative proxy: 10th calendar day of following month,exact peer <tr> fragments from official MOPS SII page
2026-08,https://mopsov.twse.com.tw/nas/t21/sii/t21sc03_115_8_0.html,data/raw/exogenous/mops_sii_peer_rows/peers_2026_08.html,2026-10-08T06:33:39.394462+00:00,089434f9e70f21ee08b01aa81ec07027a930879b3e88a2c1553c0692bec866dc,885,conservative proxy: 10th calendar day of following month,exact peer <tr> fragments from official MOPS SII page
2026-09,https://mopsov.twse.com.tw/nas/t21/sii/t21sc03_115_9_0.html,data/raw/exogenous/mops_sii_peer_rows/peers_2026_09.html,2026-10-08T06:33:40.834131+00:00,960fca8536ddc7e56c075b1a087bb196571f943ee92bc075f165fabbf81f34b7,885,conservative proxy: 10th calendar day of following month,exact peer <tr> fragments from official MOPS SII page
