origin,forecast_month,model,features,forecast_bn_twd
2026-09-01,2026-10-01,HW_Damped_Add,revenue_only,6.409284427069665
2026-09-01,2026-11-01,HW_Damped_Add,revenue_only,6.801619701369838
2026-09-01,2026-12-01,HW_Damped_Add,revenue_only,7.073491492540579
2026-09-01,2027-01-01,HW_Damped_Add,revenue_only,7.396971359104222
2026-09-01,2027-02-01,HW_Damped_Add,revenue_only,7.4784568778326665
2026-09-01,2027-03-01,HW_Damped_Add,revenue_only,8.073439150371287
2026-09-01,2027-04-01,HW_Damped_Add,revenue_only,8.420897387940881
2026-09-01,2027-05-01,HW_Damped_Add,revenue_only,8.697942759316359
2026-09-01,2027-06-01,HW_Damped_Add,revenue_only,8.930592335364237
2026-09-01,2027-07-01,HW_Damped_Add,revenue_only,9.372086892263848
2026-09-01,2027-08-01,HW_Damped_Add,revenue_only,9.654430086395138
2026-09-01,2027-09-01,HW_Damped_Add,revenue_only,9.920769578839003
2026-09-01,2027-10-01,HW_Damped_Add,revenue_only,10.138313407874001
2026-09-01,2027-11-01,HW_Damped_Add,revenue_only,10.512003537270152
2026-09-01,2027-12-01,HW_Damped_Add,revenue_only,10.765323409261391
2026-09-01,2026-10-01,GradientBoosting,all,3.9944514100261057
2026-09-01,2026-11-01,GradientBoosting,all,3.9944514100261057
2026-09-01,2026-12-01,GradientBoosting,all,3.5102791972872174
2026-09-01,2027-01-01,GradientBoosting,all,3.529486248273671
2026-09-01,2027-02-01,GradientBoosting,all,3.2982505158679727
2026-09-01,2027-03-01,GradientBoosting,all,4.425395227672303
2026-09-01,2027-04-01,GradientBoosting,all,4.672706010121799
2026-09-01,2027-05-01,GradientBoosting,all,5.143563156765337
2026-09-01,2027-06-01,GradientBoosting,all,5.354024636059204
2026-09-01,2027-07-01,GradientBoosting,all,6.371187170006243
2026-09-01,2027-08-01,GradientBoosting,all,6.620803794159391
2026-09-01,2027-09-01,GradientBoosting,all,6.653344788663121
2026-09-01,2027-10-01,GradientBoosting,all,5.091660172520732
2026-09-01,2027-11-01,GradientBoosting,all,5.091660172520732
2026-09-01,2027-12-01,GradientBoosting,all,4.474493978921266
