stage,horizon_months,model,features,folds,mean_WAPE_pct,median_WAPE_pct,mean_MAE_bn_twd,mean_bias_pct,mean_abs_total_error_pct
holdout,1,HW_Damped_Add,revenue_only,11,7.938693169384851,7.589070362538813,0.2708955457723258,-6.242105942366113,7.938693169384851
holdout,1,Ridge,revenue_only,11,10.495762521169286,9.741155364753045,0.3645414059156721,-10.363628320906962,10.495762521169286
holdout,1,Ridge,revenue_plus_financials,11,11.71662024833625,11.991215347062536,0.4199400484283462,-11.71662024833625,11.71662024833625
holdout,1,GradientBoosting,revenue_only,11,13.232985341478068,12.59984964968497,0.47515878404310574,-12.684937378936867,13.232985341478068
holdout,1,GradientBoosting,revenue_plus_financials,11,13.391086630569777,12.533494430853798,0.4790980269127742,-12.823333923494216,13.391086630569777
validation,1,HW_Damped_Add,revenue_only,12,6.094502721450762,2.712321695700446,0.08060755352980208,4.482039112371347,6.094502721450762
validation,1,GradientBoosting,revenue_plus_financials,12,7.378761151545543,5.729360011969701,0.10146191274285449,1.550949709269224,7.378761151545543
validation,1,GradientBoosting,revenue_only,12,7.61633533414945,6.4774875367199005,0.10515787368171957,1.4470910772873546,7.61633533414945
validation,1,Ridge,revenue_only,12,8.846335878148876,6.721308956218232,0.12360467000475577,3.224255927149199,8.846335878148876
validation,1,Ridge,revenue_plus_financials,12,8.900499412351278,8.510727786180958,0.12715005061000864,1.6714823173641635,8.900499412351278
holdout,3,HW_Damped_Add,revenue_only,11,10.401170773176357,9.578446774406714,0.32592438022268616,-7.5791709045457045,8.833027225915508
holdout,3,Ridge,revenue_only,11,13.674641436779723,12.677126345631253,0.43024490197822735,-11.422336042669924,12.59969929497322
holdout,3,Ridge,revenue_plus_financials,11,15.922528566698526,14.60670256759665,0.5505103415219522,-13.821136343919095,14.425201334500663
holdout,3,GradientBoosting,revenue_only,11,16.033641098598363,15.587519227277271,0.5569162318905413,-14.733581788168372,15.066698125235513
holdout,3,GradientBoosting,revenue_plus_financials,11,16.7333673407401,15.780352158875598,0.5766750495403943,-15.63262487797205,15.63262487797205
validation,3,HW_Damped_Add,revenue_only,12,6.651283630325019,7.021692303743894,0.09948022444113498,1.313134697704977,6.038525277597027
validation,3,GradientBoosting,revenue_only,12,9.723680642154243,9.71805588777498,0.1496663539333555,0.13441057344719062,9.402792494577787
validation,3,GradientBoosting,revenue_plus_financials,12,10.147043215355042,9.978636858899826,0.15699647423179097,-0.1962115895022365,9.871001027652136
validation,3,Ridge,revenue_only,12,10.286773786269695,8.662825116882994,0.15167170026027793,2.5774353452771943,8.870208377990435
validation,3,Ridge,revenue_plus_financials,12,10.942078696196416,10.75976404361306,0.16610032128191446,-0.17589134015554478,10.429007115703122
holdout,6,HW_Damped_Add,revenue_only,10,15.073019599996737,15.176035367968371,0.47406711141834934,-12.997012143353734,14.1961190878154
holdout,6,Ridge,revenue_only,10,20.753082524255614,19.256116314279822,0.6582201040974703,-19.818835230738074,19.818835230738074
holdout,6,Ridge,revenue_plus_financials,10,22.313979761445932,22.102537100477512,0.6883819098470859,-21.623386827972148,21.623386827972148
holdout,6,GradientBoosting,revenue_only,10,24.407506667700755,22.825991497701718,0.7695982320256571,-24.105884270805824,24.105884270805824
holdout,6,GradientBoosting,revenue_plus_financials,10,24.44706631839966,24.518632048006502,0.7651723128031787,-24.139791742345928,24.139791742345928
validation,6,HW_Damped_Add,revenue_only,12,9.722259744477482,9.680643671147802,0.14794765342108676,2.0137544603939714,8.860183689341588
validation,6,GradientBoosting,revenue_plus_financials,12,14.304989292230852,15.1424640812375,0.21990369716294464,1.1296979475508546,13.684697576015516
validation,6,GradientBoosting,revenue_only,12,14.547677985387296,14.347827315752399,0.22162447476852085,2.2014100620131383,13.974388839265002
validation,6,Ridge,revenue_only,12,14.88204186361478,10.394671126460967,0.21654617686614044,5.893709577973813,12.834310591563268
validation,6,Ridge,revenue_plus_financials,12,15.016784281008048,12.777043789396668,0.22439583699907031,1.9525712938517754,13.8513686062798
holdout,12,HW_Damped_Add,revenue_only,8,21.643308587996685,22.731832699422128,0.634459625037672,-20.427295241542396,20.427295241542396
holdout,12,GradientBoosting,revenue_plus_financials,8,29.60016029625219,27.31526275143146,0.8485875416919898,-29.45774284159557,29.45774284159557
holdout,12,GradientBoosting,revenue_only,8,29.928003567062042,28.036141446164578,0.8570326147097808,-29.824443279369056,29.824443279369056
holdout,12,Ridge,revenue_only,8,31.768642045087088,26.54152874387443,0.9448303566682945,-31.380254108620434,31.380254108620434
holdout,12,Ridge,revenue_plus_financials,8,32.97620862682464,28.87559721616362,0.9535681338261027,-32.72775562890677,32.72775562890677
validation,12,HW_Damped_Add,revenue_only,12,15.16642701415318,15.959736781494918,0.23466308331913244,2.462708868863871,14.154669460303305
validation,12,GradientBoosting,revenue_plus_financials,12,17.619103892435728,16.684267647082585,0.2725349044211495,1.014214033871016,14.622207478616195
validation,12,GradientBoosting,revenue_only,12,18.12644745839027,16.29664173580078,0.27905047459541216,1.8795178594039417,15.176942584100331
validation,12,Ridge,revenue_plus_financials,12,18.265062310422213,17.24013499149235,0.2805185839430447,2.813708582294813,16.1614923909661
validation,12,Ridge,revenue_only,12,19.5495274767765,14.325044109055884,0.2889492150023074,9.217935848220804,16.457417061606048
