horizon_months,stage,best_model,best_features,best_WAPE_pct,best_enriched_model,best_enriched_features,best_enriched_WAPE_pct,hw_WAPE_pct,enriched_minus_hw_WAPE_pp
1,validation,HW_Damped_Add,revenue_only,6.094502721450762,Ridge,peer_fx,6.538248148823768,6.094502721450762,0.44374542737300615
1,holdout,HW_Damped_Add,revenue_only,7.938693169384852,Ridge,quarterly_expanded,10.36829220298162,7.938693169384852,2.4295990335967677
3,validation,HW_Damped_Add,revenue_only,6.651283630325019,Ridge,peer_fx,7.37768356901783,6.651283630325019,0.7263999386928113
3,holdout,HW_Damped_Add,revenue_only,10.401170773176355,Ridge,revenue_only,13.430750659533429,10.401170773176355,3.029579886357073
6,validation,HW_Damped_Add,revenue_only,9.722259744477483,Ridge,peer_fx,10.540535158675612,9.722259744477483,0.8182754141981281
6,holdout,HW_Damped_Add,revenue_only,15.073019599996735,Ridge,peer_fx,19.660286480187,15.073019599996735,4.587266880190265
12,validation,HW_Damped_Add,revenue_only,15.16642701415318,GradientBoosting,all,16.158535882732462,15.16642701415318,0.9921088685792814
12,holdout,HW_Damped_Add,revenue_only,21.643308587996685,Ridge,peer_fx,27.24040028073515,21.643308587996685,5.597091692738466
24,validation,GradientBoosting,all,21.3319002467832,GradientBoosting,all,21.3319002467832,22.88238226212769,-1.5504820153444925
24,holdout,HW_Damped_Add,revenue_only,32.13426051532747,Ridge,peer_fx,37.10239257522655,32.13426051532747,4.968132059899084
