date,SeasonalNaive,HW_Damped_Mul,HW_Damped_Add,HW_Log_Damped_Add,Ridge,GradientBoosting,RandomForest,selected_model,selected_revenue_bn_twd
2026-10-01,2.853997,6.052500032374423,6.409284427069665,6.043551834588982,6.290609086890151,5.5485700934463615,5.09367115675253,HW_Damped_Add,6.409284427069665
2026-11-01,3.024742,6.629201693365356,6.801619701369838,6.630824362264261,6.5990187836792344,5.563564565416368,5.028165055193742,HW_Damped_Add,6.801619701369838
2026-12-01,3.250133,6.720273834761776,7.073491492540579,6.750750878071914,6.824286696633062,5.463937281875898,4.975056743181538,HW_Damped_Add,7.073491492540579
2027-01-01,3.533279,7.0592519524191655,7.396971359104222,7.102013674313353,7.145812928914194,5.463937281875898,4.938216972399274,HW_Damped_Add,7.396971359104222
2027-02-01,2.740833,6.115390394460877,7.4784568778326665,6.353233149762191,6.981289061826174,5.473694825647678,4.8083061434896495,HW_Damped_Add,7.4784568778326665
2027-03-01,3.781706,7.689777499179326,8.073439150371287,8.050565320943493,8.077423372750925,5.5154917516369,4.87339654097447,HW_Damped_Add,8.073439150371287
2027-04-01,4.610166,8.363532638792726,8.420897387940881,8.433912266944946,8.860307125554314,5.388751033963683,4.798702162546392,HW_Damped_Add,8.420897387940881
2027-05-01,4.794425,8.476083608684501,8.697942759316359,8.66750917605655,9.186958306433686,4.881733088671654,4.674404653988762,HW_Damped_Add,8.697942759316359
2027-06-01,4.895221,8.443509869966764,8.930592335364237,8.559978570018929,9.654184692265877,4.863278951951753,4.630230820655189,HW_Damped_Add,8.930592335364237
2027-07-01,5.908074,9.588906561170344,9.372086892263848,9.57016250648683,10.598452806094555,4.873194763539323,4.630118344382897,HW_Damped_Add,9.372086892263848
2027-08-01,5.91454,9.578243519804312,9.654430086395138,10.015306632341119,10.782546019708464,4.848732033505578,4.62801303414053,HW_Damped_Add,9.654430086395138
2027-09-01,6.12557,9.722303470573241,9.920769578839003,10.166429934810314,11.250909778746395,4.8539139744545805,4.618826851971574,HW_Damped_Add,9.920769578839003
2027-10-01,2.853997,9.406356012306983,10.138313407874001,10.037558895420467,11.600285218651408,4.8076065281169695,4.611412222968113,HW_Damped_Add,10.138313407874001
2027-11-01,3.024742,10.118644481497771,10.512003537270152,10.985041459137006,12.0841948179077,4.786204355925846,4.619585218610833,HW_Damped_Add,10.512003537270152
2027-12-01,3.250133,10.088131553491298,10.765323409261391,11.155526869814857,12.650544255624814,4.772086312302483,4.617116645380977,HW_Damped_Add,10.765323409261391
2028-01-01,3.533279,10.434425744945285,11.07034411624143,11.706547163729775,13.424076735009367,4.65733190234309,4.6030657927757,HW_Damped_Add,11.07034411624143
2028-02-01,2.740833,8.910214294751977,11.133462771184188,10.446164768119973,13.650531828800805,4.649668588280484,4.597012280339974,HW_Damped_Add,11.133462771184188
2028-03-01,3.781706,11.054828794876444,11.71017001425605,13.204095178821994,15.324096329844838,4.656975700011996,4.6017798742215925,HW_Damped_Add,11.71017001425605
2028-04-01,4.610166,11.873562678078034,12.03944459750622,13.798660697621635,16.990318259043544,4.771721333317892,4.61093215240409,HW_Damped_Add,12.03944459750622
2028-05-01,4.794425,11.892748347497086,12.29839723283387,14.14598285946612,18.391970954104583,4.7795858076351845,4.6109321524040885,HW_Damped_Add,12.29839723283387
2028-06-01,4.895221,11.717009013023311,12.513044536514162,13.936310080348228,20.00112324190608,4.831441800600816,4.6250070170623445,HW_Damped_Add,12.513044536514162
2028-07-01,5.908074,13.16900099043921,12.936626832408024,15.543043415591825,22.26678372492472,4.845735445275425,4.630118344382896,HW_Damped_Add,12.936626832408024
2028-08-01,5.91454,13.026216737361873,13.201147326838594,16.2266143389462,23.86063069267166,4.873194763539323,4.628013034140532,HW_Damped_Add,13.201147326838594
2028-09-01,6.12557,13.100479517406743,13.44975323308024,16.431768872971166,25.739304453702275,4.8784028483176005,4.618826851971578,HW_Damped_Add,13.44975323308024
2028-10-01,2.853997,12.56442329411764,13.649652143844033,16.18457773682623,27.626725944803763,4.831861772538214,4.611412222968113,HW_Damped_Add,13.649652143844033
2028-11-01,3.024742,13.40438339422614,14.005785579560333,17.670042759027286,29.837521456443163,4.804635356058417,4.619585218610832,HW_Damped_Add,14.005785579560333
2028-12-01,3.250133,13.259383191889636,14.241636541340123,17.901680722705414,32.40706463973146,4.790462945833768,4.61711664538098,HW_Damped_Add,14.241636541340123
