year,growth_case,margin_case,growth_shock_pp,gross_margin_shock_pp,revenue_growth_pct,gross_margin_pct,prior_revenue_bn_twd,revenue_bn_twd,gross_profit_bn_twd,gross_margin_anchor_year
2027,Downside,Low,-20.0,-3.0,54.73135506527484,19.734804130554693,62.58820962098007,96.84358485763718,19.11189178466222,2025
2027,Downside,Base,-20.0,0.0,54.73135506527484,22.734804130554693,62.58820962098007,96.84358485763718,22.017199330391335,2025
2027,Downside,High,-20.0,3.0,54.73135506527484,25.734804130554693,62.58820962098007,96.84358485763718,24.92250687612045,2025
2027,Base,Low,0.0,-3.0,74.73135506527484,19.734804130554693,62.58820962098007,109.36122678183318,21.5822239001665,2025
2027,Base,Base,0.0,0.0,74.73135506527484,22.734804130554693,62.58820962098007,109.36122678183318,24.863060703621496,2025
2027,Base,High,0.0,3.0,74.73135506527484,25.734804130554693,62.58820962098007,109.36122678183318,28.14389750707649,2025
2027,Upside,Low,20.0,-3.0,94.73135506527484,19.734804130554693,62.58820962098007,121.8788687060292,24.05255601567078,2025
2027,Upside,Base,20.0,0.0,94.73135506527484,22.734804130554693,62.58820962098007,121.8788687060292,27.708922076851653,2025
2027,Upside,High,20.0,3.0,94.73135506527484,25.734804130554693,62.58820962098007,121.8788687060292,31.365288138032533,2025
2028,Downside,Low,-20.0,-3.0,19.21704191315689,19.734804130554693,109.36122678183318,130.37721956924062,25.72968891285286,2025
2028,Downside,Base,-20.0,0.0,19.21704191315689,22.734804130554693,109.36122678183318,130.37721956924062,29.641005499930078,2025
2028,Downside,High,-20.0,3.0,19.21704191315689,25.734804130554693,109.36122678183318,130.37721956924062,33.5523220870073,2025
2028,Base,Low,0.0,-3.0,39.21704191315689,19.734804130554693,109.36122678183318,152.24946492560727,30.04613369288616,2025
2028,Base,Base,0.0,0.0,39.21704191315689,22.734804130554693,109.36122678183318,152.24946492560727,34.61361764065438,2025
2028,Base,High,0.0,3.0,39.21704191315689,25.734804130554693,109.36122678183318,152.24946492560727,39.1811015884226,2025
2028,Upside,Low,20.0,-3.0,59.21704191315689,19.734804130554693,109.36122678183318,174.1217102819739,34.36257847291946,2025
2028,Upside,Base,20.0,0.0,59.21704191315689,22.734804130554693,109.36122678183318,174.1217102819739,39.58622978137868,2025
2028,Upside,High,20.0,3.0,59.21704191315689,25.734804130554693,109.36122678183318,174.1217102819739,44.80988108983789,2025
