origin,model,MAPE_pct,WAPE_pct,annual_total_error_pct
2020-12-01,SeasonalNaive,15.59945123096836,15.881108301948524,-14.622886130391866
2020-12-01,HW_Damped_Mul,18.731720990560717,19.054541286699124,-19.05454128669913
2020-12-01,HW_Damped_Add,18.34470534065316,18.703673914405265,-18.70367391440525
2020-12-01,HW_Log_Damped_Add,18.860512697797297,19.19041028193407,-19.190410281934057
2020-12-01,Ridge,10.794581832619015,11.092549277223599,-11.0925492772236
2020-12-01,GradientBoosting,15.364747002525045,15.82449500370378,-15.824495003703767
2020-12-01,RandomForest,15.559853819916537,15.975009688302325,-15.975009688302318
2021-03-01,SeasonalNaive,15.639062529927022,15.888512914730962,-14.92509155983367
2021-03-01,HW_Damped_Mul,8.068168911693482,8.280649537001585,-7.820823932771033
2021-03-01,HW_Damped_Add,7.171909073305029,7.335875446759012,-6.397970106189497
2021-03-01,HW_Log_Damped_Add,7.334002030525895,7.546487558477284,-6.935928357713486
2021-03-01,Ridge,9.915050259411878,9.977385270188261,-7.140452500619161
2021-03-01,GradientBoosting,15.119579716857071,15.50897854403451,-15.508978544034521
2021-03-01,RandomForest,14.724916261032659,15.061365062933675,-15.061365062933668
2021-06-01,SeasonalNaive,17.341952102579494,17.619327351247428,-11.338877211793443
2021-06-01,HW_Damped_Mul,12.760770249194827,12.157337073271506,12.157337073271522
2021-06-01,HW_Damped_Add,12.715083535363048,12.019053685634356,12.019053685634344
2021-06-01,HW_Log_Damped_Add,14.297284933391218,13.692786365175666,13.692786365175646
2021-06-01,Ridge,10.3642686022197,10.018380602950835,1.314497675163157
2021-06-01,GradientBoosting,10.738425372606734,11.098100370021484,-10.064842843991874
2021-06-01,RandomForest,11.639020636213644,11.936023942638412,-11.387933322423367
2021-09-01,SeasonalNaive,17.675498316606674,17.58233690106516,0.8203047546923803
2021-09-01,HW_Damped_Mul,14.39457317618319,13.695580693713088,13.605248540151177
2021-09-01,HW_Damped_Add,13.574695087588792,12.857099774891553,12.74249818774653
2021-09-01,HW_Log_Damped_Add,14.70514685882168,14.005375217384456,14.005375217384453
2021-09-01,Ridge,13.723373547074443,12.978924705638223,12.714586073399015
2021-09-01,GradientBoosting,9.409349311562787,9.779258424498934,-5.58471333205178
2021-09-01,RandomForest,11.297321558518627,10.609814801165422,10.138019473776613
2021-12-01,SeasonalNaive,18.65439035698309,17.977187035516426,14.399591644232853
2021-12-01,HW_Damped_Mul,23.144116910292603,22.360413262627148,22.36041326262713
2021-12-01,HW_Damped_Add,22.483845571680437,21.60758103734666,21.60758103734666
2021-12-01,HW_Log_Damped_Add,23.125364545532765,22.30160955514,22.30160955514
2021-12-01,Ridge,20.693015220113576,19.91280476061695,19.832543826985273
2021-12-01,GradientBoosting,15.361064983422326,14.7048214820273,14.679327389060651
2021-12-01,RandomForest,17.593646576057388,16.80036519556015,16.12231938941353
2022-03-01,SeasonalNaive,26.84262464392028,25.503729008611163,25.503729008611163
2022-03-01,HW_Damped_Mul,19.377544567276274,17.97234589059579,17.9723458905958
2022-03-01,HW_Damped_Add,20.38642091581653,18.889753857875537,18.889753857875515
2022-03-01,HW_Log_Damped_Add,20.294017859903178,18.788931607101027,18.788931607101027
2022-03-01,Ridge,26.93908200657201,25.353880618605107,25.3538806186051
2022-03-01,GradientBoosting,18.726006544890684,17.675815354941758,17.67581535494176
2022-03-01,RandomForest,17.63150221971675,16.87076402389526,16.87076402389526
2022-06-01,SeasonalNaive,30.256922430155054,29.50660695348247,29.50660695348248
2022-06-01,HW_Damped_Mul,16.155380926258125,14.997843174886336,14.997843174886352
2022-06-01,HW_Damped_Add,16.809700805266882,15.628350887234186,15.628350887234193
2022-06-01,HW_Log_Damped_Add,19.287976534186114,18.078037761984884,18.078037761984884
2022-06-01,Ridge,30.397398090101273,28.60961800664688,28.609618006646905
2022-06-01,GradientBoosting,17.382645401263183,16.2023941779275,16.11922739447719
2022-06-01,RandomForest,15.350239174972193,14.12384814894694,13.778496108055382
2022-09-01,SeasonalNaive,26.093356173693323,25.054169667440036,24.94090047167105
2022-09-01,HW_Damped_Mul,17.455945657059534,16.5881283458942,16.58812834589418
2022-09-01,HW_Damped_Add,17.153054976472312,16.291122675755645,16.29112267575564
2022-09-01,HW_Log_Damped_Add,16.59416942961249,15.740308200159161,15.740308200159145
2022-09-01,Ridge,34.967941906987036,34.01982425587369,34.0198242558737
2022-09-01,GradientBoosting,16.885394470811026,16.010789445097387,15.818144192732007
2022-09-01,RandomForest,16.273249447550906,15.382774133622018,15.382774133622004
2022-12-01,SeasonalNaive,20.445057659762398,18.939170388379186,15.436067471888915
2022-12-01,HW_Damped_Mul,10.542283529223635,10.181221362359588,2.3901389039018732
2022-12-01,HW_Damped_Add,10.401287629846328,10.031019980794554,2.525909643410142
2022-12-01,HW_Log_Damped_Add,10.571146286218102,10.125821361708956,3.507995351206322
2022-12-01,Ridge,29.39430123209818,28.9333455645774,28.93334556457743
2022-12-01,GradientBoosting,14.504387922448162,13.585589083354424,12.460819573284079
2022-12-01,RandomForest,14.97286945976345,14.020727205353317,13.01593097578235
2023-03-01,SeasonalNaive,15.55739982890275,15.36762253240286,1.8974269932314536
2023-03-01,HW_Damped_Mul,10.231803414532166,10.80890918190472,-8.074928157346488
2023-03-01,HW_Damped_Add,10.345967920085853,10.949472644470452,-8.582477275515698
2023-03-01,HW_Log_Damped_Add,9.838350114958612,10.42417844702736,-7.964245442041705
2023-03-01,Ridge,16.027683857051976,15.119522838541432,15.119522838541426
2023-03-01,GradientBoosting,7.299612232431055,6.9033758438751205,2.9007972076432065
2023-03-01,RandomForest,7.508885965480598,7.289503660894954,0.9946758757302033
2023-06-01,SeasonalNaive,17.172390099603142,18.654151832088132,-14.216268441418567
2023-06-01,HW_Damped_Mul,18.77793240473453,20.269968159359173,-20.26996815935917
2023-06-01,HW_Damped_Add,18.19330488590125,19.693528231351582,-19.6935282313516
2023-06-01,HW_Log_Damped_Add,17.682746843488502,19.231024828798617,-19.231024828798617
2023-06-01,Ridge,9.966050931712047,10.360206874882955,-6.412798720299885
2023-06-01,GradientBoosting,14.527002638532332,15.319752042756832,-13.522177831027966
2023-06-01,RandomForest,13.84056213004615,14.766853612630648,-12.681127988251864
2023-09-01,SeasonalNaive,24.178159551250502,26.36648803917413,-25.710406033740497
2023-09-01,HW_Damped_Mul,15.643577582724758,17.747440571972394,-16.689690884750792
2023-09-01,HW_Damped_Add,15.912018935491437,17.990592033319388,-16.774114021174604
2023-09-01,HW_Log_Damped_Add,16.3876280977711,18.587889348095153,-17.87546340937452
2023-09-01,Ridge,13.498126751481015,14.088927346392335,-9.28153148541035
2023-09-01,GradientBoosting,16.265031184601167,17.60138353015452,-13.372179138948553
2023-09-01,RandomForest,17.37175740317237,19.081518958999723,-15.924945689802167
2023-12-01,SeasonalNaive,30.15069438637898,31.23982264401483,-30.63764349619516
2023-12-01,HW_Damped_Mul,22.582081900067422,24.132340100885852,-23.394849361861315
2023-12-01,HW_Damped_Add,22.718659662081997,24.20474832923641,-23.278785412380408
2023-12-01,HW_Log_Damped_Add,22.392971109143588,23.922623438195767,-23.152556261384714
2023-12-01,Ridge,20.025419551529687,20.364503447229374,-17.300309595126652
2023-12-01,GradientBoosting,22.685860446864684,23.51777254633411,-20.720887926792912
2023-12-01,RandomForest,24.41758494949779,25.541330268003666,-23.14452625268463
2024-03-01,SeasonalNaive,32.873204851424866,32.88472837438296,-32.88472837438296
2024-03-01,HW_Damped_Mul,22.258729241619676,22.607446918063488,-22.60744691806348
2024-03-01,HW_Damped_Add,21.711194380196716,22.052143120312763,-22.052143120312763
2024-03-01,HW_Log_Damped_Add,22.93171085718082,23.25927485053198,-23.259274850531995
2024-03-01,Ridge,23.50225538730532,23.763769862435197,-23.763769862435204
2024-03-01,GradientBoosting,17.84902146426296,18.199849632121513,-18.199849632121502
2024-03-01,RandomForest,29.878633590133813,30.27977609791026,-30.27977609791026
2024-06-01,SeasonalNaive,28.242779459001717,28.192625635957334,-28.192625635957324
2024-06-01,HW_Damped_Mul,9.188929370970307,9.366648806689742,-9.366648806689737
2024-06-01,HW_Damped_Add,8.878908400402096,9.07980446431599,-9.079804464315982
2024-06-01,HW_Log_Damped_Add,7.94113293705947,8.135838274963081,-8.135838274963078
2024-06-01,Ridge,14.533384475738107,14.715091107372114,-14.715091107372091
2024-06-01,GradientBoosting,18.646618378084675,18.850987676116358,-18.85098767611634
2024-06-01,RandomForest,27.789632073933042,27.98073452290593,-27.98073452290592
2024-09-01,SeasonalNaive,23.436808197177182,23.072033621212057,-23.07203362121205
2024-09-01,HW_Damped_Mul,8.263302077822377,8.476192387101914,-1.8887298497814144
2024-09-01,HW_Damped_Add,8.136318372144762,8.298212122825205,-0.381587445874631
2024-09-01,HW_Log_Damped_Add,8.367817869770082,8.548065576978054,-1.5267437714957848
2024-09-01,Ridge,13.392928441445648,14.549166032572302,-13.963355563438013
2024-09-01,GradientBoosting,16.205998221187816,17.36689426951666,-17.36689426951665
2024-09-01,RandomForest,17.66948752040499,18.847470682714075,-18.847470682714075
2024-12-01,SeasonalNaive,23.59741647103776,23.971914091223706,-23.971914091223706
2024-12-01,HW_Damped_Mul,16.674040996312854,18.266794570582068,-17.913003309181676
2024-12-01,HW_Damped_Add,16.78642368321008,18.467910368349216,-18.32289790265684
2024-12-01,HW_Log_Damped_Add,15.647735032347503,17.122329172936702,-16.068731776395953
2024-12-01,Ridge,22.855497954779466,25.1313771777209,-25.131377177720886
2024-12-01,GradientBoosting,21.205910395408985,22.87510471917583,-22.87510471917583
2024-12-01,RandomForest,21.114383456504612,23.20186527469448,-23.15468422522563
2025-03-01,SeasonalNaive,24.85720954393342,26.52167546791337,-26.521675467913358
2025-03-01,HW_Damped_Mul,21.14777597806859,23.00092688465767,-21.97570246620015
2025-03-01,HW_Damped_Add,21.53159837658862,23.411522278531486,-22.671015566396076
2025-03-01,HW_Log_Damped_Add,21.142067940351026,22.922660311886112,-21.97990730565612
2025-03-01,Ridge,30.08044350290421,32.74146572100291,-32.26158267271945
2025-03-01,GradientBoosting,26.73958346148079,28.814282738604163,-28.814282738604145
2025-03-01,RandomForest,28.012680775512717,30.114029959257945,-30.114029959257937
2025-06-01,SeasonalNaive,34.08292619422533,37.21700079364816,-37.21700079364816
2025-06-01,HW_Damped_Mul,29.26807307157447,32.61267908411891,-32.612679084118916
2025-06-01,HW_Damped_Add,28.959878830424685,32.36166956282439,-32.361669562824396
2025-06-01,HW_Log_Damped_Add,28.205722664324746,31.537615418236324,-31.537615418236335
2025-06-01,Ridge,40.23827635217258,43.82546867263007,-43.82546867263007
2025-06-01,GradientBoosting,35.39059821445771,38.60768014279907,-38.60768014279907
2025-06-01,RandomForest,37.848659379526154,40.9460224476225,-40.9460224476225
2025-09-01,SeasonalNaive,43.42273521552193,46.48251502945033,-46.48251502945035
2025-09-01,HW_Damped_Mul,32.37653085033128,36.84838652096293,-36.84838652096295
2025-09-01,HW_Damped_Add,30.352352135287823,35.27045845757803,-35.27045845757803
2025-09-01,HW_Log_Damped_Add,31.21308356875387,35.714565835239696,-35.7145658352397
2025-09-01,Ridge,41.33635490400964,45.98969131015483,-45.98969131015483
2025-09-01,GradientBoosting,36.33480213121796,41.11431164202972,-41.114311642029726
2025-09-01,RandomForest,37.1588436045938,41.93246328819975,-41.932463288199756
