stage,horizon_months,model,revenue_only_WAPE_pct,revenue_plus_financial_WAPE_pct,financial_improvement_pp,HW_Damped_Add_WAPE_pct,financial_vs_HW_pp,financial_beats_same_model_revenue_only,financial_beats_HW
validation,1,Ridge,8.802640331170046,9.520257701529603,-0.717617370359557,6.094502721450762,3.4257549800788416,False,False
validation,1,GradientBoosting,7.672836319060047,7.1556960746307965,0.5171402444292506,6.094502721450762,1.0611933531800348,True,False
holdout,1,Ridge,10.41026430552983,10.36829220298162,0.041972102548211154,7.938693169384852,2.4295990335967677,True,False
holdout,1,GradientBoosting,12.765110480826904,13.351061157715332,-0.5859506768884284,7.938693169384852,5.41236798833048,False,False
validation,3,Ridge,10.292039570069372,8.954557819062886,1.3374817510064858,6.651283630325019,2.303274188737867,True,False
validation,3,GradientBoosting,9.724019445752672,9.932822586062397,-0.20880314030972436,6.651283630325019,3.2815389557373775,False,False
holdout,3,Ridge,13.430750659533429,15.1443230829774,-1.7135724234439706,10.401170773176355,4.743152309801044,False,False
holdout,3,GradientBoosting,15.7493106548266,16.0806916549748,-0.33138100014820004,10.401170773176355,5.679520881798444,False,False
validation,6,Ridge,14.951401985290495,11.832785730603348,3.118616254687147,9.722259744477483,2.1105259861258645,True,False
validation,6,GradientBoosting,14.550739420451544,13.321131406176136,1.2296080142754082,9.722259744477483,3.5988716616986522,True,False
holdout,6,Ridge,20.549780240738144,22.6596326226231,-2.1098523818849557,15.073019599996735,7.586613022626365,False,False
holdout,6,GradientBoosting,24.45482053819705,25.02615419246937,-0.5713336542723191,15.073019599996735,9.953134592472635,False,False
validation,12,Ridge,19.580270377434,16.678808375998745,2.901462001435256,15.16642701415318,1.5123813618455646,True,False
validation,12,GradientBoosting,18.26030039440249,16.30444452522912,1.9558558691733694,15.16642701415318,1.1380175110759385,True,False
holdout,12,Ridge,31.604779325659635,31.65936192412831,-0.05458259846867364,21.643308587996685,10.016053336131623,False,False
holdout,12,GradientBoosting,29.5801845983145,29.49023381255598,0.08995078575851778,21.643308587996685,7.846925224559296,True,False
validation,24,Ridge,21.88892518697754,24.658839453139937,-2.7699142661623952,22.88238226212769,1.7764571910122449,False,False
validation,24,GradientBoosting,22.111341451426984,21.414807056818088,0.6965343946088964,22.88238226212769,-1.467575205309604,True,True
holdout,24,Ridge,41.59859068817761,37.933506902651104,3.6650837855265053,32.13426051532747,5.799246387323635,True,False
holdout,24,GradientBoosting,43.18070028683343,41.44108324681315,1.7396170400202777,32.13426051532747,9.306822731485681,True,False
