test_year,model,forecast_months,mape_pct,wape_pct,total_error_pct,actual_total_bn_twd,forecast_total_bn_twd
2021,SeasonalNaive,12,15.59945123096836,15.881108301948524,-14.622886130391866,21.132039,18.041925
2021,HW_Damped,12,18.731720990560717,19.054541286699124,-19.05454128669913,21.132039,17.105425904023637
2021,Ridge,12,10.794581832619015,11.092549277223599,-11.0925492772236,21.132039,18.78795716064289
2021,GradientBoosting,12,15.364747002525045,15.82449500370378,-15.824495003703767,21.132039,17.788000544264268
2021,RandomForest,12,15.559853819916533,15.975009688302318,-15.975009688302318,21.132039,17.756193722414174
2022,SeasonalNaive,12,18.65439035698309,17.977187035516426,14.399591644232853,18.472128,21.132039
2022,HW_Damped,12,23.144116910292603,22.360413262627148,22.36041326262713,18.472128,22.60257215920146
2022,Ridge,12,20.693015220113576,19.91280476061695,19.832543826985273,18.472128,22.13562088137682
2022,GradientBoosting,12,15.361064983422326,14.7048214820273,14.679327389060651,18.472128,21.183712144846343
2022,RandomForest,12,17.593646576057377,16.800365195560147,16.12231938941353,18.472128,21.450263474181288
2023,SeasonalNaive,12,20.445057659762398,18.939170388379186,15.436067471888915,16.002042,18.472128
2023,HW_Damped,12,10.542283529223635,10.181221362359588,2.3901389039018732,16.002042,16.384513031260717
2023,Ridge,12,29.39430123209818,28.9333455645774,28.93334556457743,16.002042,20.631968109248817
2023,GradientBoosting,12,14.504387922448162,13.585589083354424,12.460819573284079,16.002042,17.99602758166114
2023,RandomForest,12,14.97286945976345,14.020727205353317,13.01593097578235,16.002042,18.0848567414357
2024,SeasonalNaive,12,30.15069438637898,31.23982264401483,-30.63764349619516,23.070211,16.002042
2024,HW_Damped,12,22.582081900067422,24.132340100885852,-23.394849361861315,23.070211,17.672969889086442
2024,Ridge,12,20.025419551529687,20.364503447229374,-17.300309595126652,23.070211,19.078993072751036
2024,GradientBoosting,12,22.685860446864684,23.51777254633411,-20.720887926792912,23.070211,18.28985843421535
2024,RandomForest,12,24.417584949497787,25.54133026800367,-23.14452625268463,23.070211,17.730719958555262
2025,SeasonalNaive,12,23.59741647103776,23.971914091223706,-23.971914091223706,30.344327,23.070211
2025,HW_Damped,12,16.674040996312854,18.266794570582068,-17.913003309181676,30.344327,24.90874670034109
2025,Ridge,12,22.855497954779466,25.1313771777209,-25.131377177720886,30.344327,22.718379729589003
2025,GradientBoosting,12,21.205910395408985,22.87510471917583,-22.87510471917583,30.344327,23.403030422420855
2025,RandomForest,12,21.114383456504616,23.20186527469448,-23.15468422522563,30.344327,23.318193902880118
2026,SeasonalNaive,9,47.67483140166131,49.849781866003866,-49.849781866003845,42.30381399999999,21.215455
2026,HW_Damped,9,23.174042792452287,25.93694724882839,-25.153182575732913,42.30381399999999,31.66305842808153
2026,Ridge,9,33.44483550687223,36.7514026939735,-35.55504519697351,42.30381399999999,27.262673812256388
2026,GradientBoosting,9,35.50537829448182,39.26770706222884,-38.79930033502983,42.30381399999999,25.890230152967597
2026,RandomForest,9,36.735270924027,40.52305289490368,-40.30075259187601,42.30381399999999,25.255058582932588
