path,source_url,captured_at_utc,sha256,size_bytes
data/raw/investor_presentations/TUC 2021Q4 法說會 (中文).pdf,https://www.tuc.com.tw/zh-tw/corporate/id/133,2026-10-06T02:52:27.714493+00:00,b0ecf6595dce5ccbbef49bddf8c5c4fc9fcd1232eada6c613dad38683579a782,773639
data/raw/investor_presentations/TUC 2022Q1 法說會 (中文).pptx,https://www.tuc.com.tw/zh-tw/corporate/id/133,2026-10-06T02:52:27.714493+00:00,1da000a46e4eac9a518eb21dd6c7f659eb284a563b02a02076d4601a69c2d309,436009
data/raw/investor_presentations/TUC 2022Q2 法說會 (中文).pptx,https://www.tuc.com.tw/zh-tw/corporate/id/133,2026-10-06T02:52:27.714493+00:00,a5483395b046311729b5fe0cd0dc51533c4bac9b20ba17affd85f41e3bb5360c,505526
data/raw/investor_presentations/TUC 2022Q4 法說會 (中文).pdf,https://www.tuc.com.tw/zh-tw/corporate/id/133,2026-10-06T02:52:27.714493+00:00,23292f13e1675c696b48bf5e96bd589a3c0fd5b6468e5c820fb0f6a9cb88e348,741018
data/raw/investor_presentations/TUC 2023Q1 法說會 (中文).pdf,https://www.tuc.com.tw/zh-tw/corporate/id/133,2026-10-06T02:52:27.714493+00:00,5a3efa0ff7024157820c0dead9e4d728686b2d872d7461fa9bf1755d73f9d5ca,764535
data/raw/investor_presentations/TUC 2023Q2 法說會 (中文).pdf,https://www.tuc.com.tw/zh-tw/corporate/id/133,2026-10-06T02:52:27.714493+00:00,b947a89b316084adc232d08492aa354bbd555a7d5ba7373890bc09f957b8e682,757254
data/raw/investor_presentations/TUC 2023Q3 法說會 (中文).pdf,https://www.tuc.com.tw/zh-tw/corporate/id/133,2026-10-06T02:52:27.714493+00:00,208d5d0099c6a32ce67f620e550332bc2cb848dd24a91b89207fca945eeacc46,689807
data/raw/investor_presentations/tuc 2023Q4 法說會 (中文).pdf,https://www.tuc.com.tw/zh-tw/corporate/id/133,2026-10-06T02:52:27.714493+00:00,8112cf76efe52d35f43063722fe95860e9c4c5c17da3c3384433cf74e0fdc9ec,711695
data/raw/investor_presentations/TUC 2024Q1 法說會 (中文).pdf,https://www.tuc.com.tw/zh-tw/corporate/id/133,2026-10-06T02:52:27.714493+00:00,f5f9b3db89180d8b0109841ad63db623d8dc317124d937f4ee306463cce2c0a0,698008
data/raw/investor_presentations/TUC 2024Q2 法說會 (中文).pdf,https://www.tuc.com.tw/zh-tw/corporate/id/133,2026-10-06T02:52:27.714493+00:00,06341b0ab5813ccdc5e9dd5d528319c195693b9738fe5d0f1cbabbd2655ba041,716511
data/raw/investor_presentations/TUC 2024Q3 法說會 (中文).pdf,https://www.tuc.com.tw/zh-tw/corporate/id/133,2026-10-06T02:52:27.714493+00:00,c2def4997aa49311bc23c9d346169491fb467b9cca6820ef9166ab6e244bd17a,724288
data/raw/investor_presentations/TUC 2024Q4 法說會 (中文).pptx,https://www.tuc.com.tw/zh-tw/corporate/id/133,2026-10-06T02:52:27.714493+00:00,65142ca5d22ea0007e7038f74295f35d2d0b250217b6953379624d29b8c04d9e,435668
data/raw/investor_presentations/TUC 2025Q1 法說會 (中文).pdf,https://www.tuc.com.tw/zh-tw/corporate/id/133,2026-10-06T02:52:27.714493+00:00,b27bd31349eed2a10b2b72b417794f3651bf0eb24d175422c70be3a8027c9052,712393
data/raw/investor_presentations/TUC 2025Q2 法說會 (中文).pptx,https://www.tuc.com.tw/zh-tw/corporate/id/133,2026-10-06T02:52:27.714493+00:00,499ec4c2b63980bcf7166e3e90a6c32461f4325a3180dea20e1114d4a53effe5,324462
data/raw/investor_presentations/TUC 2025Q3 法說會 (中文).pptx,https://www.tuc.com.tw/zh-tw/corporate/id/133,2026-10-06T02:52:27.714493+00:00,8bfc2e884355fbbd18f178db34f12b12055bf3a903e44b4e6a3ce37ec1ccb188,311955
data/raw/investor_presentations/TUC 2025Q4 法說會 (中文) F.pdf,https://www.tuc.com.tw/zh-tw/corporate/id/133,2026-10-06T02:52:27.714493+00:00,02b5ace83d031e4240f7c475e08e3fe597ca1526990fc9717487813c0c3966e8,907982
data/raw/investor_presentations/TUC 2026Q1 法說會 (中文).pdf,https://www.tuc.com.tw/zh-tw/corporate/id/133,2026-10-06T02:52:27.714493+00:00,0103b26478e5a2de1dfadbd42a0c85a5a7168c6326cdca7364db5db617160adf,640652
data/raw/investor_presentations/TUC 2026Q2 法說會 (中文) .pptx,https://www.tuc.com.tw/zh-tw/corporate/id/133,2026-10-06T02:52:27.714493+00:00,a4e6277fb930d371af8205aa5df6b67af80fc894066402aae7b95b33048e2321,2883998
data/raw/investor_presentations/tuc2022Q3 法說會 (中文).pdf,https://www.tuc.com.tw/zh-tw/corporate/id/133,2026-10-06T02:52:27.714493+00:00,2a136e69883b309f4f961ff7f161dcdd6b14bad2e5b58797b2524675cbd85d52,765134
data/raw/investor_presentations/台燿合併財報2022-2025Q3.zip,https://www.tuc.com.tw/zh-tw/corporate/id/133,2026-10-06T02:52:27.714493+00:00,e88e122fd3aa4bdfbe9509ab858226646d9ca9db136a0ad19ac4d3ba788bbc1e,18953541
data/raw/moneydj_6274_revenue.html,https://5850web.moneydj.com/z/zc/zch/zch_6274.djhtm,2026-10-06T02:52:27.714493+00:00,ec490e148762e91545eaefd0c8bcfbaec5d4977b347d6b0be783828a574fce03,17572
data/raw/mops_monthly/t21sc03_100_10_0.html,https://mopsov.twse.com.tw/nas/t21/otc/t21sc03_100_10_0.html,2026-10-06T02:52:27.714493+00:00,1acdca6c2557af28d09a1e324ac3f5d9cd5a45e0ab800d928e9cc9d0f4ab55ea,443046
data/raw/mops_monthly/t21sc03_100_11_0.html,https://mopsov.twse.com.tw/nas/t21/otc/t21sc03_100_11_0.html,2026-10-06T02:52:27.714493+00:00,d9b67a4eebb27380e85ac85f5875f4c89741ab668cdeafb972e06af12b8e8470,444000
data/raw/mops_monthly/t21sc03_100_12_0.html,https://mopsov.twse.com.tw/nas/t21/otc/t21sc03_100_12_0.html,2026-10-06T02:52:27.714493+00:00,526efe87968390666abd2b03e14eae717b56907775a0a1e7d4df5cb07520e404,443954
data/raw/mops_monthly/t21sc03_100_1_0.html,https://mopsov.twse.com.tw/nas/t21/otc/t21sc03_100_1_0.html,2026-10-06T02:52:27.714493+00:00,6f391631faa8892f70410997dc8e611f9a6b36ccb7fdea8637ade29d396e7985,436480
data/raw/mops_monthly/t21sc03_100_2_0.html,https://mopsov.twse.com.tw/nas/t21/otc/t21sc03_100_2_0.html,2026-10-06T02:52:27.714493+00:00,dd6dd2592208897e433ffd325481f3d6750ac31d10ecb78ed0b902536762c643,436684
data/raw/mops_monthly/t21sc03_100_3_0.html,https://mopsov.twse.com.tw/nas/t21/otc/t21sc03_100_3_0.html,2026-10-06T02:52:27.714493+00:00,d19242ae9ccc6e6cb37890834d3987f3b5fed9ea2c722e48949772666a95a639,437328
data/raw/mops_monthly/t21sc03_100_4_0.html,https://mopsov.twse.com.tw/nas/t21/otc/t21sc03_100_4_0.html,2026-10-06T02:52:27.714493+00:00,5618b578f2af51ce4bfb12c17b236df4c245d134cfb7f7803a04430da99bef94,438096
data/raw/mops_monthly/t21sc03_100_5_0.html,https://mopsov.twse.com.tw/nas/t21/otc/t21sc03_100_5_0.html,2026-10-06T02:52:27.714493+00:00,a68fd219667d8d57beb21b1e08f406b3d06c343ef94b5ef8658bfe4567bb2573,438864
data/raw/mops_monthly/t21sc03_100_6_0.html,https://mopsov.twse.com.tw/nas/t21/otc/t21sc03_100_6_0.html,2026-10-06T02:52:27.714493+00:00,84c13a70bfa4f9b20bb11971b66fc3b4b95f605e6615f38e62a9114a803672e6,439292
data/raw/mops_monthly/t21sc03_100_7_0.html,https://mopsov.twse.com.tw/nas/t21/otc/t21sc03_100_7_0.html,2026-10-06T02:52:27.714493+00:00,c9b3db2608f7c97a531b5d5898b9484e50b02a8f015249b2b4905e4b0f110808,440284
data/raw/mops_monthly/t21sc03_100_8_0.html,https://mopsov.twse.com.tw/nas/t21/otc/t21sc03_100_8_0.html,2026-10-06T02:52:27.714493+00:00,2b7e0d2f1f3fa5c3894d2702b5ad9885c08ef2077cc347dc3da1a9ef05380caa,441002
data/raw/mops_monthly/t21sc03_100_9_0.html,https://mopsov.twse.com.tw/nas/t21/otc/t21sc03_100_9_0.html,2026-10-06T02:52:27.714493+00:00,6818b6a1299818c9d6bf687298e41f338fce96a53c97de73085e2b63216a9bc1,441158
data/raw/mops_monthly/t21sc03_101_10_0.html,https://mopsov.twse.com.tw/nas/t21/otc/t21sc03_101_10_0.html,2026-10-06T02:52:27.714493+00:00,cb58df867a0111601db6aad6a78883a72fa105b26b0f40fc8b142afa906b4c85,81920
data/raw/mops_monthly/t21sc03_101_11_0.html,https://mopsov.twse.com.tw/nas/t21/otc/t21sc03_101_11_0.html,2026-10-06T02:52:27.714493+00:00,136d024db4a7c3ef6b594ae0b677a42334e77d93385b51b2c7d0cc4c8af6e8d2,279510
data/raw/mops_monthly/t21sc03_101_12_0.html,https://mopsov.twse.com.tw/nas/t21/otc/t21sc03_101_12_0.html,2026-10-06T02:52:27.714493+00:00,806cc88c83b89436141c444d462f328c78fdc53e1eae83846df5226fc85393e1,280181
data/raw/mops_monthly/t21sc03_101_1_0.html,https://mopsov.twse.com.tw/nas/t21/otc/t21sc03_101_1_0.html,2026-10-06T02:52:27.714493+00:00,41db8c779533d0900f8b786ff01f4865d37f2d0234b016ed204cf01c2cac2572,274466
data/raw/mops_monthly/t21sc03_101_2_0.html,https://mopsov.twse.com.tw/nas/t21/otc/t21sc03_101_2_0.html,2026-10-06T02:52:27.714493+00:00,38ab3dc3f76ab200fa933d007fc3b91787cafdf7b54a6c590a0c35aa94140c1c,274517
data/raw/mops_monthly/t21sc03_101_3_0.html,https://mopsov.twse.com.tw/nas/t21/otc/t21sc03_101_3_0.html,2026-10-06T02:52:27.714493+00:00,b6024bfe503b083efbae442db7c6f7d1344c224d647d65f5212aa38d748af027,274591
data/raw/mops_monthly/t21sc03_101_4_0.html,https://mopsov.twse.com.tw/nas/t21/otc/t21sc03_101_4_0.html,2026-10-06T02:52:27.714493+00:00,46f9463e426f04571657c92a6e1f25381ba9ef6c4554c857f1ef28eda0f38586,275332
data/raw/mops_monthly/t21sc03_101_5_0.html,https://mopsov.twse.com.tw/nas/t21/otc/t21sc03_101_5_0.html,2026-10-06T02:52:27.714493+00:00,a787c5f56b033be8fa66c7bfd1b955677a269e932057bbbb0747710280aa2aa2,276449
data/raw/mops_monthly/t21sc03_101_6_0.html,https://mopsov.twse.com.tw/nas/t21/otc/t21sc03_101_6_0.html,2026-10-06T02:52:27.714493+00:00,15c2f12f1d6153355c91296e3d3f5119cd9b3059992305db2ebc4f1d82378006,276472
data/raw/mops_monthly/t21sc03_101_7_0.html,https://mopsov.twse.com.tw/nas/t21/otc/t21sc03_101_7_0.html,2026-10-06T02:52:27.714493+00:00,2e8730e6fa8e7721cc310cbe8fb83ee3831a548a3b545f73bbc0baf7da55721f,276426
data/raw/mops_monthly/t21sc03_101_8_0.html,https://mopsov.twse.com.tw/nas/t21/otc/t21sc03_101_8_0.html,2026-10-06T02:52:27.714493+00:00,50fd650f5ff80863df9ece845c77a78b37e6d28d19e5afdbb793397b922738ba,277551
data/raw/mops_monthly/t21sc03_101_9_0.html,https://mopsov.twse.com.tw/nas/t21/otc/t21sc03_101_9_0.html,2026-10-06T02:52:27.714493+00:00,a6065fbda327f252ca614738ff779dd85a669e441bb98cc083375017b5255626,278987
data/raw/mops_monthly/t21sc03_102_10_0.html,https://mopsov.twse.com.tw/nas/t21/otc/t21sc03_102_10_0.html,2026-10-06T02:52:27.714493+00:00,640559de0e8c6995080ef0e78b03c6eb190c1b0952a3c5cdae494347dfa0ec31,286106
data/raw/mops_monthly/t21sc03_102_11_0.html,https://mopsov.twse.com.tw/nas/t21/otc/t21sc03_102_11_0.html,2026-10-06T02:52:27.714493+00:00,ef1c605e08b8a9158e923598d9e7e06f67b98884a8d0159e2ed4100d983ca7ff,287732
data/raw/mops_monthly/t21sc03_102_12_0.html,https://mopsov.twse.com.tw/nas/t21/otc/t21sc03_102_12_0.html,2026-10-06T02:52:27.714493+00:00,600b825b7a50ba081abb8dc0435bc9d63b56ba7184b4f4a5d40a3b75b42a433f,287746
data/raw/mops_monthly/t21sc03_102_1_0.html,https://mopsov.twse.com.tw/nas/t21/otc/t21sc03_102_1_0.html,2026-10-06T02:52:27.714493+00:00,ac679242995cc3fe2350ffbbb174781e7cd9205115e68860f7222befa369071a,259219
data/raw/mops_monthly/t21sc03_102_2_0.html,https://mopsov.twse.com.tw/nas/t21/otc/t21sc03_102_2_0.html,2026-10-06T02:52:27.714493+00:00,a82ffa9881eb724346fe77f667725ee7d0468c61adfb98037e1e200e583025ab,281792
data/raw/mops_monthly/t21sc03_102_3_0.html,https://mopsov.twse.com.tw/nas/t21/otc/t21sc03_102_3_0.html,2026-10-06T02:52:27.714493+00:00,0453ac1101c55d45b124b2209e94ce12de578a0005b553af67b3f0a640fad77e,282404
data/raw/mops_monthly/t21sc03_102_4_0.html,https://mopsov.twse.com.tw/nas/t21/otc/t21sc03_102_4_0.html,2026-10-06T02:52:27.714493+00:00,3c3c3da832e6e0e5a2246b6c274390e7dd23d12583e0319d8b544f4c3288680f,282744
data/raw/mops_monthly/t21sc03_102_5_0.html,https://mopsov.twse.com.tw/nas/t21/otc/t21sc03_102_5_0.html,2026-10-06T02:52:27.714493+00:00,edf55932dfbe8a632dba3197d608d4e6ec6c5de2f7b07cee18f134300a45d24b,282765
data/raw/mops_monthly/t21sc03_102_6_0.html,https://mopsov.twse.com.tw/nas/t21/otc/t21sc03_102_6_0.html,2026-10-06T02:52:27.714493+00:00,21f0a7e0ef543e71522bf01b49d9f6e0508b78723c743570fae6fab70d395b70,283239
data/raw/mops_monthly/t21sc03_102_7_0.html,https://mopsov.twse.com.tw/nas/t21/otc/t21sc03_102_7_0.html,2026-10-06T02:52:27.714493+00:00,71c06a08a2f59a545f56611839e7d7741b0ad9c2742cc2c493319bc381fc4de6,283912
data/raw/mops_monthly/t21sc03_102_8_0.html,https://mopsov.twse.com.tw/nas/t21/otc/t21sc03_102_8_0.html,2026-10-06T02:52:27.714493+00:00,0df24ff9af331bc3f3a36a25de4fc96d5f782329cc4ef56bbcd36c7f18f49e0e,284028
data/raw/mops_monthly/t21sc03_102_9_0.html,https://mopsov.twse.com.tw/nas/t21/otc/t21sc03_102_9_0.html,2026-10-06T02:52:27.714493+00:00,e20e1452e7bd46fdcd85b42105e7962cd4c46244c25198fe1ffad65459ed92d1,284832
data/raw/mops_monthly/t21sc03_103_10_0.html,https://mopsov.twse.com.tw/nas/t21/otc/t21sc03_103_10_0.html,2026-10-06T02:52:27.714493+00:00,fbf86f7f396e19e4eddb946896d633ffd325e3c94699e0f92db2d787277761ca,297071
data/raw/mops_monthly/t21sc03_103_11_0.html,https://mopsov.twse.com.tw/nas/t21/otc/t21sc03_103_11_0.html,2026-10-06T02:52:27.714493+00:00,0f64855c5d1a473dd2eb54dac71f6dc33cec083205cde4d1127bf55fe2d11cbb,297257
data/raw/mops_monthly/t21sc03_103_12_0.html,https://mopsov.twse.com.tw/nas/t21/otc/t21sc03_103_12_0.html,2026-10-06T02:52:27.714493+00:00,edbdab3b63791f8a752acc37a3b06c13736df1af16fb4d5898f5176fffabff0e,299303
data/raw/mops_monthly/t21sc03_103_1_0.html,https://mopsov.twse.com.tw/nas/t21/otc/t21sc03_103_1_0.html,2026-10-06T02:52:27.714493+00:00,c5e1831ef5ba2c5bce9d57af86bd65bcc1fb3b06ac93391fb72d83ec0ab10549,289085
data/raw/mops_monthly/t21sc03_103_2_0.html,https://mopsov.twse.com.tw/nas/t21/otc/t21sc03_103_2_0.html,2026-10-06T02:52:27.714493+00:00,6f4c15399414f708345e4ee7ebd406d9535f288199660771d55e67eeb025d267,289715
data/raw/mops_monthly/t21sc03_103_3_0.html,https://mopsov.twse.com.tw/nas/t21/otc/t21sc03_103_3_0.html,2026-10-06T02:52:27.714493+00:00,14bf906a80a1d003d0c8032ef0674fe3eaafc4156ed0cd1f06e6fed137b439d7,289600
data/raw/mops_monthly/t21sc03_103_4_0.html,https://mopsov.twse.com.tw/nas/t21/otc/t21sc03_103_4_0.html,2026-10-06T02:52:27.714493+00:00,2a9d2d742b07c60c5ce181947c745ce50f0b9726112dce2e9f2cc66a3a203b3c,290457
data/raw/mops_monthly/t21sc03_103_5_0.html,https://mopsov.twse.com.tw/nas/t21/otc/t21sc03_103_5_0.html,2026-10-06T02:52:27.714493+00:00,653be103f50dd43de27f74b2c920a71eab67aebabcb5a7ebb399fbb845f6c14e,290494
data/raw/mops_monthly/t21sc03_103_6_0.html,https://mopsov.twse.com.tw/nas/t21/otc/t21sc03_103_6_0.html,2026-10-06T02:52:27.714493+00:00,1912edefe54740438f09e305235b196288abbb2fc3c23f61da2665eeb68e62ed,291342
data/raw/mops_monthly/t21sc03_103_7_0.html,https://mopsov.twse.com.tw/nas/t21/otc/t21sc03_103_7_0.html,2026-10-06T02:52:27.714493+00:00,d8f9e09768c0b9add6bfbf49a0528afffdf207bc476705cbfdf43855d23e2555,291709
data/raw/mops_monthly/t21sc03_103_8_0.html,https://mopsov.twse.com.tw/nas/t21/otc/t21sc03_103_8_0.html,2026-10-06T02:52:27.714493+00:00,94057f5f47617ca9a2f189f17ce9f8f844edebe9b4aedb03b56062c2efcf17ec,293262
data/raw/mops_monthly/t21sc03_103_9_0.html,https://mopsov.twse.com.tw/nas/t21/otc/t21sc03_103_9_0.html,2026-10-06T02:52:27.714493+00:00,022f9815e5dbda5983c31d948081a12e62da9219296294c4f38c4b89fc2eb8b8,295776
data/raw/mops_monthly/t21sc03_104_10_0.html,https://mopsov.twse.com.tw/nas/t21/otc/t21sc03_104_10_0.html,2026-10-06T02:52:27.714493+00:00,4806a6c3c2a58ebbf57009e809a34fb64938a97c038ad92dce63ee6ad15d58aa,317715
data/raw/mops_monthly/t21sc03_104_11_0.html,https://mopsov.twse.com.tw/nas/t21/otc/t21sc03_104_11_0.html,2026-10-06T02:52:27.714493+00:00,1949b3c5a204441b140791781a34ce8686e5e3bb2797dfd4cf56792026be5b83,318467
data/raw/mops_monthly/t21sc03_104_12_0.html,https://mopsov.twse.com.tw/nas/t21/otc/t21sc03_104_12_0.html,2026-10-06T02:52:27.714493+00:00,37492340fccece75d1e15e9f8ae175cf2ad3f4c878caa9eb0427401ee9fc0494,320767
data/raw/mops_monthly/t21sc03_104_1_0.html,https://mopsov.twse.com.tw/nas/t21/otc/t21sc03_104_1_0.html,2026-10-06T02:52:27.714493+00:00,95c6014d091debb1cae07bd0ff0bac1c71b51d6ad7286aeca1cb5b14ceca3409,303592
data/raw/mops_monthly/t21sc03_104_2_0.html,https://mopsov.twse.com.tw/nas/t21/otc/t21sc03_104_2_0.html,2026-10-06T02:52:27.714493+00:00,aa89a093ef075c367acc8988c533112972b4627bb196af16ee55de5e07dc254c,303822
data/raw/mops_monthly/t21sc03_104_3_0.html,https://mopsov.twse.com.tw/nas/t21/otc/t21sc03_104_3_0.html,2026-10-06T02:52:27.714493+00:00,d0bae7173f0340b01c2ffb0307a9e4ed604a5e9f8162626b9c72df5d527e4cc0,304674
data/raw/mops_monthly/t21sc03_104_4_0.html,https://mopsov.twse.com.tw/nas/t21/otc/t21sc03_104_4_0.html,2026-10-06T02:52:27.714493+00:00,4f1c1e69e4edb48a66e5a5f326f9aed5b5edfe8814a0044339d85dbdfd26bb19,305327
data/raw/mops_monthly/t21sc03_104_5_0.html,https://mopsov.twse.com.tw/nas/t21/otc/t21sc03_104_5_0.html,2026-10-06T02:52:27.714493+00:00,79a30119085b1447c853dcc0c58455434cd097ae7c4a5db37045e13fe7741aaa,307057
data/raw/mops_monthly/t21sc03_104_6_0.html,https://mopsov.twse.com.tw/nas/t21/otc/t21sc03_104_6_0.html,2026-10-06T02:52:27.714493+00:00,a5d5717f175f07919c5a2669d7fb569006b331ca750946a8918080b19d7d2ef3,315053
data/raw/mops_monthly/t21sc03_104_7_0.html,https://mopsov.twse.com.tw/nas/t21/otc/t21sc03_104_7_0.html,2026-10-06T02:52:27.714493+00:00,58d8fe15e2ebe8bd262afa1f2753c471bf619fb99e2a0839a122a88b7fec94da,315723
data/raw/mops_monthly/t21sc03_104_8_0.html,https://mopsov.twse.com.tw/nas/t21/otc/t21sc03_104_8_0.html,2026-10-06T02:52:27.714493+00:00,4b4bf851d51968d1fc53f3611eb09ed8729f65a822a98ddf5a5b1522e3f76ffe,316553
data/raw/mops_monthly/t21sc03_104_9_0.html,https://mopsov.twse.com.tw/nas/t21/otc/t21sc03_104_9_0.html,2026-10-06T02:52:27.714493+00:00,5f4b6a32071dafee186369228759fab0968f7ee851968bdc325a08d0b136801d,316464
data/raw/mops_monthly/t21sc03_105_10_0.html,https://mopsov.twse.com.tw/nas/t21/otc/t21sc03_105_10_0.html,2026-10-06T02:52:27.714493+00:00,d06608fbb441b4e6ce8a02d52dc38a55eb94546a3fd35aa9f39f4c9d270bc541,324685
data/raw/mops_monthly/t21sc03_105_11_0.html,https://mopsov.twse.com.tw/nas/t21/otc/t21sc03_105_11_0.html,2026-10-06T02:52:27.714493+00:00,bea52e4ef912bf2ee8782a2c38e032f9982c0d6cbf8194a862f0c0cc7e0af7d1,325087
data/raw/mops_monthly/t21sc03_105_12_0.html,https://mopsov.twse.com.tw/nas/t21/otc/t21sc03_105_12_0.html,2026-10-06T02:52:27.714493+00:00,6500ec3bc7e2feb75d096e7e0a8519772c1bf537ffa4e388ea5b620714d1501d,326346
data/raw/mops_monthly/t21sc03_105_1_0.html,https://mopsov.twse.com.tw/nas/t21/otc/t21sc03_105_1_0.html,2026-10-06T02:52:27.714493+00:00,b50c7955f1d9c6534f97dec99f25692964b1b0f6a3b7cb2c79da78d4f63092b2,319568
data/raw/mops_monthly/t21sc03_105_2_0.html,https://mopsov.twse.com.tw/nas/t21/otc/t21sc03_105_2_0.html,2026-10-06T02:52:27.714493+00:00,ae8f227636aa7be615e10845fb2be24b34729d48e38ea2e73331c438e46d3f54,321113
data/raw/mops_monthly/t21sc03_105_3_0.html,https://mopsov.twse.com.tw/nas/t21/otc/t21sc03_105_3_0.html,2026-10-06T02:52:27.714493+00:00,1f0035c9fc29745b695da6d88a6d8aa73fcb720aca0f72fddd32d688ade5f8a3,320904
data/raw/mops_monthly/t21sc03_105_4_0.html,https://mopsov.twse.com.tw/nas/t21/otc/t21sc03_105_4_0.html,2026-10-06T02:52:27.714493+00:00,b291690ff33d0569ce15a5e8cd2f78531ddc2555dc9fb7ce861f0b20ab24969a,320635
data/raw/mops_monthly/t21sc03_105_5_0.html,https://mopsov.twse.com.tw/nas/t21/otc/t21sc03_105_5_0.html,2026-10-06T02:52:27.714493+00:00,95ba4b61fafd60a124a8979f9639df752c5956d6e6d2170beeb780ba6adb2db3,321170
data/raw/mops_monthly/t21sc03_105_6_0.html,https://mopsov.twse.com.tw/nas/t21/otc/t21sc03_105_6_0.html,2026-10-06T02:52:27.714493+00:00,cb2bb36610dba49f0e89882828f26b891cb4e72f4376dff7c405ba9e5dc3f1e8,322044
data/raw/mops_monthly/t21sc03_105_7_0.html,https://mopsov.twse.com.tw/nas/t21/otc/t21sc03_105_7_0.html,2026-10-06T02:52:27.714493+00:00,1bf95757db665749fc624c817cb54733305d39cd3fda77724d3e31de45db9953,322784
data/raw/mops_monthly/t21sc03_105_8_0.html,https://mopsov.twse.com.tw/nas/t21/otc/t21sc03_105_8_0.html,2026-10-06T02:52:27.714493+00:00,e8d1bda43f7a81a131592dee7414cb39850cac4c84dee3103e6ef55c83c6e191,323860
data/raw/mops_monthly/t21sc03_105_9_0.html,https://mopsov.twse.com.tw/nas/t21/otc/t21sc03_105_9_0.html,2026-10-06T02:52:27.714493+00:00,ef386ff43c5584c1a484d804ff05b93dd2a9f7b56491552d1018be2274b11bef,323848
data/raw/mops_monthly/t21sc03_106_10_0.html,https://mopsov.twse.com.tw/nas/t21/otc/t21sc03_106_10_0.html,2026-10-06T02:52:27.714493+00:00,44511e1936a4f3421ef25ed80d417c9d8cbe15284c9cfeeb30a88326da50efc0,333270
data/raw/mops_monthly/t21sc03_106_11_0.html,https://mopsov.twse.com.tw/nas/t21/otc/t21sc03_106_11_0.html,2026-10-06T02:52:27.714493+00:00,0b3ea48fbb8bd5b94a8af9b1ade50e77fc5c9808cee52f1d4ba127ace0ab6526,334057
data/raw/mops_monthly/t21sc03_106_12_0.html,https://mopsov.twse.com.tw/nas/t21/otc/t21sc03_106_12_0.html,2026-10-06T02:52:27.714493+00:00,1d777f1d24de5a1269234909fa44c90676c8de29a9a6fa932543463dad215fea,333916
data/raw/mops_monthly/t21sc03_106_1_0.html,https://mopsov.twse.com.tw/nas/t21/otc/t21sc03_106_1_0.html,2026-10-06T02:52:27.714493+00:00,a69e5b70afc47b3d8b1a8c85ff64f0e423e8742a66a5397531d14cd5db4dbc58,325370
data/raw/mops_monthly/t21sc03_106_2_0.html,https://mopsov.twse.com.tw/nas/t21/otc/t21sc03_106_2_0.html,2026-10-06T02:52:27.714493+00:00,5dc9b29b1df0caae59b15fe8853c5b5c060bbeeef1e7f484e74b197ab1bb136d,328268
data/raw/mops_monthly/t21sc03_106_3_0.html,https://mopsov.twse.com.tw/nas/t21/otc/t21sc03_106_3_0.html,2026-10-06T02:52:27.714493+00:00,bc69212d73b5136228a2a08c3b422d1f110d041c6bc64c4104bd598455872259,326353
data/raw/mops_monthly/t21sc03_106_4_0.html,https://mopsov.twse.com.tw/nas/t21/otc/t21sc03_106_4_0.html,2026-10-06T02:52:27.714493+00:00,74b85188c01d262c021677618c4f0350bba0912d0cb8ac5593866db156d64a19,327478
data/raw/mops_monthly/t21sc03_106_5_0.html,https://mopsov.twse.com.tw/nas/t21/otc/t21sc03_106_5_0.html,2026-10-06T02:52:27.714493+00:00,8076d2dc2dd7035ed9582c8a60b23ed21df2034e81959ea902a6c79129b44515,326709
data/raw/mops_monthly/t21sc03_106_6_0.html,https://mopsov.twse.com.tw/nas/t21/otc/t21sc03_106_6_0.html,2026-10-06T02:52:27.714493+00:00,b3c90b5eb55b77b432b329cac0b2ec88a3c535473c7eb594b67284ba02e68a74,328568
data/raw/mops_monthly/t21sc03_106_7_0.html,https://mopsov.twse.com.tw/nas/t21/otc/t21sc03_106_7_0.html,2026-10-06T02:52:27.714493+00:00,a982042955f09134f08f5ee618b3345de8325a06b7dd17af4a304dd1986b7957,329715
data/raw/mops_monthly/t21sc03_106_8_0.html,https://mopsov.twse.com.tw/nas/t21/otc/t21sc03_106_8_0.html,2026-10-06T02:52:27.714493+00:00,e8d2e8b6150badf3f55bde8dd433b8b7701be442e0b2e1a92fee399f73c74706,331889
data/raw/mops_monthly/t21sc03_106_9_0.html,https://mopsov.twse.com.tw/nas/t21/otc/t21sc03_106_9_0.html,2026-10-06T02:52:27.714493+00:00,1320600270a2e0f871b6bc5186804884a4128e33ff51101dbd4d206b9f9c688a,333472
data/raw/mops_monthly/t21sc03_107_10_0.html,https://mopsov.twse.com.tw/nas/t21/otc/t21sc03_107_10_0.html,2026-10-06T02:52:27.714493+00:00,1fb55c7bf25c6d17fd3e249a3733f7746c37f97f333c1e99ed544ba83d38f9ab,341357
data/raw/mops_monthly/t21sc03_107_11_0.html,https://mopsov.twse.com.tw/nas/t21/otc/t21sc03_107_11_0.html,2026-10-06T02:52:27.714493+00:00,3319597a4bfe24af015af106f6244fe8ce16bc7809ae3e0e601627e7b1d8cf27,341640
data/raw/mops_monthly/t21sc03_107_12_0.html,https://mopsov.twse.com.tw/nas/t21/otc/t21sc03_107_12_0.html,2026-10-06T02:52:27.714493+00:00,76234fe7246637cf49ad4ca385874a2b8ff3c2d830a2660fd91e5b2f5f33867f,342830
data/raw/mops_monthly/t21sc03_107_1_0.html,https://mopsov.twse.com.tw/nas/t21/otc/t21sc03_107_1_0.html,2026-10-06T02:52:27.714493+00:00,78f2434c707e3781f7fd5a64dcc08f0459bbc7b8e7b65c311c642ce385de695d,335202
data/raw/mops_monthly/t21sc03_107_2_0.html,https://mopsov.twse.com.tw/nas/t21/otc/t21sc03_107_2_0.html,2026-10-06T02:52:27.714493+00:00,78078ee26471af57886079004b4707e3c383645ad063ddbcee551cce63c1be3f,334758
data/raw/mops_monthly/t21sc03_107_3_0.html,https://mopsov.twse.com.tw/nas/t21/otc/t21sc03_107_3_0.html,2026-10-06T02:52:27.714493+00:00,d5b0e58c39069175a3372febce106473d0dd4069e37bc95b2b4f5068efbec3e6,335338
data/raw/mops_monthly/t21sc03_107_4_0.html,https://mopsov.twse.com.tw/nas/t21/otc/t21sc03_107_4_0.html,2026-10-06T02:52:27.714493+00:00,ddd011f90900224e095eb699452517f9ae0961cb35d9b2da033dd03bb7087f4f,335789
data/raw/mops_monthly/t21sc03_107_5_0.html,https://mopsov.twse.com.tw/nas/t21/otc/t21sc03_107_5_0.html,2026-10-06T02:52:27.714493+00:00,65a1a142423d5cc2f404d47f6a2e690133c343fea295836dafa81511f1e0f301,336501
data/raw/mops_monthly/t21sc03_107_6_0.html,https://mopsov.twse.com.tw/nas/t21/otc/t21sc03_107_6_0.html,2026-10-06T02:52:27.714493+00:00,cbf43d3682fc927d846f316200757b974ea590f3d1856b108c207961504723d4,337312
data/raw/mops_monthly/t21sc03_107_7_0.html,https://mopsov.twse.com.tw/nas/t21/otc/t21sc03_107_7_0.html,2026-10-06T02:52:27.714493+00:00,725b71aa21a9e197028df8f50c98b9abb45d9d951081d96e55c7cea7777afca0,337529
data/raw/mops_monthly/t21sc03_107_8_0.html,https://mopsov.twse.com.tw/nas/t21/otc/t21sc03_107_8_0.html,2026-10-06T02:52:27.714493+00:00,02527b851c8209b228f992af20027c0d184c6792815e47f3879680241002a690,338139
data/raw/mops_monthly/t21sc03_107_9_0.html,https://mopsov.twse.com.tw/nas/t21/otc/t21sc03_107_9_0.html,2026-10-06T02:52:27.714493+00:00,b8d5a9b66c1101a02b9582cb9825c507f9cc5d8dcc8175674c3a709465bed202,339988
data/raw/mops_monthly/t21sc03_108_10_0.html,https://mopsov.twse.com.tw/nas/t21/otc/t21sc03_108_10_0.html,2026-10-06T02:52:27.714493+00:00,26cecacd14c9420c1b8bce0fa3997b66f41caae0ed72713a6950216f7c752250,347699
data/raw/mops_monthly/t21sc03_108_11_0.html,https://mopsov.twse.com.tw/nas/t21/otc/t21sc03_108_11_0.html,2026-10-06T02:52:27.714493+00:00,85768ff0d0824567eedf257c016afd814dba77feee47d683e9a0617e5aea38c4,347417
data/raw/mops_monthly/t21sc03_108_12_0.html,https://mopsov.twse.com.tw/nas/t21/otc/t21sc03_108_12_0.html,2026-10-06T02:52:27.714493+00:00,918afd100e379fa48820fb0f823862a0eeb5c40af26a4af8944f8b65e6fdcbae,348361
data/raw/mops_monthly/t21sc03_108_1_0.html,https://mopsov.twse.com.tw/nas/t21/otc/t21sc03_108_1_0.html,2026-10-06T02:52:27.714493+00:00,276e18dc6b1ea23b3655905517be2dee16417e7bc208d964e98a56be84c6b5cb,341450
data/raw/mops_monthly/t21sc03_108_2_0.html,https://mopsov.twse.com.tw/nas/t21/otc/t21sc03_108_2_0.html,2026-10-06T02:52:27.714493+00:00,be6992a993a2c0911bcec6390ae4bcc392c353e70cdc8bc176d71521cbbddaf3,343316
data/raw/mops_monthly/t21sc03_108_3_0.html,https://mopsov.twse.com.tw/nas/t21/otc/t21sc03_108_3_0.html,2026-10-06T02:52:27.714493+00:00,89745b0c80cd262075e687735be6a4ce17b8cc26c021cd447d8063ae8c4679bf,343298
data/raw/mops_monthly/t21sc03_108_4_0.html,https://mopsov.twse.com.tw/nas/t21/otc/t21sc03_108_4_0.html,2026-10-06T02:52:27.714493+00:00,00e60d6056a6da33d7d38945c6ed13571c775336fc5fbe31b113150571392457,343116
data/raw/mops_monthly/t21sc03_108_5_0.html,https://mopsov.twse.com.tw/nas/t21/otc/t21sc03_108_5_0.html,2026-10-06T02:52:27.714493+00:00,8d1bc2f8ad632d204a0da80cae18dc84158bdea78c81e80cd102aa23f0cc10a0,343353
data/raw/mops_monthly/t21sc03_108_6_0.html,https://mopsov.twse.com.tw/nas/t21/otc/t21sc03_108_6_0.html,2026-10-06T02:52:27.714493+00:00,2ad277b2f15c8761309572986a50c2299188fe5a77bce21b9bf96d020d389850,343627
data/raw/mops_monthly/t21sc03_108_7_0.html,https://mopsov.twse.com.tw/nas/t21/otc/t21sc03_108_7_0.html,2026-10-06T02:52:27.714493+00:00,e80d5b66d9b48ff36539a112854947629d50eb7cb62d2dab4bdd8c561c742e49,344083
data/raw/mops_monthly/t21sc03_108_8_0.html,https://mopsov.twse.com.tw/nas/t21/otc/t21sc03_108_8_0.html,2026-10-06T02:52:27.714493+00:00,fa1d671d7d0480ef2e09b4bb05a863cb4ea44159beee467c8139d07de37ee224,345375
data/raw/mops_monthly/t21sc03_108_9_0.html,https://mopsov.twse.com.tw/nas/t21/otc/t21sc03_108_9_0.html,2026-10-06T02:52:27.714493+00:00,5cd08d0b60a154f2186e9da89aa41485e10f91edce9d635b19c18faec6f21d11,346751
data/raw/mops_monthly/t21sc03_109_10_0.html,https://mopsov.twse.com.tw/nas/t21/otc/t21sc03_109_10_0.html,2026-10-06T02:52:27.714493+00:00,504813bb1ff1234c49355ba2ef12a81d2c0588c98fe7ce632a4164f09bd49db8,353402
data/raw/mops_monthly/t21sc03_109_11_0.html,https://mopsov.twse.com.tw/nas/t21/otc/t21sc03_109_11_0.html,2026-10-06T02:52:27.714493+00:00,7169d694ada9917fdcce9e7e56aa5e1bf84044cd2037945c784c3571323c09e8,354345
data/raw/mops_monthly/t21sc03_109_12_0.html,https://mopsov.twse.com.tw/nas/t21/otc/t21sc03_109_12_0.html,2026-10-06T02:52:27.714493+00:00,184dfc451446f97cd8bed6b01aba9ebdaa197ed481f03116b5d5b91e9d1e3a86,355892
data/raw/mops_monthly/t21sc03_109_1_0.html,https://mopsov.twse.com.tw/nas/t21/otc/t21sc03_109_1_0.html,2026-10-06T02:52:27.714493+00:00,b8673b3af3ff848815600820bc2176bd5b278a7afcccf868729f527534b2b577,347357
data/raw/mops_monthly/t21sc03_109_2_0.html,https://mopsov.twse.com.tw/nas/t21/otc/t21sc03_109_2_0.html,2026-10-06T02:52:27.714493+00:00,0c68c4a7d73afbd6141537ff9dae9f00e7441fb875d82a108e661511827dba7b,351730
data/raw/mops_monthly/t21sc03_109_3_0.html,https://mopsov.twse.com.tw/nas/t21/otc/t21sc03_109_3_0.html,2026-10-06T02:52:27.714493+00:00,82dfcb13fabd26d176591b76842dec5bf987f7f3ae96c5227604120178458118,349517
data/raw/mops_monthly/t21sc03_109_4_0.html,https://mopsov.twse.com.tw/nas/t21/otc/t21sc03_109_4_0.html,2026-10-06T02:52:27.714493+00:00,c579d744ac8665173f17d94e0329aea3da0a8259b5d68face6a580bbedeb5e0a,351788
data/raw/mops_monthly/t21sc03_109_5_0.html,https://mopsov.twse.com.tw/nas/t21/otc/t21sc03_109_5_0.html,2026-10-06T02:52:27.714493+00:00,0aae486448dd14d056a204a6392bec05f8ed034973efd2778bfbb2fb2cc2c490,350994
data/raw/mops_monthly/t21sc03_109_6_0.html,https://mopsov.twse.com.tw/nas/t21/otc/t21sc03_109_6_0.html,2026-10-06T02:52:27.714493+00:00,8e46b67613cd2bf6805e3482ab561ae365390fc910b5f6713dc6d85f7b791099,351041
data/raw/mops_monthly/t21sc03_109_7_0.html,https://mopsov.twse.com.tw/nas/t21/otc/t21sc03_109_7_0.html,2026-10-06T02:52:27.714493+00:00,e5b1b00a683de7439982e8e1f79787a09b3ba1f591e1ac41c6d56e65c1c92e8d,351020
data/raw/mops_monthly/t21sc03_109_8_0.html,https://mopsov.twse.com.tw/nas/t21/otc/t21sc03_109_8_0.html,2026-10-06T02:52:27.714493+00:00,bc9b5c3b0003267681feca501faa078eed3ba59b65761b374cc470238e376235,352094
data/raw/mops_monthly/t21sc03_109_9_0.html,https://mopsov.twse.com.tw/nas/t21/otc/t21sc03_109_9_0.html,2026-10-06T02:52:27.714493+00:00,ee5dd4055434130b5dcedc13b1a6d2c7b0b566c4feaa939f57a7d1605b2f8567,353395
data/raw/mops_monthly/t21sc03_110_10_0.html,https://mopsov.twse.com.tw/nas/t21/otc/t21sc03_110_10_0.html,2026-10-06T02:52:27.714493+00:00,2cf7ac492eb8bf9a81e673d85302a03a465d924ecccab80122d912dd6685a9f3,365909
data/raw/mops_monthly/t21sc03_110_11_0.html,https://mopsov.twse.com.tw/nas/t21/otc/t21sc03_110_11_0.html,2026-10-06T02:52:27.714493+00:00,7adda7de6ca1591c8c886ab95aa714a9c9515da46e50fa185e0cfd1312e62fcb,365812
data/raw/mops_monthly/t21sc03_110_12_0.html,https://mopsov.twse.com.tw/nas/t21/otc/t21sc03_110_12_0.html,2026-10-06T02:52:27.714493+00:00,c88af9018c1ee339452b9b0aa3778f96fd7c41774e9a7c15306900a044813472,365134
data/raw/mops_monthly/t21sc03_110_1_0.html,https://mopsov.twse.com.tw/nas/t21/otc/t21sc03_110_1_0.html,2026-10-06T02:52:27.714493+00:00,14b5803dce13e89a11f33a3d193ad48ea06bb613d80b69db8bd8e2a80d1dfa23,359057
data/raw/mops_monthly/t21sc03_110_2_0.html,https://mopsov.twse.com.tw/nas/t21/otc/t21sc03_110_2_0.html,2026-10-06T02:52:27.714493+00:00,39442a4872886e7cab1b5c97f97805d3366cf75b513a320dec5ba8f8656a3aa4,360454
data/raw/mops_monthly/t21sc03_110_3_0.html,https://mopsov.twse.com.tw/nas/t21/otc/t21sc03_110_3_0.html,2026-10-06T02:52:27.714493+00:00,10e699b0e439a6ebf8dff60cbf2c089d339b158d6db8bfb6a63d17d9c13ba65a,360915
data/raw/mops_monthly/t21sc03_110_4_0.html,https://mopsov.twse.com.tw/nas/t21/otc/t21sc03_110_4_0.html,2026-10-06T02:52:27.714493+00:00,64f7fb9e64052278e46820d7364a0924c45ca56872bb7a26840360acbf6448cf,361077
data/raw/mops_monthly/t21sc03_110_5_0.html,https://mopsov.twse.com.tw/nas/t21/otc/t21sc03_110_5_0.html,2026-10-06T02:52:27.714493+00:00,f72c2b9bd1f4afb6515929b90c6353410acd0962e3f8deef84925b314b403f8d,361563
data/raw/mops_monthly/t21sc03_110_6_0.html,https://mopsov.twse.com.tw/nas/t21/otc/t21sc03_110_6_0.html,2026-10-06T02:52:27.714493+00:00,3e396ca57e547626545bb79017d7e4706bbd11553219bac772c73928673a8ebe,362926
data/raw/mops_monthly/t21sc03_110_7_0.html,https://mopsov.twse.com.tw/nas/t21/otc/t21sc03_110_7_0.html,2026-10-06T02:52:27.714493+00:00,bb0c5bdfb02ac39854fe25c6053c01e6ea8582cab8a21409a4ba885208b0a81c,363638
data/raw/mops_monthly/t21sc03_110_8_0.html,https://mopsov.twse.com.tw/nas/t21/otc/t21sc03_110_8_0.html,2026-10-06T02:52:27.714493+00:00,6f6dcbd0a34f1718cd475354309d18149127c4c25ca7efa8dc431cd0b46c7605,363749
data/raw/mops_monthly/t21sc03_110_9_0.html,https://mopsov.twse.com.tw/nas/t21/otc/t21sc03_110_9_0.html,2026-10-06T02:52:27.714493+00:00,1d8f40c2c2c1f7132fa69d3af34d483e5d88636fcfc13b62a4b11ccf85811d30,364867
data/raw/mops_monthly/t21sc03_111_10_0.html,https://mopsov.twse.com.tw/nas/t21/otc/t21sc03_111_10_0.html,2026-10-06T02:52:27.714493+00:00,ebe8c371cc9f352f5eb429d8e6534646216c3872ffd056ef2cb96769545342f3,369605
data/raw/mops_monthly/t21sc03_111_11_0.html,https://mopsov.twse.com.tw/nas/t21/otc/t21sc03_111_11_0.html,2026-10-06T02:52:27.714493+00:00,ce7450df6699bd4c019afb08ee7239fcdacc835c82152b1502960206758873d6,370484
data/raw/mops_monthly/t21sc03_111_12_0.html,https://mopsov.twse.com.tw/nas/t21/otc/t21sc03_111_12_0.html,2026-10-06T02:52:27.714493+00:00,0da7eb67c936deafd9ec508a8bb7ea0ff5f62a08c228a5312502b94b5aec6ea4,369934
data/raw/mops_monthly/t21sc03_111_1_0.html,https://mopsov.twse.com.tw/nas/t21/otc/t21sc03_111_1_0.html,2026-10-06T02:52:27.714493+00:00,5dc872ce2cd9eafc14bd1acc27e963625f000b2edde571c678388c547d9d891d,362997
data/raw/mops_monthly/t21sc03_111_2_0.html,https://mopsov.twse.com.tw/nas/t21/otc/t21sc03_111_2_0.html,2026-10-06T02:52:27.714493+00:00,3c56386cd8b4b25886febd9d011ee0ef58875f7401059d0dca55b4182ede81af,364633
data/raw/mops_monthly/t21sc03_111_3_0.html,https://mopsov.twse.com.tw/nas/t21/otc/t21sc03_111_3_0.html,2026-10-06T02:52:27.714493+00:00,4424013b6f5abc88c557e6e7638b579341f00110952a5c9ee2b01d96eecaca51,364856
data/raw/mops_monthly/t21sc03_111_4_0.html,https://mopsov.twse.com.tw/nas/t21/otc/t21sc03_111_4_0.html,2026-10-06T02:52:27.714493+00:00,c2a6c6bd5d000faa395cc1c54c3364b1932f6eb25b08e33b32d12d806edb9b63,365505
data/raw/mops_monthly/t21sc03_111_5_0.html,https://mopsov.twse.com.tw/nas/t21/otc/t21sc03_111_5_0.html,2026-10-06T02:52:27.714493+00:00,b2d70c4feb1f6c99f121a2f90bc74a3df93111ff20e7f678e97fe1ceb5a6316e,366341
data/raw/mops_monthly/t21sc03_111_6_0.html,https://mopsov.twse.com.tw/nas/t21/otc/t21sc03_111_6_0.html,2026-10-06T02:52:27.714493+00:00,a76bd7ea7d47fcf240214608cb5cfd58f4b49d1ea8deed6bde865db33cd12d39,369700
data/raw/mops_monthly/t21sc03_111_7_0.html,https://mopsov.twse.com.tw/nas/t21/otc/t21sc03_111_7_0.html,2026-10-06T02:52:27.714493+00:00,27ee403c8e87b88cbef2fb1acbf6c94863a837ca51988cc806eac8950561815a,368520
data/raw/mops_monthly/t21sc03_111_8_0.html,https://mopsov.twse.com.tw/nas/t21/otc/t21sc03_111_8_0.html,2026-10-06T02:52:27.714493+00:00,ab8bd942ca195880bd76fa60a7666d5cb2333c590dd6e64ca3e4dbeefbc29d50,368738
data/raw/mops_monthly/t21sc03_111_9_0.html,https://mopsov.twse.com.tw/nas/t21/otc/t21sc03_111_9_0.html,2026-10-06T02:52:27.714493+00:00,b2dfe9e34e0db1a46d5805d97e9c68aa0446687315751074675a02e5f6cbd6ce,370072
data/raw/mops_monthly/t21sc03_112_10_0.html,https://mopsov.twse.com.tw/nas/t21/otc/t21sc03_112_10_0.html,2026-10-06T02:52:27.714493+00:00,5bf07afc73256463f5b36e12046b9fb0e979cc519b66e08a05b1cb0600be63f1,379824
data/raw/mops_monthly/t21sc03_112_11_0.html,https://mopsov.twse.com.tw/nas/t21/otc/t21sc03_112_11_0.html,2026-10-06T02:52:27.714493+00:00,524922ab4494130738bc2079b75793e745458e9223a0ef7b784432bd63a96264,380167
data/raw/mops_monthly/t21sc03_112_12_0.html,https://mopsov.twse.com.tw/nas/t21/otc/t21sc03_112_12_0.html,2026-10-06T02:52:27.714493+00:00,484bb1425756d52cd118a9e57c0fca0259dce005b1423ca6c59c5c00de1e2bd5,382097
data/raw/mops_monthly/t21sc03_112_1_0.html,https://mopsov.twse.com.tw/nas/t21/otc/t21sc03_112_1_0.html,2026-10-06T02:52:27.714493+00:00,62365aee39c7143df193590c839a5b8956a288ea6da33e5807ec60dba9b01f6e,370839
data/raw/mops_monthly/t21sc03_112_2_0.html,https://mopsov.twse.com.tw/nas/t21/otc/t21sc03_112_2_0.html,2026-10-06T02:52:27.714493+00:00,0211a932ee8acfba10b97e091fd11f59189079cbfc5659c1c2e50377977270ee,371612
data/raw/mops_monthly/t21sc03_112_3_0.html,https://mopsov.twse.com.tw/nas/t21/otc/t21sc03_112_3_0.html,2026-10-06T02:52:27.714493+00:00,92f4a22bf22bacf3664670c8eb9785d49896b7d2255eb9affb0d9bf039727fd0,370547
data/raw/mops_monthly/t21sc03_112_4_0.html,https://mopsov.twse.com.tw/nas/t21/otc/t21sc03_112_4_0.html,2026-10-06T02:52:27.714493+00:00,d9757a0062e534409b6286cf3b4312ab4a25a3dac6a864ab9e080c71988cfa92,372453
data/raw/mops_monthly/t21sc03_112_5_0.html,https://mopsov.twse.com.tw/nas/t21/otc/t21sc03_112_5_0.html,2026-10-06T02:52:27.714493+00:00,26da89a5712e2faa8a45008bd358b39eb67ef0dd93e36c372d41ea712a7e0036,372290
data/raw/mops_monthly/t21sc03_112_6_0.html,https://mopsov.twse.com.tw/nas/t21/otc/t21sc03_112_6_0.html,2026-10-06T02:52:27.714493+00:00,0561fd288d4e9abdec98155a20fdb22db186be4ffd1dcdff86466d634cf65042,373724
data/raw/mops_monthly/t21sc03_112_7_0.html,https://mopsov.twse.com.tw/nas/t21/otc/t21sc03_112_7_0.html,2026-10-06T02:52:27.714493+00:00,41523929af848f3ae804c987f8eb40188eee511e47d8d1f609b76d654b2afa0f,374337
data/raw/mops_monthly/t21sc03_112_8_0.html,https://mopsov.twse.com.tw/nas/t21/otc/t21sc03_112_8_0.html,2026-10-06T02:52:27.714493+00:00,57eec9fb805ca6d3a578cd1aaee893a920fd7bab13d51d021923256c53fcf6f7,375057
data/raw/mops_monthly/t21sc03_112_9_0.html,https://mopsov.twse.com.tw/nas/t21/otc/t21sc03_112_9_0.html,2026-10-06T02:52:27.714493+00:00,f194338f5913de5723633ab0f6e2f9307dfccb3e6923a8450bb772fd08fa5a27,378006
data/raw/mops_monthly/t21sc03_113_10_0.html,https://mopsov.twse.com.tw/nas/t21/otc/t21sc03_113_10_0.html,2026-10-06T02:52:27.714493+00:00,bfdbc633dc4ab4967673944eae9ffc698b550cc15fd7daf54d8de1b15f68762a,386486
data/raw/mops_monthly/t21sc03_113_11_0.html,https://mopsov.twse.com.tw/nas/t21/otc/t21sc03_113_11_0.html,2026-10-06T02:52:27.714493+00:00,70db6d8421ab18c1a51bfc4eae15672134955ff92025d555591dc43c8e4de975,386841
data/raw/mops_monthly/t21sc03_113_12_0.html,https://mopsov.twse.com.tw/nas/t21/otc/t21sc03_113_12_0.html,2026-10-06T02:52:27.714493+00:00,4579790c25f492523b3c2004f2e9baff09f98c2c6e303286214a730c27aa89d7,389150
data/raw/mops_monthly/t21sc03_113_1_0.html,https://mopsov.twse.com.tw/nas/t21/otc/t21sc03_113_1_0.html,2026-10-06T02:52:27.714493+00:00,930448f5357cf289149201111be8c6df8019eb9f9fa3709c635be7e56fbff68b,384772
data/raw/mops_monthly/t21sc03_113_2_0.html,https://mopsov.twse.com.tw/nas/t21/otc/t21sc03_113_2_0.html,2026-10-06T02:52:27.714493+00:00,5d111886359844ebdb5087c84c04b53fb06e9ecf2be026729dd70e00db27b214,383283
data/raw/mops_monthly/t21sc03_113_3_0.html,https://mopsov.twse.com.tw/nas/t21/otc/t21sc03_113_3_0.html,2026-10-06T02:52:27.714493+00:00,588a26e3e188458f51f7f660621c6446dcb522be84c41586aed1f5a233cd3eab,381070
data/raw/mops_monthly/t21sc03_113_4_0.html,https://mopsov.twse.com.tw/nas/t21/otc/t21sc03_113_4_0.html,2026-10-06T02:52:27.714493+00:00,89547c218127723558aadf70495446693913558a320c6ecd23052910a60db02c,382642
data/raw/mops_monthly/t21sc03_113_5_0.html,https://mopsov.twse.com.tw/nas/t21/otc/t21sc03_113_5_0.html,2026-10-06T02:52:27.714493+00:00,9fc67f14e5a7aad2e9b64dacfa8c27705e6c407f07f242dad3f87f4ad6bdeb82,382860
data/raw/mops_monthly/t21sc03_113_6_0.html,https://mopsov.twse.com.tw/nas/t21/otc/t21sc03_113_6_0.html,2026-10-06T02:52:27.714493+00:00,66be58e9ed051c07c85e97e2852496ccdb6807e4e349c76446452760659765b6,383746
data/raw/mops_monthly/t21sc03_113_7_0.html,https://mopsov.twse.com.tw/nas/t21/otc/t21sc03_113_7_0.html,2026-10-06T02:52:27.714493+00:00,067b55fa5ba0bbbb360b9e3abd2e2af34a946d0c27761609b3970347ee633f75,383432
data/raw/mops_monthly/t21sc03_113_8_0.html,https://mopsov.twse.com.tw/nas/t21/otc/t21sc03_113_8_0.html,2026-10-06T02:52:27.714493+00:00,d31b780672a5471d24f5d5559cee9d8351490ba68ea6404a30323bfbed54978c,383881
data/raw/mops_monthly/t21sc03_113_9_0.html,https://mopsov.twse.com.tw/nas/t21/otc/t21sc03_113_9_0.html,2026-10-06T02:52:27.714493+00:00,9752c480d63bb470e6e5f4b14d33ae2f2381a11b09686e9f9c294ac97deedad3,384825
data/raw/mops_monthly/t21sc03_114_10_0.html,https://mopsov.twse.com.tw/nas/t21/otc/t21sc03_114_10_0.html,2026-10-06T02:52:27.714493+00:00,b975cf9281db34de9fda8819130d38dec73306a8100bcf7f2ba6a7f907e7bf24,390665
data/raw/mops_monthly/t21sc03_114_11_0.html,https://mopsov.twse.com.tw/nas/t21/otc/t21sc03_114_11_0.html,2026-10-06T02:52:27.714493+00:00,5101fe746fd5fb1cd95b9508060827620046add4c17d7d116d03e1edc338e6bd,389477
data/raw/mops_monthly/t21sc03_114_12_0.html,https://mopsov.twse.com.tw/nas/t21/otc/t21sc03_114_12_0.html,2026-10-06T02:52:27.714493+00:00,3f135f2c32c3b3f676cc24f1117425dcc2150e5db0a7a1f42f814d1300fdc4b9,391159
data/raw/mops_monthly/t21sc03_114_1_0.html,https://mopsov.twse.com.tw/nas/t21/otc/t21sc03_114_1_0.html,2026-10-06T02:52:27.714493+00:00,729a70e58a2dcabb357ccb52c1d8e9a4112be47292a6bba7d6970ab0b3b30edd,386353
data/raw/mops_monthly/t21sc03_114_2_0.html,https://mopsov.twse.com.tw/nas/t21/otc/t21sc03_114_2_0.html,2026-10-06T02:52:27.714493+00:00,38bea6b84fccc7c05dfd6c1c2f9aa11b1ba0b2d829defa8d791e4f783c9fd1d2,392128
data/raw/mops_monthly/t21sc03_114_3_0.html,https://mopsov.twse.com.tw/nas/t21/otc/t21sc03_114_3_0.html,2026-10-06T02:52:27.714493+00:00,0867bcd3929261054220e0237f8b188efb5ccb3c1822236e062d1a53098c8c0f,389741
data/raw/mops_monthly/t21sc03_114_4_0.html,https://mopsov.twse.com.tw/nas/t21/otc/t21sc03_114_4_0.html,2026-10-06T02:52:27.714493+00:00,16411bca64c151ec35d3351e5731d465baeb5881e55f4858d4f45677b2e66dbd,389215
data/raw/mops_monthly/t21sc03_114_5_0.html,https://mopsov.twse.com.tw/nas/t21/otc/t21sc03_114_5_0.html,2026-10-06T02:52:27.714493+00:00,8571b372a186c5ef5734bdc563c34d357fc03ba08dfdcedd8ca114bf8f6efea1,390168
data/raw/mops_monthly/t21sc03_114_6_0.html,https://mopsov.twse.com.tw/nas/t21/otc/t21sc03_114_6_0.html,2026-10-06T02:52:27.714493+00:00,022f95203f013b3f83f73e2f058f07accbe8a8318c3e23bdfa8086bc7528953e,390456
data/raw/mops_monthly/t21sc03_114_7_0.html,https://mopsov.twse.com.tw/nas/t21/otc/t21sc03_114_7_0.html,2026-10-06T02:52:27.714493+00:00,ff2af7dc6941322f57d21f8f2933fb0fbedf7286099bff43609b458ee72a2adb,389852
data/raw/mops_monthly/t21sc03_114_8_0.html,https://mopsov.twse.com.tw/nas/t21/otc/t21sc03_114_8_0.html,2026-10-06T02:52:27.714493+00:00,8a893814822f997540d7d92dc807030d846eb6f3ad1639a415afe0c64717049b,389940
data/raw/mops_monthly/t21sc03_114_9_0.html,https://mopsov.twse.com.tw/nas/t21/otc/t21sc03_114_9_0.html,2026-10-06T02:52:27.714493+00:00,554d3baf362d67ebc1156bcf74d207933877a209ff0875323258c545a25ce1eb,390919
data/raw/mops_monthly/t21sc03_115_1_0.html,https://mopsov.twse.com.tw/nas/t21/otc/t21sc03_115_1_0.html,2026-10-06T02:52:27.714493+00:00,f3a82bd33c3356aebb5b901a081513f88fa828a6d13bdd6c5d7a706ca536fe34,390924
data/raw/mops_monthly/t21sc03_115_2_0.html,https://mopsov.twse.com.tw/nas/t21/otc/t21sc03_115_2_0.html,2026-10-06T02:52:27.714493+00:00,8df1a598b9c02a46c85301417810c5cc5743fc4936b5ff6cfce72e88899c608c,391699
data/raw/mops_monthly/t21sc03_115_3_0.html,https://mopsov.twse.com.tw/nas/t21/otc/t21sc03_115_3_0.html,2026-10-06T02:52:27.714493+00:00,caa75f0c2ea8f510589504b210a3e04359292b47c32120833e6ea2cd33c2a1c2,392488
data/raw/mops_monthly/t21sc03_115_4_0.html,https://mopsov.twse.com.tw/nas/t21/otc/t21sc03_115_4_0.html,2026-10-06T02:52:27.714493+00:00,3d68fa9d13887d6d013f2830cc79d0d1153ac48aa69134fc83b4c03e893c6916,391601
data/raw/mops_monthly/t21sc03_115_5_0.html,https://mopsov.twse.com.tw/nas/t21/otc/t21sc03_115_5_0.html,2026-10-06T02:52:27.714493+00:00,578454bf226b2713d32051cf829848886ca39feba21a95fa0c9e16140cf51d78,393075
data/raw/mops_monthly/t21sc03_115_6_0.html,https://mopsov.twse.com.tw/nas/t21/otc/t21sc03_115_6_0.html,2026-10-06T02:52:27.714493+00:00,b84489cdebaf3803e72f11dcefc73be168fb611b247b4f2a0bb170615be86486,393629
data/raw/mops_monthly/t21sc03_115_7_0.html,https://mopsov.twse.com.tw/nas/t21/otc/t21sc03_115_7_0.html,2026-10-06T02:52:27.714493+00:00,d67d06cf14093826582116e79cd882680b10f4d6429ae7852b2eb7e189c8d640,394091
data/raw/mops_monthly/t21sc03_115_8_0.html,https://mopsov.twse.com.tw/nas/t21/otc/t21sc03_115_8_0.html,2026-10-06T02:52:27.714493+00:00,bb37c546c7cc833351dbb65fc8fdb592ed1f2c92678d7bd0bd25e5128ac4ac00,394747
data/raw/mops_monthly/t21sc03_115_9_0.html,https://mopsov.twse.com.tw/nas/t21/otc/t21sc03_115_9_0.html,2026-10-06T02:52:27.714493+00:00,be1e263f7a3ab3fa80b73da62a9c10a3f5052d9b4de04909651978097d1d25e3,52251
data/raw/mops_monthly/t21sc03_92_12_0.html,https://mopsov.twse.com.tw/nas/t21/otc/t21sc03_92_12_0.html,2026-10-06T02:52:27.714493+00:00,28e70cd902a977e4ea78d295985ef055b3b799c7922a840ecfe746b3548bf112,161
data/raw/mops_monthly/t21sc03_93_10_0.html,https://mopsov.twse.com.tw/nas/t21/otc/t21sc03_93_10_0.html,2026-10-06T02:52:27.714493+00:00,2c603095e8c93f2e4b625030386e3dafc1021757e69119a00b646dd9df803f8c,161
data/raw/mops_monthly/t21sc03_93_11_0.html,https://mopsov.twse.com.tw/nas/t21/otc/t21sc03_93_11_0.html,2026-10-06T02:52:27.714493+00:00,3713d2290e093565f4ac91f180d15afaafd4b337d96dfa9ea2a6ea5409e45841,161
data/raw/mops_monthly/t21sc03_93_12_0.html,https://mopsov.twse.com.tw/nas/t21/otc/t21sc03_93_12_0.html,2026-10-06T02:52:27.714493+00:00,c64028ce03cfe4aeaacd8900d9e4231c723c78c029c8186658e27f728cc20c11,161
data/raw/mops_monthly/t21sc03_93_1_0.html,https://mopsov.twse.com.tw/nas/t21/otc/t21sc03_93_1_0.html,2026-10-06T02:52:27.714493+00:00,b194314c9cf92611e8f4c3a5e4bb1a1a1752044c061dcf1f9b6f6a02162fd7b7,160
data/raw/mops_monthly/t21sc03_93_2_0.html,https://mopsov.twse.com.tw/nas/t21/otc/t21sc03_93_2_0.html,2026-10-06T02:52:27.714493+00:00,048dd846224c1c5030d7977ec448358d5bb1bdc6384c02845abb646908fc35e9,160
data/raw/mops_monthly/t21sc03_93_3_0.html,https://mopsov.twse.com.tw/nas/t21/otc/t21sc03_93_3_0.html,2026-10-06T02:52:27.714493+00:00,c46936d60e1e1889ad07c79d91edcb96608781261366e81179629ec1b2517b1d,160
data/raw/mops_monthly/t21sc03_93_4_0.html,https://mopsov.twse.com.tw/nas/t21/otc/t21sc03_93_4_0.html,2026-10-06T02:52:27.714493+00:00,2c854a12394555c4ed16ff1f92dbfbfcd062e4cb6b2531cc5c802b902dc0bb9d,160
data/raw/mops_monthly/t21sc03_93_5_0.html,https://mopsov.twse.com.tw/nas/t21/otc/t21sc03_93_5_0.html,2026-10-06T02:52:27.714493+00:00,8f7f5e1df8f99b862108b94318b90a5b7108fc6320c1c95563c993c0b284e09b,160
data/raw/mops_monthly/t21sc03_93_6_0.html,https://mopsov.twse.com.tw/nas/t21/otc/t21sc03_93_6_0.html,2026-10-06T02:52:27.714493+00:00,c3f45ea3ea6502c8d5219cec6feeb9a38f20be9f889251cafbf1b962fde6bf90,160
data/raw/mops_monthly/t21sc03_93_7_0.html,https://mopsov.twse.com.tw/nas/t21/otc/t21sc03_93_7_0.html,2026-10-06T02:52:27.714493+00:00,57236b92864bdd610940fa9848aed9fd838e76cb47c963ee056ab8fb8aeccea0,160
data/raw/mops_monthly/t21sc03_93_8_0.html,https://mopsov.twse.com.tw/nas/t21/otc/t21sc03_93_8_0.html,2026-10-06T02:52:27.714493+00:00,b83b2356706ef2489ded1fd3447fd5b260ca04a1d7649463b9cffc839b495e76,160
data/raw/mops_monthly/t21sc03_93_9_0.html,https://mopsov.twse.com.tw/nas/t21/otc/t21sc03_93_9_0.html,2026-10-06T02:52:27.714493+00:00,29e9286d1e9e785581b458bfc2d3e578e38c6d196ad54e3c682504c0e0f74c06,160
data/raw/mops_monthly/t21sc03_94_10_0.html,https://mopsov.twse.com.tw/nas/t21/otc/t21sc03_94_10_0.html,2026-10-06T02:52:27.714493+00:00,2c67b3be9c37fb7acdac728d8aba901af22323eef1cdfdd2e3a68dc749863088,161
data/raw/mops_monthly/t21sc03_94_11_0.html,https://mopsov.twse.com.tw/nas/t21/otc/t21sc03_94_11_0.html,2026-10-06T02:52:27.714493+00:00,72b1d02d06c552a94bedf37d2a430886811d228746066eb275be1457b4d565f2,161
data/raw/mops_monthly/t21sc03_94_12_0.html,https://mopsov.twse.com.tw/nas/t21/otc/t21sc03_94_12_0.html,2026-10-06T02:52:27.714493+00:00,ef9ea4793df533585f0ff79e692806b033364780d737b9f1acce9c25a0cc7e54,161
data/raw/mops_monthly/t21sc03_94_1_0.html,https://mopsov.twse.com.tw/nas/t21/otc/t21sc03_94_1_0.html,2026-10-06T02:52:27.714493+00:00,9631a7fb57dfde2ccde482b185b55228b3c72d040290946664aef19b00f17ca3,160
data/raw/mops_monthly/t21sc03_94_2_0.html,https://mopsov.twse.com.tw/nas/t21/otc/t21sc03_94_2_0.html,2026-10-06T02:52:27.714493+00:00,e07f73fe84e648d0fc3aa672a5ab1a106ff6ec4ed476adda7b2b5dad622d4466,160
data/raw/mops_monthly/t21sc03_94_3_0.html,https://mopsov.twse.com.tw/nas/t21/otc/t21sc03_94_3_0.html,2026-10-06T02:52:27.714493+00:00,60080d888c8dca0af35a69077d2355b18f867a231b3fa62d0f6a3ff401d2d660,160
data/raw/mops_monthly/t21sc03_94_4_0.html,https://mopsov.twse.com.tw/nas/t21/otc/t21sc03_94_4_0.html,2026-10-06T02:52:27.714493+00:00,75d4e47ad5f4fe6a548d940ec665bcba8b15f392631df0173bef3e70508e84d7,160
data/raw/mops_monthly/t21sc03_94_5_0.html,https://mopsov.twse.com.tw/nas/t21/otc/t21sc03_94_5_0.html,2026-10-06T02:52:27.714493+00:00,26f84c3da304ac31133eb94ef039bdf146ba27b8e45deffbb4ff6f95b62f7fa8,160
data/raw/mops_monthly/t21sc03_94_6_0.html,https://mopsov.twse.com.tw/nas/t21/otc/t21sc03_94_6_0.html,2026-10-06T02:52:27.714493+00:00,e7b4f7f0db782d655c285db5be7a56f41bb74eb29f18c57b42c1d3d3a6384555,160
data/raw/mops_monthly/t21sc03_94_7_0.html,https://mopsov.twse.com.tw/nas/t21/otc/t21sc03_94_7_0.html,2026-10-06T02:52:27.714493+00:00,d2a5446fcd3a730113d4ce81d25dbfb2a7adbe5e54fa06e510c1203faeeca08b,160
data/raw/mops_monthly/t21sc03_94_8_0.html,https://mopsov.twse.com.tw/nas/t21/otc/t21sc03_94_8_0.html,2026-10-06T02:52:27.714493+00:00,74182fa5e653753b8893931c137b9375eba56f014a2426c83f16e6e80bbd36d7,160
data/raw/mops_monthly/t21sc03_94_9_0.html,https://mopsov.twse.com.tw/nas/t21/otc/t21sc03_94_9_0.html,2026-10-06T02:52:27.714493+00:00,f0d28dae2f111f517bc9aa06a500019cfae5de8f6f0a09de8c39f753a9ca5ff9,160
data/raw/mops_monthly/t21sc03_95_10_0.html,https://mopsov.twse.com.tw/nas/t21/otc/t21sc03_95_10_0.html,2026-10-06T02:52:27.714493+00:00,edd591173469e7c507b641266f309fb2ae9200db09b78a72c0e322773eaa7cb9,161
data/raw/mops_monthly/t21sc03_95_11_0.html,https://mopsov.twse.com.tw/nas/t21/otc/t21sc03_95_11_0.html,2026-10-06T02:52:27.714493+00:00,b333b64e7f99b462bbb8c8f4ab9314cd6e2414a5ce55e933ca4ddcdce3fdd134,161
data/raw/mops_monthly/t21sc03_95_12_0.html,https://mopsov.twse.com.tw/nas/t21/otc/t21sc03_95_12_0.html,2026-10-06T02:52:27.714493+00:00,4ee65fc3d7e966a465002cd703e305c6b6cf0483a6cbcfecc62bf51960556533,161
data/raw/mops_monthly/t21sc03_95_1_0.html,https://mopsov.twse.com.tw/nas/t21/otc/t21sc03_95_1_0.html,2026-10-06T02:52:27.714493+00:00,4a5ff1b08121f21585848b463a296dcfb8676d085f79dedbd35aee4197414d63,160
data/raw/mops_monthly/t21sc03_95_2_0.html,https://mopsov.twse.com.tw/nas/t21/otc/t21sc03_95_2_0.html,2026-10-06T02:52:27.714493+00:00,c796caf94749e480c217ecaae3be621797fdd8969ab72b5e6871fc2a1f1c8118,160
data/raw/mops_monthly/t21sc03_95_3_0.html,https://mopsov.twse.com.tw/nas/t21/otc/t21sc03_95_3_0.html,2026-10-06T02:52:27.714493+00:00,f3d715a9d595637aa2d80a84465fdd548c810e6e7b2459e3142d0bfcf7991fa0,160
data/raw/mops_monthly/t21sc03_95_4_0.html,https://mopsov.twse.com.tw/nas/t21/otc/t21sc03_95_4_0.html,2026-10-06T02:52:27.714493+00:00,8fb44939bcde5d365bb362d7100bf9b70635380212bf7c4ae2a90334169af6e8,160
data/raw/mops_monthly/t21sc03_95_5_0.html,https://mopsov.twse.com.tw/nas/t21/otc/t21sc03_95_5_0.html,2026-10-06T02:52:27.714493+00:00,93672e41d40d32fd538ddd52fb6b62cac29201d61f9ac6a960ec4032d65ff45c,160
data/raw/mops_monthly/t21sc03_95_6_0.html,https://mopsov.twse.com.tw/nas/t21/otc/t21sc03_95_6_0.html,2026-10-06T02:52:27.714493+00:00,6a9a11b826763077052b806dc8cb75df80da1d5f356737095a01cc69f2a9a274,160
data/raw/mops_monthly/t21sc03_95_7_0.html,https://mopsov.twse.com.tw/nas/t21/otc/t21sc03_95_7_0.html,2026-10-06T02:52:27.714493+00:00,292761453b0d81d1cab21b5f0405a0c3cb11094f3f30bc113c032eda85e7aebc,160
data/raw/mops_monthly/t21sc03_95_8_0.html,https://mopsov.twse.com.tw/nas/t21/otc/t21sc03_95_8_0.html,2026-10-06T02:52:27.714493+00:00,268a54b0b86d2ea7b4d2817a40a2dc60f423b8329de7ca34eebc847adeb47bbb,160
data/raw/mops_monthly/t21sc03_95_9_0.html,https://mopsov.twse.com.tw/nas/t21/otc/t21sc03_95_9_0.html,2026-10-06T02:52:27.714493+00:00,11a65fd9c6e612a52ddc6f4d525244828ce6b18b4bf5261e89896986dfffe64c,160
data/raw/mops_monthly/t21sc03_96_10_0.html,https://mopsov.twse.com.tw/nas/t21/otc/t21sc03_96_10_0.html,2026-10-06T02:52:27.714493+00:00,a8a2356a883216eee4003691bf32e564c902eb12b2edb2016cc4a03c683f6c5c,161
data/raw/mops_monthly/t21sc03_96_11_0.html,https://mopsov.twse.com.tw/nas/t21/otc/t21sc03_96_11_0.html,2026-10-06T02:52:27.714493+00:00,d2a792f1b74e5e62f9cd956ed2b67237389d302c8351f395d28960d1eb9a7bd6,161
data/raw/mops_monthly/t21sc03_96_12_0.html,https://mopsov.twse.com.tw/nas/t21/otc/t21sc03_96_12_0.html,2026-10-06T02:52:27.714493+00:00,7ba7e3df62229a3401182bfe92d318728c3619cda84788a4a0fd3248ff98189f,161
data/raw/mops_monthly/t21sc03_96_1_0.html,https://mopsov.twse.com.tw/nas/t21/otc/t21sc03_96_1_0.html,2026-10-06T02:52:27.714493+00:00,f4f66bcaf7ffe46f2bba07a29fe792e9c687442c24e1b98d0cc41a8bccf71580,160
data/raw/mops_monthly/t21sc03_96_2_0.html,https://mopsov.twse.com.tw/nas/t21/otc/t21sc03_96_2_0.html,2026-10-06T02:52:27.714493+00:00,76de7c81deb949f4ee0cbe43e8a0be7613c11840193017cb352f68ad0a57d560,160
data/raw/mops_monthly/t21sc03_96_3_0.html,https://mopsov.twse.com.tw/nas/t21/otc/t21sc03_96_3_0.html,2026-10-06T02:52:27.714493+00:00,2a9ddaddd1e9ffb5ce1db4812c884afec5dd02cd6ca650c2d334c1530faa515a,160
data/raw/mops_monthly/t21sc03_96_4_0.html,https://mopsov.twse.com.tw/nas/t21/otc/t21sc03_96_4_0.html,2026-10-06T02:52:27.714493+00:00,a855f7434881222a992dad8190ae44ec20d9ca80aed46116b4b0257167cea09f,160
data/raw/mops_monthly/t21sc03_96_5_0.html,https://mopsov.twse.com.tw/nas/t21/otc/t21sc03_96_5_0.html,2026-10-06T02:52:27.714493+00:00,43b02dd3699ea0e97c6f6baaed3ea564e8737ab2af93a69c0d8c80acef8eb743,160
data/raw/mops_monthly/t21sc03_96_6_0.html,https://mopsov.twse.com.tw/nas/t21/otc/t21sc03_96_6_0.html,2026-10-06T02:52:27.714493+00:00,821ed85d978f19dcc94d5897e7dcc844b2416d179d04faff4ec96de8c7c9670a,160
data/raw/mops_monthly/t21sc03_96_7_0.html,https://mopsov.twse.com.tw/nas/t21/otc/t21sc03_96_7_0.html,2026-10-06T02:52:27.714493+00:00,a46e4df1870da780c29e554493e3ec0fd57c1f7adae81e46a99f839edb7e517e,160
data/raw/mops_monthly/t21sc03_96_8_0.html,https://mopsov.twse.com.tw/nas/t21/otc/t21sc03_96_8_0.html,2026-10-06T02:52:27.714493+00:00,3f85ec97afc16a8e9a8de531c8ae80ed4880676d6a1bd950c4f8879d0e17669f,160
data/raw/mops_monthly/t21sc03_96_9_0.html,https://mopsov.twse.com.tw/nas/t21/otc/t21sc03_96_9_0.html,2026-10-06T02:52:27.714493+00:00,1b4c813be912131a9488501753440c3a4e2c6926cd550aedf9fe5905a53634f3,160
data/raw/mops_monthly/t21sc03_97_10_0.html,https://mopsov.twse.com.tw/nas/t21/otc/t21sc03_97_10_0.html,2026-10-06T02:52:27.714493+00:00,e1f0513776d1952d02e686e9e2584a2b842d4c301a2250a293acbb926804e59a,161
data/raw/mops_monthly/t21sc03_97_11_0.html,https://mopsov.twse.com.tw/nas/t21/otc/t21sc03_97_11_0.html,2026-10-06T02:52:27.714493+00:00,586bb7510f84a00c4979c25bf4d728ad6ab8d6a7a2b9d39ae9a906a08c215bfc,161
data/raw/mops_monthly/t21sc03_97_12_0.html,https://mopsov.twse.com.tw/nas/t21/otc/t21sc03_97_12_0.html,2026-10-06T02:52:27.714493+00:00,136893df0cf8e4a07d6ad9e80465b01a064516274149d3c8f5daf48fc50945d0,161
data/raw/mops_monthly/t21sc03_97_1_0.html,https://mopsov.twse.com.tw/nas/t21/otc/t21sc03_97_1_0.html,2026-10-06T02:52:27.714493+00:00,319ef89b4d0ad1197054bd917f9c285018bfef52d0e82139584729ee31b629fe,160
data/raw/mops_monthly/t21sc03_97_2_0.html,https://mopsov.twse.com.tw/nas/t21/otc/t21sc03_97_2_0.html,2026-10-06T02:52:27.714493+00:00,b40b2ff781ac8135393ac980ed1d1c86847916b41bd9dbd9edc0a1c9666a9e79,160
data/raw/mops_monthly/t21sc03_97_3_0.html,https://mopsov.twse.com.tw/nas/t21/otc/t21sc03_97_3_0.html,2026-10-06T02:52:27.714493+00:00,768d953e5ea845c82f7b61665ba1bb3bbb2fcc84eacf843227bbe93e52ef2847,160
data/raw/mops_monthly/t21sc03_97_4_0.html,https://mopsov.twse.com.tw/nas/t21/otc/t21sc03_97_4_0.html,2026-10-06T02:52:27.714493+00:00,865533390c93df1172e753a0ff6d85db47266437989e329c309052aaf66dad79,160
data/raw/mops_monthly/t21sc03_97_5_0.html,https://mopsov.twse.com.tw/nas/t21/otc/t21sc03_97_5_0.html,2026-10-06T02:52:27.714493+00:00,a4a7a4d41bd78358cc4f97699686fb884dc9228c761685398f913009771e4363,160
data/raw/mops_monthly/t21sc03_97_6_0.html,https://mopsov.twse.com.tw/nas/t21/otc/t21sc03_97_6_0.html,2026-10-06T02:52:27.714493+00:00,65e27f274424ba18b736d92c1799616cad3b23096af45ce92529f427017186e2,160
data/raw/mops_monthly/t21sc03_97_7_0.html,https://mopsov.twse.com.tw/nas/t21/otc/t21sc03_97_7_0.html,2026-10-06T02:52:27.714493+00:00,eebce874164bbedd49e1db6efbb82155656cf9372a59ca7e79756caf2fc657d8,160
data/raw/mops_monthly/t21sc03_97_8_0.html,https://mopsov.twse.com.tw/nas/t21/otc/t21sc03_97_8_0.html,2026-10-06T02:52:27.714493+00:00,38975b91f10c57966e6975508cd40e3d2630649c6965980749b5f4b8256245c4,160
data/raw/mops_monthly/t21sc03_97_9_0.html,https://mopsov.twse.com.tw/nas/t21/otc/t21sc03_97_9_0.html,2026-10-06T02:52:27.714493+00:00,0edb49001ef1cffb64c3e619d4a072d9610ff49a87bf3a0439295a6ebb57e684,160
data/raw/mops_monthly/t21sc03_98_10_0.html,https://mopsov.twse.com.tw/nas/t21/otc/t21sc03_98_10_0.html,2026-10-06T02:52:27.714493+00:00,9867bdd4d7d3dd4e0ec5636fabfd1c6ae0e2564bf0df14b201899709fac65f9f,161
data/raw/mops_monthly/t21sc03_98_11_0.html,https://mopsov.twse.com.tw/nas/t21/otc/t21sc03_98_11_0.html,2026-10-06T02:52:27.714493+00:00,eb440c1d17bb54f5bfb858b80090b967dbc7b52c07f81adcef20af6e04d831cd,161
data/raw/mops_monthly/t21sc03_98_12_0.html,https://mopsov.twse.com.tw/nas/t21/otc/t21sc03_98_12_0.html,2026-10-06T02:52:27.714493+00:00,aabbc74627bbf2d00fa8e2241592c363f75368d20b2a72c1f69d5ac757a710e0,161
data/raw/mops_monthly/t21sc03_98_1_0.html,https://mopsov.twse.com.tw/nas/t21/otc/t21sc03_98_1_0.html,2026-10-06T02:52:27.714493+00:00,da06ef39eadef24113aed97675272a8e957628e1037badb9ef50cdc10d6ab19a,160
data/raw/mops_monthly/t21sc03_98_2_0.html,https://mopsov.twse.com.tw/nas/t21/otc/t21sc03_98_2_0.html,2026-10-06T02:52:27.714493+00:00,914a0d6476ca564ec134f76026fae7b7c291ed8fd6bc9e8f6892f2ff1adf4ea0,160
data/raw/mops_monthly/t21sc03_98_3_0.html,https://mopsov.twse.com.tw/nas/t21/otc/t21sc03_98_3_0.html,2026-10-06T02:52:27.714493+00:00,aab25c9bd4b7aaa47ab4ca097a0aaa8daf3e312d0b2d4e3c47e153de1e5cebae,160
data/raw/mops_monthly/t21sc03_98_4_0.html,https://mopsov.twse.com.tw/nas/t21/otc/t21sc03_98_4_0.html,2026-10-06T02:52:27.714493+00:00,9f70e727ad06c114c258ecfa8af64560d9908bf503961f8b50af53ede68d3a07,160
data/raw/mops_monthly/t21sc03_98_5_0.html,https://mopsov.twse.com.tw/nas/t21/otc/t21sc03_98_5_0.html,2026-10-06T02:52:27.714493+00:00,31418933012504ac939485b381de0ce8ce41f69e425b4c860d44d68cfe995a4e,160
data/raw/mops_monthly/t21sc03_98_6_0.html,https://mopsov.twse.com.tw/nas/t21/otc/t21sc03_98_6_0.html,2026-10-06T02:52:27.714493+00:00,576085058eae0c057a71a09c69fb95c2b95fcf4053489f04a14c0acbb6227b30,160
data/raw/mops_monthly/t21sc03_98_7_0.html,https://mopsov.twse.com.tw/nas/t21/otc/t21sc03_98_7_0.html,2026-10-06T02:52:27.714493+00:00,501d67e1bb35a2402afee6ceab4bdd3538ab3cafe7ed6755f6eb31e44e15d52b,160
data/raw/mops_monthly/t21sc03_98_8_0.html,https://mopsov.twse.com.tw/nas/t21/otc/t21sc03_98_8_0.html,2026-10-06T02:52:27.714493+00:00,ee24b83d07c04d2bd3e9b26858db2fb3432c28f41e3ee299e2898e3a0d2500f6,160
data/raw/mops_monthly/t21sc03_98_9_0.html,https://mopsov.twse.com.tw/nas/t21/otc/t21sc03_98_9_0.html,2026-10-06T02:52:27.714493+00:00,a35b26bd1566724624b14df7e12f3897690a7447a9a437d71da129fbeed3a243,160
data/raw/mops_monthly/t21sc03_99_10_0.html,https://mopsov.twse.com.tw/nas/t21/otc/t21sc03_99_10_0.html,2026-10-06T02:52:27.714493+00:00,35897fe837434cdd5107c111710f5e2f1658750e0fc854ba6a9f469ef9188c14,435444
data/raw/mops_monthly/t21sc03_99_11_0.html,https://mopsov.twse.com.tw/nas/t21/otc/t21sc03_99_11_0.html,2026-10-06T02:52:27.714493+00:00,2f92bc37df73d8f2cec23e7c00fb9575d3839c23d3f45fdc6ee5ff617a9f70f5,435490
data/raw/mops_monthly/t21sc03_99_12_0.html,https://mopsov.twse.com.tw/nas/t21/otc/t21sc03_99_12_0.html,2026-10-06T02:52:27.714493+00:00,7fa0ab9eb024e7ba98796b91e2ab565983c7d5a6480f697c5cedf5079f6a3ec4,436018
data/raw/mops_monthly/t21sc03_99_1_0.html,https://mopsov.twse.com.tw/nas/t21/otc/t21sc03_99_1_0.html,2026-10-06T02:52:27.714493+00:00,04a82016316adc81ad70431f53227a870e269d1e4c529c78579a523fecae5692,425283
data/raw/mops_monthly/t21sc03_99_2_0.html,https://mopsov.twse.com.tw/nas/t21/otc/t21sc03_99_2_0.html,2026-10-06T02:52:27.714493+00:00,b4600abaf3af278c9b0f858487f62ccad62d037b3596174bfeac115d9860e86f,425421
data/raw/mops_monthly/t21sc03_99_3_0.html,https://mopsov.twse.com.tw/nas/t21/otc/t21sc03_99_3_0.html,2026-10-06T02:52:27.714493+00:00,5ef24991cafe8703ec8708b0acd7fde2b56b5c44c0d8386fe750c3c34d5af7f7,426255
data/raw/mops_monthly/t21sc03_99_4_0.html,https://mopsov.twse.com.tw/nas/t21/otc/t21sc03_99_4_0.html,2026-10-06T02:52:27.714493+00:00,faf49b5b1f368a54ae482b9f9aad2f91ea7908109b61d4fd2439823150568aaa,427097
data/raw/mops_monthly/t21sc03_99_5_0.html,https://mopsov.twse.com.tw/nas/t21/otc/t21sc03_99_5_0.html,2026-10-06T02:52:27.714493+00:00,5f5672cc03d92fd8ae502cfe40b86e81e24665ccd069caf1a3ce85bf8c601cb1,428533
data/raw/mops_monthly/t21sc03_99_6_0.html,https://mopsov.twse.com.tw/nas/t21/otc/t21sc03_99_6_0.html,2026-10-06T02:52:27.714493+00:00,9d1522eaefb3193533eeed031cbdc307160035002510a0c1d88d8d656e8dbf2f,429316
data/raw/mops_monthly/t21sc03_99_7_0.html,https://mopsov.twse.com.tw/nas/t21/otc/t21sc03_99_7_0.html,2026-10-06T02:52:27.714493+00:00,b091be1d290a0f7957e43ad82ba18cfc0b833a49892f932e38bdfa92fb8fb81a,430076
data/raw/mops_monthly/t21sc03_99_8_0.html,https://mopsov.twse.com.tw/nas/t21/otc/t21sc03_99_8_0.html,2026-10-06T02:52:27.714493+00:00,6b01ff5695aae636dce015fc469f728b6f21a879c8a8d4709785839d7d3961a4,431859
data/raw/mops_monthly/t21sc03_99_9_0.html,https://mopsov.twse.com.tw/nas/t21/otc/t21sc03_99_9_0.html,2026-10-06T02:52:27.714493+00:00,4ace58319553629a7d4416f4ef29860b369c08237b9c43214cb2b609902b1d28,434591
data/raw/mops_monthly_revenue_entry.html,https://mops.twse.com.tw/mops/web/t120sb02_q10,2026-10-06T02:52:27.714493+00:00,5ee3400dce6d750f8e0e6cabc9ea457e1db0bfc7a76d5cff45d4a8dbb9f6dd29,800
data/raw/README.md,,2026-10-06T02:52:27.714493+00:00,c4ce6de9aaf985a8f5c27275afef6c4ada67a5188a2561a23fabfc58fab1eab9,805
data/raw/stockgo_6274_revenue.html,https://stockgo.tw/stock/6274/revenue/,2026-10-06T02:52:27.714493+00:00,a87c9a7ceffb737567bdfec4352275e82eab1728603e4d328c404282971be111,109174
data/raw/tuc_investor_relations.html,https://www.tuc.com.tw/zh-tw/corporate/id/133,2026-10-06T02:52:27.714493+00:00,ba19e566bef8cba1399571a2b80337ffbb851214b6f85f096aa2f937c3622d3c,36856
